Workbook

Sheet Summary
A1: The Council — AIMS Statement of Applicability
A2: Controlled design position for ISO/IEC 42001:2023 Annex A · AIG-AIMS-02 · v1.2 draft
A4: Status statement: the 38 controls are mapped to the current suite, but no control is represented as approved, implemented, evidenced or effective until the Council has operated and verified it.
A6: Document control | B6: Controlled value | D6: Current readiness summary
A7: Document ID | B7: AIG-AIMS-02 | D7: Measure | E7: Result
A8: Version | B8: 1.2 draft | D8: Total Annex A controls | E8: =COUNTA('SoA Register'!$A$7:$A$44)
A9: Status | B9: Draft for Council review | D9: Applicable | E9: =COUNTIF('SoA Register'!$D$7:$D$44,"Applicable")
A10: Document owner | B10: AI Governance Lead | D10: To be determined | E10: =COUNTIF('SoA Register'!$D$7:$D$44,"To be determined")
A11: Approving authority | B11: To be confirmed under Council delegations | D11: Design mapped (applicable) | E11: =COUNTIFS('SoA Register'!$F$7:$F$44,"Designed - partial",'SoA Register'!$D$7:$D$44,"Applicable")+COUNTIFS('SoA Register'!$F$7:$F$44,"Designed - draft",'SoA Register'!$D$7:$D$44,"Applicable")+COUNTIFS('SoA Register'!$F$7:$F$44,"Approved",'SoA Register'!$D$7:$D$44,"Applicable")+COUNTIFS('SoA Register'!$F$7:$F$44,"Implemented",'SoA Register'!$D$7:$D$44,"Applicable")+COUNTIFS('SoA Register'!$F$7:$F$44,"Evidenced",'SoA Register'!$D$7:$D$44,"Applicable")+COUNTIFS('SoA Register'!$F$7:$F$44,"Effective",'SoA Register'!$D$7:$D$44,"Applicable")
A12: Effective date | B12: Pending formal approval | D12: Implemented or beyond (applicable) | E12: =COUNTIFS('SoA Register'!$F$7:$F$44,"Implemented",'SoA Register'!$D$7:$D$44,"Applicable")+COUNTIFS('SoA Register'!$F$7:$F$44,"Evidenced",'SoA Register'!$D$7:$D$44,"Applicable")+COUNTIFS('SoA Register'!$F$7:$F$44,"Effective",'SoA Register'!$D$7:$D$44,"Applicable")
A13: Review frequency | B13: At least annually and on material change | D13: Evidence-ready (applicable) | E13: =COUNTIFS('SoA Register'!$F$7:$F$44,"Evidenced",'SoA Register'!$D$7:$D$44,"Applicable")+COUNTIFS('SoA Register'!$F$7:$F$44,"Effective",'SoA Register'!$D$7:$D$44,"Applicable")
A14: Classification | B14: OFFICIAL | D14: Decision QA complete | E14: =COUNTIF('SoA Register'!$N$7:$N$44,"Complete")
D15: Operational implementation | E15: =IF(E9=0,0,E12/E9)
A17: Annex A domain position
A18: Domain | B18: Controls | C18: Applicable | D18: Design mapped | E18: Implemented+ | F18: Evidence-ready
A19: A.2 Policies related to AI | B19: =COUNTIF('SoA Register'!$B$7:$B$44,A19) | C19: =COUNTIFS('SoA Register'!$B$7:$B$44,A19,'SoA Register'!$D$7:$D$44,"Applicable") | D19: =COUNTIFS('SoA Register'!$B$7:$B$44,A19,'SoA Register'!$F$7:$F$44,"Designed - partial",'SoA Register'!$D$7:$D$44,"Applicable")+COUNTIFS('SoA Register'!$B$7:$B$44,A19,'SoA Register'!$F$7:$F$44,"Designed - draft",'SoA Register'!$D$7:$D$44,"Applicable")+COUNTIFS('SoA Register'!$B$7:$B$44,A19,'SoA Register'!$F$7:$F$44,"Approved",'SoA Register'!$D$7:$D$44,"Applicable")+COUNTIFS('SoA Register'!$B$7:$B$44,A19,'SoA Register'!$F$7:$F$44,"Implemented",'SoA Register'!$D$7:$D$44,"Applicable")+COUNTIFS('SoA Register'!$B$7:$B$44,A19,'SoA Register'!$F$7:$F$44,"Evidenced",'SoA Register'!$D$7:$D$44,"Applicable")+COUNTIFS('SoA Register'!$B$7:$B$44,A19,'SoA Register'!$F$7:$F$44,"Effective",'SoA Register'!$D$7:$D$44,"Applicable") | E19: =COUNTIFS('SoA Register'!$B$7:$B$44,A19,'SoA Register'!$F$7:$F$44,"Implemented",'SoA Register'!$D$7:$D$44,"Applicable")+COUNTIFS('SoA Register'!$B$7:$B$44,A19,'SoA Register'!$F$7:$F$44,"Evidenced",'SoA Register'!$D$7:$D$44,"Applicable")+COUNTIFS('SoA Register'!$B$7:$B$44,A19,'SoA Register'!$F$7:$F$44,"Effective",'SoA Register'!$D$7:$D$44,"Applicable") | F19: =COUNTIFS('SoA Register'!$B$7:$B$44,A19,'SoA Register'!$F$7:$F$44,"Evidenced",'SoA Register'!$D$7:$D$44,"Applicable")+COUNTIFS('SoA Register'!$B$7:$B$44,A19,'SoA Register'!$F$7:$F$44,"Effective",'SoA Register'!$D$7:$D$44,"Applicable")
A20: A.3 Internal organisation | B20: =COUNTIF('SoA Register'!$B$7:$B$44,A20) | C20: =COUNTIFS('SoA Register'!$B$7:$B$44,A20,'SoA Register'!$D$7:$D$44,"Applicable") | D20: =COUNTIFS('SoA Register'!$B$7:$B$44,A20,'SoA Register'!$F$7:$F$44,"Designed - partial",'SoA Register'!$D$7:$D$44,"Applicable")+COUNTIFS('SoA Register'!$B$7:$B$44,A20,'SoA Register'!$F$7:$F$44,"Designed - draft",'SoA Register'!$D$7:$D$44,"Applicable")+COUNTIFS('SoA Register'!$B$7:$B$44,A20,'SoA Register'!$F$7:$F$44,"Approved",'SoA Register'!$D$7:$D$44,"Applicable")+COUNTIFS('SoA Register'!$B$7:$B$44,A20,'SoA Register'!$F$7:$F$44,"Implemented",'SoA Register'!$D$7:$D$44,"Applicable")+COUNTIFS('SoA Register'!$B$7:$B$44,A20,'SoA Register'!$F$7:$F$44,"Evidenced",'SoA Register'!$D$7:$D$44,"Applicable")+COUNTIFS('SoA Register'!$B$7:$B$44,A20,'SoA Register'!$F$7:$F$44,"Effective",'SoA Register'!$D$7:$D$44,"Applicable") | E20: =COUNTIFS('SoA Register'!$B$7:$B$44,A20,'SoA Register'!$F$7:$F$44,"Implemented",'SoA Register'!$D$7:$D$44,"Applicable")+COUNTIFS('SoA Register'!$B$7:$B$44,A20,'SoA Register'!$F$7:$F$44,"Evidenced",'SoA Register'!$D$7:$D$44,"Applicable")+COUNTIFS('SoA Register'!$B$7:$B$44,A20,'SoA Register'!$F$7:$F$44,"Effective",'SoA Register'!$D$7:$D$44,"Applicable") | F20: =COUNTIFS('SoA Register'!$B$7:$B$44,A20,'SoA Register'!$F$7:$F$44,"Evidenced",'SoA Register'!$D$7:$D$44,"Applicable")+COUNTIFS('SoA Register'!$B$7:$B$44,A20,'SoA Register'!$F$7:$F$44,"Effective",'SoA Register'!$D$7:$D$44,"Applicable")
A21: A.4 Resources for AI systems | B21: =COUNTIF('SoA Register'!$B$7:$B$44,A21) | C21: =COUNTIFS('SoA Register'!$B$7:$B$44,A21,'SoA Register'!$D$7:$D$44,"Applicable") | D21: =COUNTIFS('SoA Register'!$B$7:$B$44,A21,'SoA Register'!$F$7:$F$44,"Designed - partial",'SoA Register'!$D$7:$D$44,"Applicable")+COUNTIFS('SoA Register'!$B$7:$B$44,A21,'SoA Register'!$F$7:$F$44,"Designed - draft",'SoA Register'!$D$7:$D$44,"Applicable")+COUNTIFS('SoA Register'!$B$7:$B$44,A21,'SoA Register'!$F$7:$F$44,"Approved",'SoA Register'!$D$7:$D$44,"Applicable")+COUNTIFS('SoA Register'!$B$7:$B$44,A21,'SoA Register'!$F$7:$F$44,"Implemented",'SoA Register'!$D$7:$D$44,"Applicable")+COUNTIFS('SoA Register'!$B$7:$B$44,A21,'SoA Register'!$F$7:$F$44,"Evidenced",'SoA Register'!$D$7:$D$44,"Applicable")+COUNTIFS('SoA Register'!$B$7:$B$44,A21,'SoA Register'!$F$7:$F$44,"Effective",'SoA Register'!$D$7:$D$44,"Applicable") | E21: =COUNTIFS('SoA Register'!$B$7:$B$44,A21,'SoA Register'!$F$7:$F$44,"Implemented",'SoA Register'!$D$7:$D$44,"Applicable")+COUNTIFS('SoA Register'!$B$7:$B$44,A21,'SoA Register'!$F$7:$F$44,"Evidenced",'SoA Register'!$D$7:$D$44,"Applicable")+COUNTIFS('SoA Register'!$B$7:$B$44,A21,'SoA Register'!$F$7:$F$44,"Effective",'SoA Register'!$D$7:$D$44,"Applicable") | F21: =COUNTIFS('SoA Register'!$B$7:$B$44,A21,'SoA Register'!$F$7:$F$44,"Evidenced",'SoA Register'!$D$7:$D$44,"Applicable")+COUNTIFS('SoA Register'!$B$7:$B$44,A21,'SoA Register'!$F$7:$F$44,"Effective",'SoA Register'!$D$7:$D$44,"Applicable")
A22: A.5 Assessing impacts of AI systems | B22: =COUNTIF('SoA Register'!$B$7:$B$44,A22) | C22: =COUNTIFS('SoA Register'!$B$7:$B$44,A22,'SoA Register'!$D$7:$D$44,"Applicable") | D22: =COUNTIFS('SoA Register'!$B$7:$B$44,A22,'SoA Register'!$F$7:$F$44,"Designed - partial",'SoA Register'!$D$7:$D$44,"Applicable")+COUNTIFS('SoA Register'!$B$7:$B$44,A22,'SoA Register'!$F$7:$F$44,"Designed - draft",'SoA Register'!$D$7:$D$44,"Applicable")+COUNTIFS('SoA Register'!$B$7:$B$44,A22,'SoA Register'!$F$7:$F$44,"Approved",'SoA Register'!$D$7:$D$44,"Applicable")+COUNTIFS('SoA Register'!$B$7:$B$44,A22,'SoA Register'!$F$7:$F$44,"Implemented",'SoA Register'!$D$7:$D$44,"Applicable")+COUNTIFS('SoA Register'!$B$7:$B$44,A22,'SoA Register'!$F$7:$F$44,"Evidenced",'SoA Register'!$D$7:$D$44,"Applicable")+COUNTIFS('SoA Register'!$B$7:$B$44,A22,'SoA Register'!$F$7:$F$44,"Effective",'SoA Register'!$D$7:$D$44,"Applicable") | E22: =COUNTIFS('SoA Register'!$B$7:$B$44,A22,'SoA Register'!$F$7:$F$44,"Implemented",'SoA Register'!$D$7:$D$44,"Applicable")+COUNTIFS('SoA Register'!$B$7:$B$44,A22,'SoA Register'!$F$7:$F$44,"Evidenced",'SoA Register'!$D$7:$D$44,"Applicable")+COUNTIFS('SoA Register'!$B$7:$B$44,A22,'SoA Register'!$F$7:$F$44,"Effective",'SoA Register'!$D$7:$D$44,"Applicable") | F22: =COUNTIFS('SoA Register'!$B$7:$B$44,A22,'SoA Register'!$F$7:$F$44,"Evidenced",'SoA Register'!$D$7:$D$44,"Applicable")+COUNTIFS('SoA Register'!$B$7:$B$44,A22,'SoA Register'!$F$7:$F$44,"Effective",'SoA Register'!$D$7:$D$44,"Applicable")
A23: A.6 AI system life cycle | B23: =COUNTIF('SoA Register'!$B$7:$B$44,A23) | C23: =COUNTIFS('SoA Register'!$B$7:$B$44,A23,'SoA Register'!$D$7:$D$44,"Applicable") | D23: =COUNTIFS('SoA Register'!$B$7:$B$44,A23,'SoA Register'!$F$7:$F$44,"Designed - partial",'SoA Register'!$D$7:$D$44,"Applicable")+COUNTIFS('SoA Register'!$B$7:$B$44,A23,'SoA Register'!$F$7:$F$44,"Designed - draft",'SoA Register'!$D$7:$D$44,"Applicable")+COUNTIFS('SoA Register'!$B$7:$B$44,A23,'SoA Register'!$F$7:$F$44,"Approved",'SoA Register'!$D$7:$D$44,"Applicable")+COUNTIFS('SoA Register'!$B$7:$B$44,A23,'SoA Register'!$F$7:$F$44,"Implemented",'SoA Register'!$D$7:$D$44,"Applicable")+COUNTIFS('SoA Register'!$B$7:$B$44,A23,'SoA Register'!$F$7:$F$44,"Evidenced",'SoA Register'!$D$7:$D$44,"Applicable")+COUNTIFS('SoA Register'!$B$7:$B$44,A23,'SoA Register'!$F$7:$F$44,"Effective",'SoA Register'!$D$7:$D$44,"Applicable") | E23: =COUNTIFS('SoA Register'!$B$7:$B$44,A23,'SoA Register'!$F$7:$F$44,"Implemented",'SoA Register'!$D$7:$D$44,"Applicable")+COUNTIFS('SoA Register'!$B$7:$B$44,A23,'SoA Register'!$F$7:$F$44,"Evidenced",'SoA Register'!$D$7:$D$44,"Applicable")+COUNTIFS('SoA Register'!$B$7:$B$44,A23,'SoA Register'!$F$7:$F$44,"Effective",'SoA Register'!$D$7:$D$44,"Applicable") | F23: =COUNTIFS('SoA Register'!$B$7:$B$44,A23,'SoA Register'!$F$7:$F$44,"Evidenced",'SoA Register'!$D$7:$D$44,"Applicable")+COUNTIFS('SoA Register'!$B$7:$B$44,A23,'SoA Register'!$F$7:$F$44,"Effective",'SoA Register'!$D$7:$D$44,"Applicable")
A24: A.7 Data for AI systems | B24: =COUNTIF('SoA Register'!$B$7:$B$44,A24) | C24: =COUNTIFS('SoA Register'!$B$7:$B$44,A24,'SoA Register'!$D$7:$D$44,"Applicable") | D24: =COUNTIFS('SoA Register'!$B$7:$B$44,A24,'SoA Register'!$F$7:$F$44,"Designed - partial",'SoA Register'!$D$7:$D$44,"Applicable")+COUNTIFS('SoA Register'!$B$7:$B$44,A24,'SoA Register'!$F$7:$F$44,"Designed - draft",'SoA Register'!$D$7:$D$44,"Applicable")+COUNTIFS('SoA Register'!$B$7:$B$44,A24,'SoA Register'!$F$7:$F$44,"Approved",'SoA Register'!$D$7:$D$44,"Applicable")+COUNTIFS('SoA Register'!$B$7:$B$44,A24,'SoA Register'!$F$7:$F$44,"Implemented",'SoA Register'!$D$7:$D$44,"Applicable")+COUNTIFS('SoA Register'!$B$7:$B$44,A24,'SoA Register'!$F$7:$F$44,"Evidenced",'SoA Register'!$D$7:$D$44,"Applicable")+COUNTIFS('SoA Register'!$B$7:$B$44,A24,'SoA Register'!$F$7:$F$44,"Effective",'SoA Register'!$D$7:$D$44,"Applicable") | E24: =COUNTIFS('SoA Register'!$B$7:$B$44,A24,'SoA Register'!$F$7:$F$44,"Implemented",'SoA Register'!$D$7:$D$44,"Applicable")+COUNTIFS('SoA Register'!$B$7:$B$44,A24,'SoA Register'!$F$7:$F$44,"Evidenced",'SoA Register'!$D$7:$D$44,"Applicable")+COUNTIFS('SoA Register'!$B$7:$B$44,A24,'SoA Register'!$F$7:$F$44,"Effective",'SoA Register'!$D$7:$D$44,"Applicable") | F24: =COUNTIFS('SoA Register'!$B$7:$B$44,A24,'SoA Register'!$F$7:$F$44,"Evidenced",'SoA Register'!$D$7:$D$44,"Applicable")+COUNTIFS('SoA Register'!$B$7:$B$44,A24,'SoA Register'!$F$7:$F$44,"Effective",'SoA Register'!$D$7:$D$44,"Applicable")
A25: A.8 Information for interested parties | B25: =COUNTIF('SoA Register'!$B$7:$B$44,A25) | C25: =COUNTIFS('SoA Register'!$B$7:$B$44,A25,'SoA Register'!$D$7:$D$44,"Applicable") | D25: =COUNTIFS('SoA Register'!$B$7:$B$44,A25,'SoA Register'!$F$7:$F$44,"Designed - partial",'SoA Register'!$D$7:$D$44,"Applicable")+COUNTIFS('SoA Register'!$B$7:$B$44,A25,'SoA Register'!$F$7:$F$44,"Designed - draft",'SoA Register'!$D$7:$D$44,"Applicable")+COUNTIFS('SoA Register'!$B$7:$B$44,A25,'SoA Register'!$F$7:$F$44,"Approved",'SoA Register'!$D$7:$D$44,"Applicable")+COUNTIFS('SoA Register'!$B$7:$B$44,A25,'SoA Register'!$F$7:$F$44,"Implemented",'SoA Register'!$D$7:$D$44,"Applicable")+COUNTIFS('SoA Register'!$B$7:$B$44,A25,'SoA Register'!$F$7:$F$44,"Evidenced",'SoA Register'!$D$7:$D$44,"Applicable")+COUNTIFS('SoA Register'!$B$7:$B$44,A25,'SoA Register'!$F$7:$F$44,"Effective",'SoA Register'!$D$7:$D$44,"Applicable") | E25: =COUNTIFS('SoA Register'!$B$7:$B$44,A25,'SoA Register'!$F$7:$F$44,"Implemented",'SoA Register'!$D$7:$D$44,"Applicable")+COUNTIFS('SoA Register'!$B$7:$B$44,A25,'SoA Register'!$F$7:$F$44,"Evidenced",'SoA Register'!$D$7:$D$44,"Applicable")+COUNTIFS('SoA Register'!$B$7:$B$44,A25,'SoA Register'!$F$7:$F$44,"Effective",'SoA Register'!$D$7:$D$44,"Applicable") | F25: =COUNTIFS('SoA Register'!$B$7:$B$44,A25,'SoA Register'!$F$7:$F$44,"Evidenced",'SoA Register'!$D$7:$D$44,"Applicable")+COUNTIFS('SoA Register'!$B$7:$B$44,A25,'SoA Register'!$F$7:$F$44,"Effective",'SoA Register'!$D$7:$D$44,"Applicable")
A26: A.9 Use of AI systems | B26: =COUNTIF('SoA Register'!$B$7:$B$44,A26) | C26: =COUNTIFS('SoA Register'!$B$7:$B$44,A26,'SoA Register'!$D$7:$D$44,"Applicable") | D26: =COUNTIFS('SoA Register'!$B$7:$B$44,A26,'SoA Register'!$F$7:$F$44,"Designed - partial",'SoA Register'!$D$7:$D$44,"Applicable")+COUNTIFS('SoA Register'!$B$7:$B$44,A26,'SoA Register'!$F$7:$F$44,"Designed - draft",'SoA Register'!$D$7:$D$44,"Applicable")+COUNTIFS('SoA Register'!$B$7:$B$44,A26,'SoA Register'!$F$7:$F$44,"Approved",'SoA Register'!$D$7:$D$44,"Applicable")+COUNTIFS('SoA Register'!$B$7:$B$44,A26,'SoA Register'!$F$7:$F$44,"Implemented",'SoA Register'!$D$7:$D$44,"Applicable")+COUNTIFS('SoA Register'!$B$7:$B$44,A26,'SoA Register'!$F$7:$F$44,"Evidenced",'SoA Register'!$D$7:$D$44,"Applicable")+COUNTIFS('SoA Register'!$B$7:$B$44,A26,'SoA Register'!$F$7:$F$44,"Effective",'SoA Register'!$D$7:$D$44,"Applicable") | E26: =COUNTIFS('SoA Register'!$B$7:$B$44,A26,'SoA Register'!$F$7:$F$44,"Implemented",'SoA Register'!$D$7:$D$44,"Applicable")+COUNTIFS('SoA Register'!$B$7:$B$44,A26,'SoA Register'!$F$7:$F$44,"Evidenced",'SoA Register'!$D$7:$D$44,"Applicable")+COUNTIFS('SoA Register'!$B$7:$B$44,A26,'SoA Register'!$F$7:$F$44,"Effective",'SoA Register'!$D$7:$D$44,"Applicable") | F26: =COUNTIFS('SoA Register'!$B$7:$B$44,A26,'SoA Register'!$F$7:$F$44,"Evidenced",'SoA Register'!$D$7:$D$44,"Applicable")+COUNTIFS('SoA Register'!$B$7:$B$44,A26,'SoA Register'!$F$7:$F$44,"Effective",'SoA Register'!$D$7:$D$44,"Applicable")
A27: A.10 Third-party and customer relationships | B27: =COUNTIF('SoA Register'!$B$7:$B$44,A27) | C27: =COUNTIFS('SoA Register'!$B$7:$B$44,A27,'SoA Register'!$D$7:$D$44,"Applicable") | D27: =COUNTIFS('SoA Register'!$B$7:$B$44,A27,'SoA Register'!$F$7:$F$44,"Designed - partial",'SoA Register'!$D$7:$D$44,"Applicable")+COUNTIFS('SoA Register'!$B$7:$B$44,A27,'SoA Register'!$F$7:$F$44,"Designed - draft",'SoA Register'!$D$7:$D$44,"Applicable")+COUNTIFS('SoA Register'!$B$7:$B$44,A27,'SoA Register'!$F$7:$F$44,"Approved",'SoA Register'!$D$7:$D$44,"Applicable")+COUNTIFS('SoA Register'!$B$7:$B$44,A27,'SoA Register'!$F$7:$F$44,"Implemented",'SoA Register'!$D$7:$D$44,"Applicable")+COUNTIFS('SoA Register'!$B$7:$B$44,A27,'SoA Register'!$F$7:$F$44,"Evidenced",'SoA Register'!$D$7:$D$44,"Applicable")+COUNTIFS('SoA Register'!$B$7:$B$44,A27,'SoA Register'!$F$7:$F$44,"Effective",'SoA Register'!$D$7:$D$44,"Applicable") | E27: =COUNTIFS('SoA Register'!$B$7:$B$44,A27,'SoA Register'!$F$7:$F$44,"Implemented",'SoA Register'!$D$7:$D$44,"Applicable")+COUNTIFS('SoA Register'!$B$7:$B$44,A27,'SoA Register'!$F$7:$F$44,"Evidenced",'SoA Register'!$D$7:$D$44,"Applicable")+COUNTIFS('SoA Register'!$B$7:$B$44,A27,'SoA Register'!$F$7:$F$44,"Effective",'SoA Register'!$D$7:$D$44,"Applicable") | F27: =COUNTIFS('SoA Register'!$B$7:$B$44,A27,'SoA Register'!$F$7:$F$44,"Evidenced",'SoA Register'!$D$7:$D$44,"Applicable")+COUNTIFS('SoA Register'!$B$7:$B$44,A27,'SoA Register'!$F$7:$F$44,"Effective",'SoA Register'!$D$7:$D$44,"Applicable")
A29: Adoption actions
A30: 1. Validate every control decision and working title against the Council’s licensed copy of ISO/IEC 42001:2023.
A31: 2. Confirm owners, approving authority and any justified exclusions.
A32: 3. Approve the SoA together with the AIMS scope, policy, risk treatment and objectives.
A33: 4. Populate evidence locations as controls are operated; do not advance a status without evidence.
A34: 5. Review the SoA after risk assessment, material change, internal audit and management review.
A36: Version | B36: Date | C36: Change | H36: Author / owner
A37: 1.0 draft | B37: 46240 | C37: Initial ISO/IEC 42001 Annex A Statement of Applicability mapped to the AI Governance Playbook (AIG-GOV-02) and AIG-AIMS-01. | H37: AI Governance Lead
A38: 1.1 draft | B38: 28 September 2026 | C38: Make effectiveness colours match exact controlled statuses.
A39: 1.2 draft | B39: 29 September 2026 | C39: QA remediation — applied findings QA-218, QA-220, QA-238, QA-240, QA-241, QA-251, QA-253, QA-289, QA-291 (see QA change log). | H39: AI Governance Lead

Sheet SoA Register
A1: The Council — AIMS Statement of Applicability
A2: AIG-AIMS-02 · v1.2 draft · Draft for Council review · OFFICIAL · ISO/IEC 42001:2023 Annex A
A3: Purpose: record the applicability decision, justification, implementation position, owner and evidence route for all 38 Annex A controls.
A4: Current position: all decisions are proposed. The suite provides design evidence only until formally approved, operated and supported by live records.
A6: Control ID | B6: Domain | C6: Control title | D6: Applicability | E6: Applicability justification | F6: Implementation status | G6: Proposed control owner (role) | H6: Existing suite design evidence | I6: Live evidence / action still required | J6: Evidence location | K6: Target date | L6: Last reviewed | M6: Effectiveness | N6: Decision QA | O6: Exclusion approver (role / forum) | P6: Exclusion approval date | Q6: Exclusion review trigger
A7: A.2.2 | B7: A.2 Policies related to AI | C7: AI policy | D7: Applicable | E7: The proposed AIMS covers Council development, procurement and use of AI and therefore requires an approved policy framework. | F7: Designed - draft | G7: Executive Sponsor / AI Governance Lead | H7: AIG-GOV-02 §§5.2-5.3; AIG-ASS-03; AIG-AIMS-01 §§1-2. | I7: Formally approve the policy, confirm leadership commitment and retain approval, communication and review evidence. | M7: Not assessed | N7: =IF(D7="Not applicable",IF(AND(E7<>"",O7<>"",P7<>"",Q7<>""),IF(F7="Not applicable","Complete","Status conflict: excluded control shows a status"),"Exclusion justification/approval missing"),IF(AND(D7="Applicable",F7="Not applicable"),"Status conflict: applicable control marked Not applicable",IF(AND(D7="Applicable",E7<>"",F7<>"",G7<>"",H7<>"",I7<>""),"Complete","Incomplete")))
A8: A.2.3 | B8: A.2 Policies related to AI | C8: Alignment with other organisational policies | D8: Applicable | E8: AI governance must operate consistently with Council data, security, procurement, HR, equality, legal and risk policies. | F8: Designed - partial | G8: AI Governance Lead / Corporate Policy Owners | H8: AIG-GOV-02 §§5.2 and 5.4-5.11; AIG-GOV-03; AIG-AIMS-01 §§6, 8-9. | I8: Complete and approve a cross-policy alignment review, record conflicts and track amendments to affected corporate policies. | M8: Not assessed | N8: =IF(D8="Not applicable",IF(AND(E8<>"",O8<>"",P8<>"",Q8<>""),IF(F8="Not applicable","Complete","Status conflict: excluded control shows a status"),"Exclusion justification/approval missing"),IF(AND(D8="Applicable",F8="Not applicable"),"Status conflict: applicable control marked Not applicable",IF(AND(D8="Applicable",E8<>"",F8<>"",G8<>"",H8<>"",I8<>""),"Complete","Incomplete")))
A9: A.2.4 | B9: A.2 Policies related to AI | C9: Review of the AI policy | D9: Applicable | E9: The AI policy must remain suitable as Council services, technology, law, risks and interested-party needs change. | F9: Designed - partial | G9: AI Assurance Board / AI Governance Lead | H9: AIG-GOV-02 §§6 and 7.7; AIG-OPS-05; AIG-AIMS-01 §10. | I9: Approve the review cadence and triggers, conduct the first review and retain minutes, decisions, changes and effectiveness evidence. | M9: Not assessed | N9: =IF(D9="Not applicable",IF(AND(E9<>"",O9<>"",P9<>"",Q9<>""),IF(F9="Not applicable","Complete","Status conflict: excluded control shows a status"),"Exclusion justification/approval missing"),IF(AND(D9="Applicable",F9="Not applicable"),"Status conflict: applicable control marked Not applicable",IF(AND(D9="Applicable",E9<>"",F9<>"",G9<>"",H9<>"",I9<>""),"Complete","Incomplete")))
A10: A.3.2 | B10: A.3 Internal organisation | C10: AI roles and responsibilities | D10: Applicable | E10: Council-wide AI activity requires explicit accountability across governance, service, technical and specialist-control functions. | F10: Designed - draft | G10: Executive Sponsor / AI Governance Lead | H10: AIG-GOV-02 §§3.4-3.6; AIG-DEC-03; AIG-GOV-06; AIG-AIMS-01 §§4 and 11. | I10: Approve roles, memberships, delegations, deputies and RACI interfaces; retain appointment and competence evidence. | M10: Not assessed | N10: =IF(D10="Not applicable",IF(AND(E10<>"",O10<>"",P10<>"",Q10<>""),IF(F10="Not applicable","Complete","Status conflict: excluded control shows a status"),"Exclusion justification/approval missing"),IF(AND(D10="Applicable",F10="Not applicable"),"Status conflict: applicable control marked Not applicable",IF(AND(D10="Applicable",E10<>"",F10<>"",G10<>"",H10<>"",I10<>""),"Complete","Incomplete")))
A11: A.3.3 | B11: A.3 Internal organisation | C11: Reporting of concerns | D11: Applicable | E11: Staff, suppliers, residents and other affected parties need safe routes to raise concerns about Council AI activity. | F11: Designed - partial | G11: AI Governance Lead / Relevant Reporting Owner | H11: AIG-GOV-02 §§5.4 and 6.8; AIG-INV-01; AIG-OPS-03; AIG-GOV-06 §7. | I11: Define confidential and, where appropriate, anonymous concern routes; align with whistleblowing, complaints and safeguarding processes; test escalation. | M11: Not assessed | N11: =IF(D11="Not applicable",IF(AND(E11<>"",O11<>"",P11<>"",Q11<>""),IF(F11="Not applicable","Complete","Status conflict: excluded control shows a status"),"Exclusion justification/approval missing"),IF(AND(D11="Applicable",F11="Not applicable"),"Status conflict: applicable control marked Not applicable",IF(AND(D11="Applicable",E11<>"",F11<>"",G11<>"",H11<>"",I11<>""),"Complete","Incomplete")))
A12: A.4.2 | B12: A.4 Resources for AI systems | C12: Resource documentation | D12: Applicable | E12: Effective risk and lifecycle management depends on knowing the resources each in-scope AI system relies upon. | F12: Designed - partial | G12: Service Owner / AI Technical Lead | H12: AIG-INV-03; AIG-INV-04; AIG-ASS-09; AIG-OPS-01. | I12: Create and maintain a system-level resource inventory covering data, tools, compute, people, facilities, suppliers and dependencies. | M12: Not assessed | N12: =IF(D12="Not applicable",IF(AND(E12<>"",O12<>"",P12<>"",Q12<>""),IF(F12="Not applicable","Complete","Status conflict: excluded control shows a status"),"Exclusion justification/approval missing"),IF(AND(D12="Applicable",F12="Not applicable"),"Status conflict: applicable control marked Not applicable",IF(AND(D12="Applicable",E12<>"",F12<>"",G12<>"",H12<>"",I12<>""),"Complete","Incomplete")))
A13: A.4.3 | B13: A.4 Resources for AI systems | C13: Data resources | D13: Applicable | E13: In-scope systems may depend on Council, resident, staff, supplier and public datasets with material quality and rights risks. | F13: Designed - partial | G13: Data Owner / Service Owner | H13: AIG-INV-03; AIG-ASS-02; AIG-ASS-05; AIG-ASS-09; AIG-ASS-11. | I13: Populate dataset inventories with purpose, category, owner, provenance, quality, rights, retention, sensitivity, bias and change information. | M13: Not assessed | N13: =IF(D13="Not applicable",IF(AND(E13<>"",O13<>"",P13<>"",Q13<>""),IF(F13="Not applicable","Complete","Status conflict: excluded control shows a status"),"Exclusion justification/approval missing"),IF(AND(D13="Applicable",F13="Not applicable"),"Status conflict: applicable control marked Not applicable",IF(AND(D13="Applicable",E13<>"",F13<>"",G13<>"",H13<>"",I13<>""),"Complete","Incomplete")))
A14: A.4.4 | B14: A.4 Resources for AI systems | C14: Tooling resources | D14: Applicable | E14: Models, libraries, platforms, evaluation tools and integration components can affect security, reproducibility and performance. | F14: Designed - partial | G14: AI Technical Lead / Service Owner | H14: AIG-ASS-08; AIG-ASS-09; AIG-ASS-11. | I14: Record versions, owners, licensing, support, evaluation methods, dependencies, vulnerabilities and approved changes for tooling resources. | M14: Not assessed | N14: =IF(D14="Not applicable",IF(AND(E14<>"",O14<>"",P14<>"",Q14<>""),IF(F14="Not applicable","Complete","Status conflict: excluded control shows a status"),"Exclusion justification/approval missing"),IF(AND(D14="Applicable",F14="Not applicable"),"Status conflict: applicable control marked Not applicable",IF(AND(D14="Applicable",E14<>"",F14<>"",G14<>"",H14<>"",I14<>""),"Complete","Incomplete")))
A15: A.4.5 | B15: A.4 Resources for AI systems | C15: System and computing resources | D15: Applicable | E15: Hosting, compute, storage, networks and capacity constraints affect resilience, security and AI system performance. | F15: Designed - partial | G15: Technology Owner / Security Lead | H15: AIG-ASS-08; AIG-ASS-09; AIG-ASS-11; AIG-OPS-01. | I15: Maintain architecture, environment, capacity, resilience, hosting, access and material environmental-impact evidence for each system. | M15: Not assessed | N15: =IF(D15="Not applicable",IF(AND(E15<>"",O15<>"",P15<>"",Q15<>""),IF(F15="Not applicable","Complete","Status conflict: excluded control shows a status"),"Exclusion justification/approval missing"),IF(AND(D15="Applicable",F15="Not applicable"),"Status conflict: applicable control marked Not applicable",IF(AND(D15="Applicable",E15<>"",F15<>"",G15<>"",H15<>"",I15<>""),"Complete","Incomplete")))
A16: A.4.6 | B16: A.4 Resources for AI systems | C16: Human resources | D16: Applicable | E16: Council AI governance and operation depend on competent service, technical, oversight, assurance and supplier personnel. | F16: Designed - partial | G16: Service Owner / AI Governance Lead | H16: AIG-GOV-02 §§3.5 and 7; AIG-INV-03; AIG-GOV-06; AIG-OPS-01. | I16: Complete role-to-competence mapping, resource planning, training records, effectiveness checks, succession and specialist-capacity arrangements. | M16: Not assessed | N16: =IF(D16="Not applicable",IF(AND(E16<>"",O16<>"",P16<>"",Q16<>""),IF(F16="Not applicable","Complete","Status conflict: excluded control shows a status"),"Exclusion justification/approval missing"),IF(AND(D16="Applicable",F16="Not applicable"),"Status conflict: applicable control marked Not applicable",IF(AND(D16="Applicable",E16<>"",F16<>"",G16<>"",H16<>"",I16<>""),"Complete","Incomplete")))
A17: A.5.2 | B17: A.5 Assessing impacts of AI systems | C17: AI system impact assessment process | D17: Applicable | E17: Council AI may affect individuals, groups, services and wider society and requires a repeatable impact-assessment process. | F17: Designed - draft | G17: AI Governance Lead / Service Owner | H17: AIG-GOV-02 Chapter 4; AIG-ASS-01; AIG-ASS-02; AIG-ASS-04 to AIG-ASS-07. | I17: Approve assessment triggers, roles, methods, sign-off and reassessment criteria; complete assessments for live pilot systems. | M17: Not assessed | N17: =IF(D17="Not applicable",IF(AND(E17<>"",O17<>"",P17<>"",Q17<>""),IF(F17="Not applicable","Complete","Status conflict: excluded control shows a status"),"Exclusion justification/approval missing"),IF(AND(D17="Applicable",F17="Not applicable"),"Status conflict: applicable control marked Not applicable",IF(AND(D17="Applicable",E17<>"",F17<>"",G17<>"",H17<>"",I17<>""),"Complete","Incomplete")))
A18: A.5.3 | B18: A.5 Assessing impacts of AI systems | C18: Documentation of AI system impact assessments | D18: Applicable | E18: Impact decisions and mitigations must remain traceable through approval, operation, change, incident review and audit. | F18: Designed - draft | G18: Service Owner / AI Governance Lead | H18: AIG-INV-04; AIG-ASS-04 to AIG-ASS-07; AIG-DEC-03; AIG-OPS-01. | I18: Complete, approve, version and retain real impact assessments with evidence links, action closure and residual-risk acceptance. | M18: Not assessed | N18: =IF(D18="Not applicable",IF(AND(E18<>"",O18<>"",P18<>"",Q18<>""),IF(F18="Not applicable","Complete","Status conflict: excluded control shows a status"),"Exclusion justification/approval missing"),IF(AND(D18="Applicable",F18="Not applicable"),"Status conflict: applicable control marked Not applicable",IF(AND(D18="Applicable",E18<>"",F18<>"",G18<>"",H18<>"",I18<>""),"Complete","Incomplete")))
... A44: A.10.4 | B44: A.10 Third-party and customer relationships | C44: Customers | D44: Applicable | E44: For this public-sector AIMS, the concept includes recipients of Council-provided AI-enabled services and relevant partner organisations. | F44: Designed - partial | G44: Service Owner / Legal Services / Communications | H44: AIG-ASS-08; AIG-ASS-10; AIG-OPS-05; AIG-AIMS-01 §§4 and 7. | I44: Confirm the Council-specific interpretation, identify applicable recipient obligations and evidence how they affect provision and use decisions. | M44: Not assessed | N44: =IF(D44="Not applicable",IF(AND(E44<>"",O44<>"",P44<>"",Q44<>""),IF(F44="Not applicable","Complete","Status conflict: excluded control shows a status"),"Exclusion justification/approval missing"),IF(AND(D44="Applicable",F44="Not applicable"),"Status conflict: applicable control marked Not applicable",IF(AND(D44="Applicable",E44<>"",F44<>"",G44<>"",H44<>"",I44<>""),"Complete","Incomplete")))

Sheet Lists & Guidance
A1: AIG-AIMS-02 — Lists, Status Definitions and Use Guidance
A3: Applicability | B3: Meaning | D3: Implementation status | E3: Evidence threshold | G3: Effectiveness | H3: Meaning
A4: Applicable | B4: Control is included in the AIMS risk-treatment design. | D4: Not assessed | E4: No reliable assessment has been completed. | G4: Not assessed | H4: No effectiveness conclusion.
A5: Not applicable | B5: Control is excluded with a documented, approved and reviewable justification. | D5: Designed - partial | E5: Some design content exists, but coverage or control mechanics are incomplete. | G5: Ineffective | H5: Control does not achieve its intended outcome.
A6: To be determined | B6: Decision is awaiting scope, risk, legal, technical or governance evidence. | D6: Designed - draft | E6: The control is designed in controlled draft documentation but is not approved or operational. | G6: Partially effective | H6: Control works only in part or inconsistently.
D7: Approved | E7: An authorised body has approved the control and its owner/resources. | G7: Effective | H7: Evidence supports the intended outcome.
D8: Implemented | E8: The control is operating in the AIMS scope.
D9: Evidenced | E9: Records demonstrate implementation over a suitable period or event cycle.
D10: Effective | E10: Monitoring, audit or review demonstrates the control achieves its intended outcome.
D11: Not applicable | E11: The control is excluded through the approved applicability decision.
A14: Decision and evidence rules
A15: • Applicability is determined from the approved AIMS scope, AI risks, impact assessment and applicable requirements; it is not a generic tick-box decision.
A16: • A Not applicable decision requires a specific justification, named approver, date and review trigger (SoA Register columns E and O to Q); Decision QA flags any missing element or a status that conflicts with the applicability decision.
A17: • Existing suite references show design coverage only. They are not proof that a control is approved, implemented or effective.
A18: • Evidence locations should point to controlled records, not merely repeat a document title.
A19: • Status should advance only when the stated evidence threshold is met and can be sampled by an auditor.
A20: • Changes to scope, risk, systems, suppliers, law, incidents or audit findings may require SoA reassessment.
A22: Source and controlled-use note
A23: Standard baseline: ISO/IEC 42001:2023, Information technology — Artificial intelligence — Management system.
A24: Official standard page: https://www.iso.org/standard/42001
A25: Control identifiers and titles are provided as a working implementation reference. Before formal adoption or certification use, the Council shall validate them and all decisions against its licensed copy of the standard.
A26: Council design sources: AI Governance Playbook (AIG-GOV-02, current controlled version per AIG-GOV-03) and the controlled AIG-* artefacts listed in the Artefact Index (AIG-GOV-03).

Sheet INTEGRATION INV-04 DEC-04
A1: AIG-AIMS-02 — PROPOSED AIG-INV-04/AIG-DEC-04 INTEGRATION NOTES
A2: NOT APPROVED — additive integration annex only; existing workbook content and formulas are retained unchanged. AIG-INV-04 (AI Register) and AIG-DEC-04 (Gate Log) are themselves proposed designs: until the Council approves their adoption and migration, the Council’s existing records remain authoritative and the AIG-INV-04/AIG-DEC-04 joins below are design references only. No live system, event, evidence, approval or Council decision is asserted.
A4: Review topic | B4: Targeted proposed integration note
A5: Status / boundary | B5: This sheet is an additive proposed crosswalk only. Keep every existing SoA control ID, applicability choice, justification, status, owner and evidence/action cell unchanged; this annex does not approve or operate an Annex A control.
A6: System-level relationship | B6: Treat the SoA as an AIMS-level control-treatment decision, not a second system register. Where a control applies to an individual system, use its permanent AIR-ID as the join to proposed AIG-INV-04 AI Register and its Assessment summary; do not copy system facts or control evidence into the SoA.
A7: AIG-INV-04 current-state join | B7: Use AIG-INV-04 AI Register for the proposed system identity, Service Owner, purpose/boundary, lifecycle stage, approval and operational state. Assessment summary carries current assessment summary and pointers to assessment evidence. Keep the existing AIG-AIMS-02 control owner and licensed-standard validation responsibility distinct from the system Service Owner.
A8: AIG-DEC-04 plan / event / condition join | B8: For a system-specific gate, use the AIG-DEC-04 Gate plan for planned forum/requirement (Plan ID + AIR-ID), Gate events for dated events (Event ID + AIR-ID), and Conditions for each condition (Condition ID parented to Event ID). Link to the substantive decision in AIG-DEC-03/native minutes and to evidence metadata in the AIG-INV-04 Evidence index; do not treat a plan, event identifier, generic reference, or SoA design mapping as control implementation evidence.
A9: Treatment / evidence linkage | B9: Where an Annex A control is selected for treatment, retain its control ID, reason, responsible role, applicable requirement, system AIR-ID where relevant, and versioned Evidence ID/location in the authoritative control/evidence record. A source artefact citation identifies a candidate design route only; verification must establish that the named, current control is implemented for that AIR-ID.
A10: Exceptions / change | B10: If system facts, risk, purpose, supplier, data, autonomy, control coverage or applicable requirement change, retain the AIG-INV-04 Register change log entry and reassess. A governance decision or changed/waived condition belongs to its real AIG-DEC-04 event and authorised AIG-DEC-03/native record; never overwrite history or infer waiver authority from a status field.
A11: Open adoption checks | B11: Council reviewers must validate all 38 control titles and mappings against the licensed ISO/IEC 42001:2023, confirm the scope and accountable authority, approve applicability/justifications and control owners, define evidence locations, and agree the authorised AIG-INV-04/AIG-DEC-04 migration and crosswalk rules before making implementation or conformity claims.

Sheet STANDARDS SCOPE QA
A1: PROPOSED QA INDEX — NOT APPROVED. A source reference does not establish applicability or compliance. See AIG-AIMS-05 and AIG-AIMS-13; owners must validate the current source, case-specific scope, control evidence and adopted status.
A2: Requirement ID | B2: Instrument / edition | C2: Conditional scope / relevance | D2: Source URL | E2: Owner validation status
A3: REQ-040 | B3: ISO/IEC 42001:2023 Artificial intelligence management system | C3: Proposed management-system design mapping; licensed clause review and adoption needed. | D3: https://www.iso.org/standard/42001 | E3: Specialist validation required
A4: REQ-041 | B4: ISO/IEC 23894:2023 AI — Guidance on risk management | C4: Voluntary risk-management guidance; proposed alignment, not statutory conformity. | D4: https://www.iso.org/standard/77304.html | E4: Specialist validation required
A5: REQ-042 | B5: ISO/IEC 42005:2025 AI system impact assessment | C5: Guidance for AI impact-assessment design; validate edition and selected use. | D5: https://www.iso.org/standard/42005 | E5: Specialist validation required
A6: REQ-043 | B6: ISO/IEC 42006:2025 requirements for bodies providing audit and certification of AIMS | C6: Certification-body standard, not an automatic Council operational requirement. | D6: https://www.iso.org/standard/42006 | E6: Specialist validation required
A7: NIST-AI-100-1 | B7: NIST AI Risk Management Framework 1.0 (NIST AI 100-1, January 2023) | C7: Voluntary alignment reference; not certification or statutory conformity | D7: https://www.nist.gov/publications/artificial-intelligence-risk-management-framework-ai-rmf-10 | E7: Voluntary alignment reference; not certification or statutory conformity

Sheet MAP & SPLIT CONTRACT
A1: AIG-AIMS-02 / PROPOSED THREE-ARTEFACT SOURCE CONTRACT
A3: Status | B3: PROPOSED INTEGRATION DESIGN ONLY. This sheet does not amend the artefact's native assessment, decision authority, data or formulas.
A4: Role of this file | B4: Control applicability: A control design mapping is not evidence of implementation. Use exact AIR-ID and evidence/decision pointers when case-specific, with AIG-INV-04 current state and separate AIG-DEC-04 decision-event sources.
A5: AIG-INV-04 source | B5: Separate AIG-INV-04 AI Register: official AIR-ID, current position, in-file Assessment summary/Evidence index. Reconcile against authoritative AIG-INV-04 before using a copied value.
A6: AIG-DEC-04 source | B6: Separate AIG-DEC-04 Gate Log: prospective Gate plan, dated Gate events, event-linked Conditions. A planned gate is not a decision. A decision requires AIG-DEC-03 or approved minutes and proper delegation.
A7: Map source | B7: Proposed standalone Capabilities and System Map (candidate catalogue ID AIG-INV-05): UC/CAP and component relationship pointers. Edge ID is not an approval or permission; AIG-AGT-04/AIG-AGT-05 remain sources of agent scope/authority.
A8: Data exchange | B8: Use controlled AIR-ID across files. Where applicable reference exact Event ID, Condition ID, Evidence ID, AG-ID and Edge ID. Record source file/version/as-at with imported or quoted evidence; no live cross-workbook formula is assumed.
A9: Change trigger | B9: New or expanded system/tool access, or a material model, data, interface, purpose or agent change: log the map change, obtain owner reassessment and escalate to the proper AIG-DEC-04 gate/AIG-DEC-03 decision when required.
A10: Validation before use | B10: The INTEGRATION INV-04 DEC-04 tab in this workbook is current supporting design guidance (not historical) and holds the detailed join notes. Controlled owners must reconcile real records, validate values and formulas in Excel, and approve migration/cutover; existing Council records remain unchanged until then.
