Workbook

Sheet Summary
A1: The Council — AIMS Clause Conformity Register
A2: AIG-AIMS-06 · v1.8 draft · Draft for Council review · OFFICIAL · ISO/IEC 42001:2023 clauses 4–10
A3: Purpose: map each mandatory ISO/IEC 42001:2023 management-system requirement (clauses 4 to 10) to the artefact or playbook section that satisfies it, with a design-conformity status and the action still required. This is the AIMS gap assessment for the management-system clauses; the Statement of Applicability (AIG-AIMS-02) performs the equivalent role for the Annex A controls.
A4: Status statement: entries record the current DESIGN position only. No clause is represented as implemented, evidenced or effective until the AIMS is adopted and operated. All clause numbers, titles and requirement summaries must be validated against the Council's licensed copy of ISO/IEC 42001:2023; the summaries here are plain-language working descriptions, not the text of the standard.
A6: Document control | B6: Controlled value | C6: Conformity readiness
A7: Document ID | B7: AIG-AIMS-06 | C7: Mandatory clause rows | D7: =COUNTA('Clause Conformity'!$A$2:$A$100)
A8: Version | B8: 1.8 draft | C8: Design mapped | D8: =COUNTIF('Clause Conformity'!$F$2:$F$100,"Design mapped")
A9: Status | B9: Draft for Council review | C9: Partial | D9: =COUNTIF('Clause Conformity'!$F$2:$F$100,"Partial")
A10: Document owner | B10: AI Governance Lead | C10: Gap | D10: =COUNTIF('Clause Conformity'!$F$2:$F$100,"Gap")
A11: Approving authority | B11: To be confirmed under Council delegations | C11: Implemented / evidenced | D11: =COUNTIF('Clause Conformity'!$F$2:$F$100,"Implemented")+COUNTIF('Clause Conformity'!$F$2:$F$100,"Evidenced")+COUNTIF('Clause Conformity'!$F$2:$F$100,"Effective")
A12: Effective date | B12: Pending formal approval | C12: Clause QA complete | D12: =COUNTIF('Clause Conformity'!$I$2:$I$100,"Complete")
A13: Review frequency | B13: On material change, internal audit and management review
A14: Source position | B14: AI Governance Playbook (AIG-GOV-02, current controlled version per AIG-GOV-03); AIG-AIMS-01–AIG-AIMS-11
A15: Classification | B15: OFFICIAL
A17: How to use / adoption sequence
A18: 1. Validate every clause reference and requirement summary against the Council's licensed ISO/IEC 42001:2023.
A19: 2. Confirm the mapped evidence for each clause and the accountable owner.
A20: 3. Operate the check-and-act artefacts now built: internal audit (AIG-AIMS-07), management review (AIG-AIMS-09), corrective action (AIG-AIMS-08) and monitoring (AIG-AIMS-10).
A21: 4. As controls are operated, advance status only where retained evidence exists; do not advance on design alone.
A22: 5. Re-run the register after risk assessment, material change, internal audit and management review.
A24: Version | B24: Date | C24: Change
A25: 1.0 draft | B25: 2026-08-07 | C25: Initial clause 4–10 conformity register mapped to the AI Governance Playbook (AIG-GOV-02) and the AIMS layer AIG-AIMS-01 to AIG-AIMS-05.
A26: 1.1 draft | B26: 2026-08-07 | C26: 9.1, 9.2, 9.3 and 10.2 moved to design-mapped following creation of AIG-AIMS-07 to AIG-AIMS-10. Gaps now nil; two partials remain (5.1, 7.1).
A27: 1.2 draft | B27: 2026-08-07 | C27: 5.1 moved to design-mapped following creation of the leadership commitment statement (AIG-GOV-04). Readiness 25 design-mapped, 1 partial (7.1), 0 gap.
A28: 1.3 draft | B28: 2026-08-07 | C28: 5.2 and 6.1.4 confirm-actions resolved: 5.2 cites the AI Policy Statement (AIG-GOV-05); 6.1.4 cites the impact-assessment coverage mapping (AIG-AIMS-11). 7.1 remains the only partial, closed by operation.
A29: 1.4 draft | B29: 2026-09-28 | C29: Make clause readiness counts recalculate from the clause statuses and align version display.
A30: 1.5 draft | B30: 2026-09-29 | C30: QA remediation — applied findings QA-186, QA-209, QA-218, QA-220, QA-238, QA-240, QA-241, QA-258, QA-280, QA-285, QA-291 (see QA change log). Added clause 6.3 (Partial); counts and Record QA now formula-driven. Integration pass: requirement count updated to 53 (AIG-AIMS-05 REQ-052, REQ-053 added).
A31: 1.6 draft | B31: 30 September 2026 | C31: v3.9.1: requirement count updated to 54 (AIG-AIMS-05 REQ-054 Civil Contingencies Act 2004 added). Proposed — for Council confirmation.
A32: 1.7 draft | B32: 2 October 2026 | C32: v3.9.5: requirement count updated to 56 (AIG-AIMS-05 REQ-056, SI 2026/425 ICO statutory code of practice on AI and automated decision-making, added). Also corrects the count, which had not been carried from 54 to 55 at v3.9.3 (REQ-055 NIST AI 600-1). Proposed — for Council confirmation.
A33: 1.8 draft | B33: 12 October 2026 | C33: v3.9.10: requirement count updated to 58 (AIG-AIMS-05 REQ-057 DAMA-DMBOK and REQ-058 ISO/IEC 5259, added as voluntary data governance references). Proposed — for Council confirmation.

Sheet Clause Conformity
A1: Clause | B1: Requirement | C1: What it requires (working summary) | D1: How the AIMS addresses it | E1: Evidence reference | F1: Design status | G1: Gap / action required | H1: Proposed owner | I1: Record QA
A2: 4.1 | B2: Organisational context | C2: Determine internal and external issues relevant to the AIMS and its outcomes. | D2: Context and issues analysis for the AIMS. | E2: AIG-AIMS-01 | F2: Design mapped | G2: Confirm the issues at Council review. | H2: AI Governance Lead | I2: =IF(A2="","",IF(AND(B2<>"",C2<>"",D2<>"",E2<>"",F2<>"",G2<>"",H2<>""),"Complete","Incomplete"))
A3: 4.2 | B3: Interested parties and requirements | C3: Identify interested parties and their relevant requirements, including legal and other obligations. | D3: Interested-party analysis and applicable-requirements register. | E3: AIG-AIMS-01; AIG-AIMS-05 | F3: Design mapped | G3: Specialist validation of the 58 requirements (Legal, DPO). | H3: AI Governance Lead / Legal | I3: =IF(A3="","",IF(AND(B3<>"",C3<>"",D3<>"",E3<>"",F3<>"",G3<>"",H3<>""),"Complete","Incomplete"))
A4: 4.3 | B4: AIMS scope | C4: Determine and document the boundaries and applicability of the AIMS. | D4: Documented scope statement and boundary. | E4: AIG-AIMS-01 | F4: Design mapped | G4: Confirm boundary, exclusions and delegations on adoption. | H4: AI Governance Lead | I4: =IF(A4="","",IF(AND(B4<>"",C4<>"",D4<>"",E4<>"",F4<>"",G4<>"",H4<>""),"Complete","Incomplete"))
A5: 4.4 | B5: AI management system | C5: Establish, implement, maintain and continually improve the AIMS. | D5: The playbook framework and the controlled suite. | E5: AIG-GOV-02; suite AIG-GOV-01 to AIG-AGT-06 (52 artefacts; see AIG-GOV-03) | F5: Design mapped | G5: Operate and maintain once adopted. | H5: AI Governance Lead | I5: =IF(A5="","",IF(AND(B5<>"",C5<>"",D5<>"",E5<>"",F5<>"",G5<>"",H5<>""),"Complete","Incomplete"))
A6: 5.1 | B6: Leadership and commitment | C6: Top management demonstrates leadership and commitment to the AIMS. | D6: Leadership commitment statement for adoption by the competent Council authority (AI Assurance Board assurance), plus governance bodies and policy framework. | E6: AIG-GOV-04; AIG-GOV-06; PB Ch.5 | F6: Design mapped | G6: Competent Council authority to adopt and sign the commitment statement on the AI Assurance Board’s recommendation; re-affirm at each management review. | H6: AI Assurance Board / Executive Sponsor | I6: =IF(A6="","",IF(AND(B6<>"",C6<>"",D6<>"",E6<>"",F6<>"",G6<>"",H6<>""),"Complete","Incomplete"))
A7: 5.2 | B7: AI policy | C7: Establish a documented AI policy appropriate to purpose, framing objectives and commitments. | D7: Controlled AI Policy Statement carrying the 5.2 commitments, plus the Chapter 5 policies. | E7: AIG-GOV-05; PB Ch.5 | F7: Design mapped | G7: Competent Council authority to adopt the policy statement on the AI Assurance Board’s recommendation; keep aligned to the A.2 controls. | H7: AI Governance Lead | I7: =IF(A7="","",IF(AND(B7<>"",C7<>"",D7<>"",E7<>"",F7<>"",G7<>"",H7<>""),"Complete","Incomplete"))
A8: 5.3 | B8: Roles, responsibilities and authorities | C8: Assign and communicate AIMS roles, responsibilities and authorities. | D8: Role-accountability model and Terms of Reference. | E8: AIG-AIMS-04; AIG-GOV-06 | F8: Design mapped | G8: Name appointees and deputies; retain appointment evidence. | H8: AI Governance Lead | I8: =IF(A8="","",IF(AND(B8<>"",C8<>"",D8<>"",E8<>"",F8<>"",G8<>"",H8<>""),"Complete","Incomplete"))
A9: 6.1.1 | B9: Actions for risks and opportunities | C9: Plan actions to address AIMS risks and opportunities. | D9: AIMS risk, opportunity and improvement registers. | E9: AIG-AIMS-03 | F9: Design mapped | G9: Complete residual ratings and approve risk acceptance. | H9: AI Governance Lead | I9: =IF(A9="","",IF(AND(B9<>"",C9<>"",D9<>"",E9<>"",F9<>"",G9<>"",H9<>""),"Complete","Incomplete"))
A10: 6.1.2 | B10: AI risk assessment | C10: Define and apply a repeatable AI risk assessment process and criteria. | D10: Risk method and worksheet, and AGPI triage. | E10: PB §4.4; AIG-ASS-02, AIG-ASS-01 | F10: Design mapped | G10: Confirm criteria and acceptance thresholds at adoption. | H10: AI Governance Lead | I10: =IF(A10="","",IF(AND(B10<>"",C10<>"",D10<>"",E10<>"",F10<>"",G10<>"",H10<>""),"Complete","Incomplete"))
A11: 6.1.3 | B11: AI risk treatment | C11: Determine risk treatment and produce a Statement of Applicability. | D11: Risk treatment plan and the SoA across Annex A. | E11: AIG-AIMS-03; AIG-AIMS-02 | F11: Design mapped | G11: Approve the SoA and treatment against the licensed standard. | H11: AI Governance Lead | I11: =IF(A11="","",IF(AND(B11<>"",C11<>"",D11<>"",E11<>"",F11<>"",G11<>"",H11<>""),"Complete","Incomplete"))
A12: 6.1.4 | B12: AI system impact assessment | C12: Assess impacts of AI systems on individuals, groups and society. | D12: Four impact assessments, with a coverage mapping to individuals / groups / society. | E12: AIG-AIMS-11; AIG-ASS-05, AIG-ASS-06, AIG-ASS-07, AIG-ASS-04 | F12: Design mapped | G12: Extend the societal dimension where effects are significant (improvement action). | H12: AI Governance Lead | I12: =IF(A12="","",IF(AND(B12<>"",C12<>"",D12<>"",E12<>"",F12<>"",G12<>"",H12<>""),"Complete","Incomplete"))
A13: 6.2 | B13: AI objectives | C13: Establish measurable AI objectives and plans to achieve them. | D13: AIMS objectives with measures and targets. | E13: AIG-AIMS-03 | F13: Design mapped | G13: Set baselines, targets and dates, and approve. | H13: AI Governance Lead | I13: =IF(A13="","",IF(AND(B13<>"",C13<>"",D13<>"",E13<>"",F13<>"",G13<>"",H13<>""),"Complete","Incomplete"))
... A28: 10.2 | B28: Nonconformity and corrective action | C28: React to nonconformity, correct it and prevent recurrence. | D28: Nonconformity and corrective-action procedure and CAPA log. | E28: AIG-AIMS-08; PB §6.8 | F28: Design mapped | G28: Operate on real nonconformities; verify effectiveness before closing. | H28: AI Governance Lead | I28: =IF(A28="","",IF(AND(B28<>"",C28<>"",D28<>"",E28<>"",F28<>"",G28<>"",H28<>""),"Complete","Incomplete"))

Sheet Lists & Guidance
A1: Design status | B1: Meaning
A2: Design mapped | B2: A suite artefact or playbook section is designed to satisfy the requirement; not yet operated or evidenced.
A3: Partial | B3: Partly addressed by existing material; a defined element or artefact is still needed.
A4: Gap | B4: No controlled artefact yet satisfies the requirement; one must be built.
A5: Not started | B5: Requirement acknowledged; no design in place.
A6: Implemented | B6: The process is operating.
A7: Evidenced | B7: Operation is supported by retained evidence.
A8: Effective | B8: Evidence shows the requirement is met and the control works.
A10: Note
A11: Clause references, titles and requirement summaries are plain-language working descriptions and must be validated against the Council's licensed copy of ISO/IEC 42001:2023 before adoption. 9.2 and 9.3 are recorded as single rows covering sub-clauses 9.2.1–9.2.2 and 9.3.1–9.3.3. Annex A control conformity is tracked separately in the Statement of Applicability (AIG-AIMS-02).

Sheet INTEGRATION INV-04 DEC-04
A1: AIG-AIMS-06 — PROPOSED AIG-INV-04/AIG-DEC-04 INTEGRATION NOTES
A2: NOT APPROVED — additive integration annex only; existing workbook content and formulas are retained unchanged. AIG-INV-04 (AI Register) and AIG-DEC-04 (Gate Log) are themselves proposed designs: until the Council approves their adoption and migration, the Council’s existing records remain authoritative and the AIG-INV-04/AIG-DEC-04 joins below are design references only. No live system, event, evidence, approval or Council decision is asserted.
A4: Review topic | B4: Targeted proposed integration note
A5: Status / conformity boundary | B5: This register reports design mapping/readiness only. Preserve its 27 clause rows (26 plus 6.3 added in v1.5), working summaries and current statuses; no proposed AIG-INV-04/AIG-DEC-04 join converts “Design mapped” to conformity, implementation, evidence or effectiveness. Validate clause titles, summaries and interpretations against the Council’s licensed ISO/IEC 42001:2023 before approval.
A6: Clauses 4–5: context, leadership and authority | B6: Relate clause 4.1–4.3 design to AIG-AIMS-01 and its approved scope/context record; use AIG-INV-04 AIR-ID only for system instances within that scope, not as a substitute for organisational boundary. Link an actual scope/policy/leadership decision to AIG-DEC-03/native minutes and, where an actual system gate is affected, its AIG-DEC-04 Event ID and Evidence ID. Confirm constitutional authority before any governance-status change.
A7: Clauses 6–8: planning and operation | B7: Keep AIMS risk/objectives/treatment and SoA decisions in AIG-AIMS-03/AIG-AIMS-02. Link system-specific applications using AIR-ID, assessment and evidence pointers in AIG-INV-04; AIG-DEC-04 planned gates, dated events and conditions distinguish plan from actual control/approval. Operational-planning conformity requires source evidence of performed work, not just linked template names.
A8: Clauses 7.1–7.5: resources, competence, communications, information | B8: Reference AIG-AIMS-04 as role/competence/communications design and retain appointment, competence, issued-communication and documented-information control evidence in the approved repository. AIG-INV-04 Evidence index may carry versioned pointers keyed by AIR-ID; avoid storing sensitive HR details or treating missing evidence as complete.
A9: Clauses 9–10: evaluation and improvement | B9: Link actual monitoring results (AIG-AIMS-10/AIG-OPS-02 as relevant), audit findings (AIG-AIMS-07), nonconformities/corrective actions (AIG-AIMS-08), management-review outputs (AIG-AIMS-09) and improvement actions (AIG-AIMS-03) to dated source evidence. System findings use AIR-ID; AIMS-wide failures may not have an AIR-ID. Do not infer completed reviews, audits, actions or closure from a planned AIG-DEC-04 Gate plan.
A10: Traceability / crosswalk discipline | B10: Use the clause row as the AIMS-level index, the relevant artefact and licensed standard as the design/conformity basis, AIR-ID as the system join, and AIG-DEC-04 Event ID/Condition ID plus AIG-DEC-03/native decision and Evidence ID only where an actual system event/condition applies. Keep one authoritative source per fact; the clause register is a crosswalk, not a duplicate decision log.
A11: Open adoption checks | B11: Resolve the documented 7.1 resources partial through an authorised resource decision and evidence; review any legacy artefact references against the current AIG-* artefacts listed in AIG-GOV-03, including newly scoped monitoring and AIG-INV-04/AIG-DEC-04 design. Confirm clause owner/evidence, dates and auditability, and preserve “design-only” status until operation is tested.

Sheet STANDARDS SCOPE QA
A1: PROPOSED QA INDEX — NOT APPROVED. A source reference does not establish applicability or compliance. See AIG-AIMS-05 and AIG-AIMS-13; owners must validate the current source, case-specific scope, control evidence and adopted status.
A2: Requirement ID | B2: Instrument / edition | C2: Conditional scope / relevance | D2: Source URL | E2: Owner validation status
A3: REQ-040 | B3: ISO/IEC 42001:2023 Artificial intelligence management system | C3: Proposed management-system design mapping; licensed clause review and adoption needed. | D3: https://www.iso.org/standard/42001 | E3: Specialist validation required
A4: REQ-041 | B4: ISO/IEC 23894:2023 AI — Guidance on risk management | C4: Voluntary risk-management guidance; proposed alignment, not statutory conformity. | D4: https://www.iso.org/standard/77304.html | E4: Specialist validation required
A5: REQ-042 | B5: ISO/IEC 42005:2025 AI system impact assessment | C5: Guidance for AI impact-assessment design; validate edition and selected use. | D5: https://www.iso.org/standard/42005 | E5: Specialist validation required
A6: NIST-AI-100-1 | B6: NIST AI Risk Management Framework 1.0 (NIST AI 100-1, January 2023) | C6: Voluntary alignment reference; not certification or statutory conformity | D6: https://www.nist.gov/publications/artificial-intelligence-risk-management-framework-ai-rmf-10 | E6: Voluntary alignment reference; not certification or statutory conformity

Sheet MAP & SPLIT CONTRACT
A1: AIG-AIMS-06 / PROPOSED THREE-ARTEFACT SOURCE CONTRACT
A3: Status | B3: PROPOSED INTEGRATION DESIGN ONLY. This sheet does not amend the artefact's native assessment, decision authority, data or formulas.
A4: Role of this file | B4: Clause conformity: Cite exact AIG-INV-04, AIG-DEC-04, map and source versions for each sample. A populated template or 'confirmed' map edge does not demonstrate an operating control.
A5: AIG-INV-04 source | B5: Separate AIG-INV-04 AI Register: official AIR-ID, current position, in-file Assessment summary/Evidence index. Reconcile against authoritative AIG-INV-04 before using a copied value.
A6: AIG-DEC-04 source | B6: Separate AIG-DEC-04 Gate Log: prospective Gate plan, dated Gate events, event-linked Conditions. A planned gate is not a decision. A decision requires AIG-DEC-03 or approved minutes and proper delegation.
A7: Map source | B7: Proposed standalone Capabilities and System Map (candidate catalogue ID AIG-INV-05): UC/CAP and component relationship pointers. Edge ID is not an approval or permission; AIG-AGT-04/AIG-AGT-05 remain sources of agent scope/authority.
A8: Data exchange | B8: Use controlled AIR-ID across files. Where applicable reference exact Event ID, Condition ID, Evidence ID, AG-ID and Edge ID. Record source file/version/as-at with imported or quoted evidence; no live cross-workbook formula is assumed.
A9: Change trigger | B9: New or expanded system/tool access, or a material model, data, interface, purpose or agent change: log the map change, obtain owner reassessment and escalate to the proper AIG-DEC-04 gate/AIG-DEC-03 decision when required.
A10: Validation before use | B10: The INTEGRATION INV-04 DEC-04 tab in this workbook is current supporting design guidance (not historical) and holds the detailed join notes. Controlled owners must reconcile real records, validate values and formulas in Excel, and approve migration/cutover; existing Council records remain unchanged until then.
