Workbook

Sheet Summary
A1: The Council — AI Source Assurance and Traceability Register
A2: AIG-AIMS-13 · v1.5 draft · Draft for Council review · OFFICIAL · ISO/IEC 42001:2023
A3: Purpose: hold the standing traceability from each priority authoritative source (law, regulation, standard, policy, principle) through to the requirement it creates, the playbook chapter and the artefact or control that satisfies it, the applicability trigger, the responsible specialist, and the verification dates. This is the single source-of-truth ledger for the priority source set behind the framework.
A4: Legal status: a structured traceability and assurance record, not legal advice. Applicability and interpretation of each source remain with the named specialist function (AIG-AIMS-04). It complements AIG-AIMS-05 (which logs change events). Any automated horizon-scanning tool is an optional input, not a controlled source.
A6: Document control | B6: Controlled value | D6: Register readiness | E6: Result
A7: Document ID | B7: AIG-AIMS-13 | D7: Sources recorded | E7: =COUNTA('Source Assurance Register'!$A$7:$A$106)
A8: Version | B8: 1.5 draft | D8: Current | E8: =COUNTIF('Source Assurance Register'!$L$7:$L$106,"Current")
A9: Status | B9: Draft for Council review | D9: Under review | E9: =COUNTIF('Source Assurance Register'!$L$7:$L$106,"Under review")
A10: Document owner | B10: AI Governance Lead | D10: Superseded | E10: =COUNTIF('Source Assurance Register'!$L$7:$L$106,"Superseded")
A11: Primary specialist owners | B11: Legal Services / Monitoring Officer, DPO and named control functions (AIG-AIMS-04) | D11: Horizon-watch | E11: =COUNTIF('Source Assurance Register'!$L$7:$L$106,"Horizon-watch")
A12: Approving authority | B12: Competent Council authority under Constitution and Scheme of Delegation; AI Assurance Board provides assurance where applicable | D12: Gap – no source | E12: =COUNTIF('Source Assurance Register'!$L$7:$L$106,"Gap – no source")
A13: Source register control status | B13: Twenty-one source records are held in the controlled Source Assurance Register table: six verified priority sources and fifteen proposed entries awaiting owner verification. AIG-AIMS-05 remains the fuller obligations/applicability register, including case-specific Council policy and delegation sources. | D13: Next review due ≤ 90 days | E13: =COUNTIFS('Source Assurance Register'!$K$7:$K$106,"<="&(TODAY()+90),'Source Assurance Register'!$K$7:$K$106,">"&0)
A14: Review frequency | B14: Quarterly source verification; annual full review; event-driven on regulatory change | D14: Entries missing a status | E14: =COUNTA('Source Assurance Register'!$A$7:$A$106)-COUNTA('Source Assurance Register'!$L$7:$L$106)
A15: Source position | B15: Playbook §2.5 regulatory landscape and §6.6.5 horizon scanning; complements AIG-AIMS-05 (applicable requirements, change register and horizon scanning) | D15: Reconciliation | E15: =IF(E7=SUM(E8:E12),IF(E14=0,"Balanced","Check: status missing"),"Check: status outside controlled list")
A16: Classification | B16: OFFICIAL | D16: Not yet verified (no last-verified date) | E16: =COUNTA('Source Assurance Register'!$A$7:$A$106)-COUNT('Source Assurance Register'!$J$7:$J$106)
A18: Change history
A19: Version | B19: Date | D19: Change | E19: Author / owner
A20: 1.0 draft | B20: 14 September 2026 | D20: Initial controlled Source Assurance and Traceability Register created to hold source-to-artefact traceability with verification dates (Playbook §2.5, §6.6.5). | E20: AI Governance Lead
A21: 1.1 draft | B21: 20 September 2026 | D21: QA release: populated the controlled source table with the three current sources previously listed only on the Summary sheet; register counts and reconciliation now operate against the controlled table. | E21: AI Governance Lead
A22: 1.2 draft | B22: Not recorded | D22: Added proposed versioned source entries (register rows 13–24) for legal and framework sources named in AIG-AIMS-05 (history entry reconstructed during QA remediation). | E22: AI Governance Lead
A23: 1.3 draft | B23: 29 September 2026 | D23: QA remediation — applied findings QA-090, QA-213, QA-218, QA-220, QA-240, QA-251, QA-259, QA-260, QA-261, QA-284, QA-285, QA-288, QA-291 and decision D9 (see QA change log). | E23: AI Governance Lead
A24: 1.4 draft | B24: 2 October 2026 | D24: v3.9.5: source record SRC-LAW-ICO-ADM-CODE-001 added for SI 2026/425 (ICO statutory code of practice on AI and automated decision-making; AIG-AIMS-05 REQ-056), status Horizon-watch until the code is issued; owner verification pending. Nineteen source records. Proposed — for Council confirmation. | E24: AI Governance Lead
A25: 1.5 draft | B25: 12 October 2026 | D25: v3.9.10: source records SRC-STD-DAMA-DMBOK-001 and SRC-STD-ISO-5259-001 added for AIG-AIMS-05 REQ-057 and REQ-058 (voluntary data governance references), status Under review until the owner verifies them. Proposed — for Council confirmation. | E25: AI Governance Lead

Sheet Source Assurance Register
A1: The Council — Source Assurance and Traceability Register
A2: AIG-AIMS-13 · v1.5 draft · Draft for Council review · OFFICIAL · ISO/IEC 42001:2023
A3: Purpose: one row per authoritative source, traced through to the requirement, the playbook chapter and the artefact or control that satisfies it, with the responsible specialist and verification dates.
A4: Current position: the six existing source records are retained. Proposed versioned entries in rows 13–24 cover legal and framework sources named in AIG-AIMS-05 that were not separately traceable here. New entries are not verified (Last verified is blank and highlighted): owners must validate authoritative text/version, currency, applicability, and verification date before reliance. Licensed standards are identified by edition only; no clause text is reproduced.
A6: Source ID | B6: Source | C6: Version / date | D6: Authoritative URL | E6: Requirement / principle | F6: Playbook chapter | G6: Artefact / control | H6: Applicability trigger | I6: Responsible specialist | J6: Last verified | K6: Next review (quarterly from last verified) | L6: Status | M6: Supporting specialist(s) | N6: Review trigger
A7: SRC-AG-001 | B7: OWASP Agent Control Standard | C7: 1 Sep 2026 | D7: https://genai.owasp.org/resource/agent-control-standard-acs/ | E7: Runtime transparency, inspectability, traceability and control | F7: Agentic governance / runtime controls | G7: Runtime Controls; Agentic Action/Decision Record (AIG-AGT-06); ASBOM (AIG-AGT-04) | H7: All agentic systems requiring runtime enforcement | I7: AI Governance Lead | J7: 46284 | K7: =IF(ISNUMBER(J7),EDATE(J7,3),"") | L7: Current | M7: Cyber Security | N7: Review on material update
A8: SRC-DP-001 | B8: ICO DUAA summary | C8: 19 Jun 2026 | D8: https://ico.org.uk/about-the-ico/what-we-do/legislation-we-cover/data-use-and-access-act-2025/the-data-use-and-access-act-2025-duaa-summary-of-the-changes/ | E8: Main DUAA data-protection amendments in force from 5 February 2026 (SI 2026/82, including UK GDPR Articles 22A–22D); s.103 complaints duty (DPA 2018 s.164A) from 19 June 2026 | F8: Legal/data protection controls | G8: DPIA; automated decision-making safeguards; source assurance | H8: Personal data / automated decision-making | I8: DPO / Information Governance | J8: 46284 | K8: =IF(ISNUMBER(J8),EDATE(J8,3),"") | L8: Current | M8: Legal Services / Monitoring Officer | N8: On ICO update
A9: SRC-ATRS-001 | B9: ATRS mandatory scope and exemptions | C9: 17 Dec 2024; guidance updated 8 May 2025 | D9: https://www.gov.uk/government/publications/algorithmic-transparency-recording-standard-mandatory-scope-and-exemptions-policy | E9: Mandatory for central government departments and in-scope arm’s-length bodies; recommended (voluntary) for local authorities | F9: Transparency control | G9: ATRS Record Template (AIG-ASS-10); source assurance | H9: Assess applicability per tool and organisation | I9: AI Governance Lead | J9: 46284 | K9: =IF(ISNUMBER(J9),EDATE(J9,3),"") | L9: Current | M9: Legal Services / Monitoring Officer | N9: On policy change
A10: SRC-LG-001 | B10: Local Government Act 1972 (including section 101) | C10: 1972 c.70; as amended | D10: https://www.legislation.gov.uk/ukpga/1972/70/contents | E10: Local-authority functions and delegation/decision authority | F10: Governance authority / delegation | G10: Gate Map; Decision Record; Terms of Reference; Source Assurance | H10: All Council AI decisions requiring delegated authority | I10: Legal Services / Monitoring Officer | J10: 46285 | K10: =IF(ISNUMBER(J10),EDATE(J10,3),"") | L10: Current | N10: On amendment; annual
A11: SRC-GOV-001 | B11: Council Constitution and Scheme of Delegation — current approved version (to be supplied) | C11: Current approved version to be confirmed by the Monitoring Officer | D11: [Local source URL to be entered by the Monitoring Officer] | E11: Obtain the current approved Constitution, scheme and exact delegation provision before relying on any decision-authority claim; committee agendas or reports are contextual material only. | F11: Decision authority / governance bodies | G11: Terms of Reference; Gate Map; Governance Decision Record; AIMS adoption controls | H11: Any decision-authority, policy-adoption or delegation claim | I11: Legal Services / Monitoring Officer | J11: 46285 | K11: =IF(ISNUMBER(J11),EDATE(J11,3),"") | L11: Gap – no source | M11: Governance Secretariat | N11: On constitutional change; annual
A12: SRC-DEV-001 | B12: English Devolution and Community Empowerment Act 2026 | C12: Royal Assent 29 Apr 2026; commencement phased | D12: https://www.legislation.gov.uk/ukpga/2026/23/notes/division/13/index.htm | E12: Local-government governance/delegation changes relevant to Council decision structures | F12: Governance authority / horizon scanning | G12: Requirements & Change Register; Gate Map; Source Assurance | H12: Where commencement affects Council governance, delegations or service responsibilities | I12: Legal Services / Monitoring Officer | J12: 46285 | K12: =IF(ISNUMBER(J12),EDATE(J12,3),"") | L12: Under review | N12: On commencement/update
A13: SRC-LAW-UKGDPR-001 | B13: UK General Data Protection Regulation (UK GDPR) | C13: Regulation (EU) 2016/679, as amended; current UK text/version to validate | D13: https://www.legislation.gov.uk/eur/2016/679/contents | E13: [PROPOSED ENTRY — OWNER VALIDATION REQUIRED] Personal-data processing; applicable provisions as amended | F13: Data protection / privacy | G13: DPIA; privacy information; automated decision-making; data subject rights | H13: Where personal data is processed; provision-specific triggers and current amendments require DPO/Legal validation | I13: DPO / Information Governance | K13: =IF(ISNUMBER(J13),EDATE(J13,3),"") | L13: Under review | N13: Before reliance; on amendment; annual
A14: SRC-LAW-DPA2018-001 | B14: Data Protection Act 2018 | C14: 2018 c.12, as amended; current text/version to validate | D14: https://www.legislation.gov.uk/ukpga/2018/12/contents | E14: [PROPOSED ENTRY — OWNER VALIDATION REQUIRED] UK data-protection framework and applicable domestic provisions | F14: Data protection / privacy | G14: DPIA; lawful processing; rights; records and controls | H14: Where Council processing engages the Act; provision-specific applicability and amendments require DPO/Legal validation | I14: DPO / Information Governance | K14: =IF(ISNUMBER(J14),EDATE(J14,3),"") | L14: Under review | M14: Legal Services / Monitoring Officer | N14: Before reliance; on amendment; annual
A15: SRC-LAW-DUAA-001 | B15: Data (Use and Access) Act 2025 (DUAA) | C15: 2025 c.18; commencement/amendments and current effects to validate | D15: https://www.legislation.gov.uk/ukpga/2025/18/contents | E15: [PROPOSED ENTRY — OWNER VALIDATION REQUIRED] Amendments affecting data protection and related duties | F15: Data protection / privacy | G15: Automated decision-making safeguards; complaints; privacy controls; AIG-AIMS-05 REQ-003 | H15: Where relevant provisions are commenced and processing/activities engage them; DPO/Legal to validate current commencement and interaction with UK GDPR/DPA/PECR | I15: DPO / Information Governance | K15: =IF(ISNUMBER(J15),EDATE(J15,3),"") | L15: Under review | M15: Legal Services / Monitoring Officer | N15: Before reliance; on commencement/update; annual
A16: SRC-LAW-EQUALITY-001 | B16: Equality Act 2010 | C16: 2010 c.15, as amended; current text/version to validate | D16: https://www.legislation.gov.uk/ukpga/2010/15/contents | E16: [PROPOSED ENTRY — OWNER VALIDATION REQUIRED] Equality duties, including applicable duties on public authorities | F16: Equality / non-discrimination | G16: Equality impact assessment; accessibility; monitoring and decision records | H16: Where Council functions or AI-enabled services engage the Act; Equality/Legal to validate duties, protected groups and case-specific application | I16: Equality / Human Rights / Safeguarding Leads | K16: =IF(ISNUMBER(J16),EDATE(J16,3),"") | L16: Under review | N16: Before reliance; on amendment; annual
A17: SRC-LAW-HRA-001 | B17: Human Rights Act 1998 | C17: 1998 c.42, as amended; current text/version to validate | D17: https://www.legislation.gov.uk/ukpga/1998/42/contents | E17: [PROPOSED ENTRY — OWNER VALIDATION REQUIRED] Human-rights duties relevant to public functions | F17: Human rights / public law | G17: Human Rights Assessment; oversight; reasons; review and redress | H17: Where a public authority function or case-specific rights issue engages the Act; Legal to validate relevant rights and application | I17: Legal Services / Monitoring Officer | K17: =IF(ISNUMBER(J17),EDATE(J17,3),"") | L17: Under review | N17: Before reliance; on amendment; annual
A18: SRC-LAW-PROCUREMENT-ACT-001 | B18: Procurement Act 2023 | C18: 2023 c.54; current text, commencement and transitional rules to validate | D18: https://www.legislation.gov.uk/ukpga/2023/54/contents | E18: [PROPOSED ENTRY — OWNER VALIDATION REQUIRED] Public procurement obligations | F18: Procurement / suppliers | G18: AI procurement gates; due diligence; contract management and supplier controls | H18: Where procurement is within the Act; Procurement/Legal to validate exclusions, thresholds, procedure and transitional regime for each procurement | I18: Procurement / Commercial / Contract Owner | K18: =IF(ISNUMBER(J18),EDATE(J18,3),"") | L18: Under review | N18: Before reliance; on amendment; annual
A19: SRC-LAW-PROCUREMENT-REGS-001 | B19: Procurement Regulations 2024 | C19: SI 2024/692, as amended; current text/version to validate | D19: https://www.legislation.gov.uk/uksi/2024/692/contents | E19: [PROPOSED ENTRY — OWNER VALIDATION REQUIRED] Procedural and information requirements supporting the procurement regime | F19: Procurement / suppliers | G19: Procurement records, notices, procedures and AI supplier due diligence | H19: Where the Regulations apply to a procurement; Procurement/Legal to validate current amendments and transitional rules | I19: Procurement / Commercial / Contract Owner | K19: =IF(ISNUMBER(J19),EDATE(J19,3),"") | L19: Under review | N19: Before reliance; on amendment; annual
A20: SRC-EU-AIA-001 | B20: EU Artificial Intelligence Act — consolidated text | C20: Regulation (EU) 2024/1689 consolidated to 27 July 2026; current version to validate | D20: https://eur-lex.europa.eu/legal-content/EN/TXT/HTML?uri=CELEX:02024R1689-20260727 | E20: [PROPOSED ENTRY — OWNER VALIDATION REQUIRED] EU AI Act requirements, including Article 27 and Article 113 timetable | F20: Conditional EU legal scope | G20: AIG-AIMS-05 REQ-032; scope/role screening; FRIA design crosswalk AIG-ASS-12 | H20: Only if territorial/material scope, actor role and relevant provisions engage; Legal/DPO to validate for each deployment and date | I20: Legal Services / Monitoring Officer | K20: =IF(ISNUMBER(J20),EDATE(J20,3),"") | L20: Under review | M20: AI Governance Lead | N20: Before reliance; on amendment; each scope review
A21: SRC-EU-AIA-AMEND-001 | B21: Regulation (EU) 2026/1744 amending the EU AI Act | C21: Enacted 2026; current text and legal effect to validate | D21: https://eur-lex.europa.eu/legal-content/EN/TXT/HTML/?uri=CELEX:32026R1744 | E21: [PROPOSED ENTRY — OWNER VALIDATION REQUIRED] Amendment to Regulation (EU) 2024/1689, including Article 113 dates | F21: Conditional EU legal scope | G21: AIG-AIMS-05 REQ-032 and CHG-002/003; date and transition control | H21: Only where the EU AI Act applies; Legal to validate amendment effect, consolidated text and any transitional provisions | I21: Legal Services / Monitoring Officer | K21: =IF(ISNUMBER(J21),EDATE(J21,3),"") | L21: Under review | M21: AI Governance Lead | N21: Before reliance; on amendment; each scope review
A22: SRC-STD-ISO42001-001 | B22: ISO/IEC 42001:2023 — Artificial intelligence management systems | C22: ISO/IEC 42001:2023; edition/currency and licensed text to validate | D22: https://www.iso.org/standard/81230.html | E22: [PROPOSED ENTRY — OWNER VALIDATION REQUIRED] Voluntary AIMS requirements if adopted/contracted; alignment reference | F22: AIMS governance / assurance | G22: AIG-AIMS-05 REQ-040; AIMS clause crosswalk AIG-AIMS-12 | H22: Voluntary unless formally adopted or contractually required; AI Governance Lead to validate edition, licence and Council adoption status | I22: AI Governance Lead | K22: =IF(ISNUMBER(J22),EDATE(J22,3),"") | L22: Under review | M22: Internal Audit / Independent Assurance | N22: Before reliance; on new edition; annual
A23: SRC-STD-ISO23894-001 | B23: ISO/IEC 23894:2023 — AI guidance on risk management | C23: ISO/IEC 23894:2023; edition/currency and licensed text to validate | D23: https://www.iso.org/standard/77304.html | E23: [PROPOSED ENTRY — OWNER VALIDATION REQUIRED] Voluntary risk-management guidance if adopted/used | F23: AI risk management | G23: AIG-AIMS-05 REQ-041; risk assessment and treatment controls | H23: Voluntary unless formally adopted or contractually required; Corporate Risk/AI Governance to validate edition, licence and intended use | I23: AI Governance Lead | K23: =IF(ISNUMBER(J23),EDATE(J23,3),"") | L23: Under review | M23: Corporate risk function | N23: Before reliance; on new edition; annual
A24: SRC-FW-NIST-AIRM-001 | B24: NIST AI Risk Management Framework (AI RMF 1.0) | C24: NIST AI 100-1, January 2023; voluntary framework | D24: https://nvlpubs.nist.gov/nistpubs/ai/NIST.AI.100-1.pdf | E24: [PROPOSED ENTRY — OWNER VALIDATION REQUIRED] Voluntary AI risk-management framework and alignment reference | F24: AI governance / risk management | G24: AIG-AIMS-12 crosswalk; risk and assurance controls | H24: Voluntary; use as an alignment reference only unless separately adopted; AI Governance Lead to validate current NIST version and mapping | I24: AI Governance Lead | K24: =IF(ISNUMBER(J24),EDATE(J24,3),"") | L24: Under review | M24: Corporate risk function | N24: Before reliance; on NIST update; annual
A25: SRC-LAW-ICO-ADM-CODE-001 | B25: The Data Protection Act 2018 (Code of Practice on Artificial Intelligence and Automated Decision-Making) Regulations 2026, and the ICO statutory code of practice it requires | C25: SI 2026/425; made 16 Apr 2026; in force 12 May 2026; code not yet issued | D25: https://www.legislation.gov.uk/uksi/2026/425/made | E25: [PROPOSED ENTRY — OWNER VALIDATION REQUIRED] The Information Commissioner must prepare a code of practice on processing personal data in developing and using AI and automated decision-making, including children’s data (AIG-AIMS-05 REQ-056, CHG-014) | F25: Data protection / privacy | G25: DPIA (AIG-ASS-05 section 5); automated decision-making safeguards; Playbook §4.6.1 | H25: Personal data / automated decision-making / children’s data | I25: DPO / Information Governance | K25: =IF(ISNUMBER(J25),EDATE(J25,3),"") | L25: Horizon-watch | M25: Legal Services / AI Governance Lead | N25: Before reliance; on ICO consultation and on publication of the code; annual
A26: SRC-STD-DAMA-DMBOK-001 | B26: DAMA-DMBOK: Data Management Body of Knowledge, 2nd Edition Revised (DAMA International) | C26: 2nd Edition Revised (2024) | D26: https://dama.org/articles/introducing-the-revised-dama-data-management-body-of-knowledge-2nd-edition | E26: [PROPOSED ENTRY — OWNER VALIDATION REQUIRED] Voluntary professional framework for data governance: accountable data ownership and stewardship, data quality, metadata and lineage (AIG-AIMS-05 REQ-057) | F26: Data governance / information management | G26: AI Register column AA Information asset reference (AIG-INV-04); Data Steward role (AIG-AIMS-04 ROL-20); DPIA and Intake ROPA reference (AIG-ASS-05, AIG-INV-03) | H26: AI systems that rely on Council data assets | I26: DPO / Information Governance | K26: =IF(ISNUMBER(J26),EDATE(J26,3),"") | L26: Under review | M26: AI Governance Lead | N26: Before reliance; on new edition; annual
A27: SRC-STD-ISO-5259-001 | B27: ISO/IEC 5259 series, Artificial intelligence — Data quality for analytics and machine learning (ML) | C27: ISO/IEC 5259-1:2024 and later parts | D27: https://www.iso.org/standard/81088.html | E27: [PROPOSED ENTRY — OWNER VALIDATION REQUIRED] Voluntary international standard for data quality in analytics and ML: terminology, quality measures, management requirements and process framework (AIG-AIMS-05 REQ-058). Licensed standard, identified by edition only | F27: Data governance / model assurance | G27: Model Card data and fairness sections (AIG-ASS-09); AI Register column AA (AIG-INV-04); Data Steward role (AIG-AIMS-04 ROL-20) | H27: AI systems trained, tuned or evaluated on Council data | I27: DPO / Information Governance | K27: =IF(ISNUMBER(J27),EDATE(J27,3),"") | L27: Under review | M27: AI Governance Lead / Digital and data | N27: Before reliance; on publication of further parts; annual
K28: =IF(ISNUMBER(J28),EDATE(J28,3),"")
K29: =IF(ISNUMBER(J29),EDATE(J29,3),"")
K30: =IF(ISNUMBER(J30),EDATE(J30,3),"")
K31: =IF(ISNUMBER(J31),EDATE(J31,3),"")
K32: =IF(ISNUMBER(J32),EDATE(J32,3),"")
K33: =IF(ISNUMBER(J33),EDATE(J33,3),"")
K34: =IF(ISNUMBER(J34),EDATE(J34,3),"")
K35: =IF(ISNUMBER(J35),EDATE(J35,3),"")
K36: =IF(ISNUMBER(J36),EDATE(J36,3),"")
K37: =IF(ISNUMBER(J37),EDATE(J37,3),"")
K38: =IF(ISNUMBER(J38),EDATE(J38,3),"")
K39: =IF(ISNUMBER(J39),EDATE(J39,3),"")
... K106: =IF(ISNUMBER(J106),EDATE(J106,3),"")

Sheet Lists & Guidance
A1: AIG-AIMS-13 — Definitions, Controlled Vocabulary and Use Rules
A3: Status | B3: Meaning
A4: Current | B4: Source is in force and verified as the latest authoritative version at the last-verified date.
A5: Under review | B5: A change is known or expected; the entry is being reassessed and may change.
A6: Superseded | B6: Replaced by a newer instrument or version; retained for audit until the successor is verified and mapped.
A7: Horizon-watch | B7: Not yet in force or not yet applicable; monitored so it enters control on commencement.
A8: Gap – no source | B8: A requirement or principle the framework relies on for which no authoritative monitored source yet exists; a deliberate finding for action.
A10: Responsible specialist — controlled roles (from AIG-AIMS-04)
A11: Executive Sponsor
A12: AI Assurance Board
A13: AI Governance Working Group
A14: AI Assurance Board Chair
A15: AI Governance Lead
A16: Governance Secretariat
A17: Service Owner
A18: AI System Owner / Operational Lead
A19: Product / Technical Delivery Lead
A20: Data Owner / Data Governance
A21: DPO / Information Governance
... A45: Gap – no source

Sheet INTEGRATION INV-04 DEC-04
A1: PROPOSED INTEGRATION CONTRACT — AIG-INV-04 / AIG-DEC-03 / AIG-DEC-04 / AIG-OPS-02
A2: NOT APPROVED — additive integration annex only; existing workbook content and formulas are retained unchanged. AIG-INV-04 (AI Register) and AIG-DEC-04 (Gate Log) are themselves proposed designs: until the Council approves their adoption and migration, the Council’s existing records remain authoritative and the AIG-INV-04/AIG-DEC-04 joins below are design references only. No live system, event, evidence, approval or Council decision is asserted.
A3: Native evidence index: AIG-INV-04 → Evidence index. Evidence IDs locate native records; they do not replace the underlying artefact, decision or minute.
A4: Provenance rule: every reused fact/result must carry its source record/sheet and row (or document section/record ID), source version and as-of/snapshot date. Leave unavailable provenance explicitly missing; do not fabricate it.
A5: Integration relationship | B5: Native source / artefact | C5: Native record locator | D5: Join key(s) | E5: Proposed integration rule / use | F5: Required provenance: row, version, as-of | G5: Blank / zero handling | H5: Reporting / audit reconciliation
A6: Key/evidence joins | B6: AIG-INV-04 (AI Register; Evidence index) | C6: AI Register: AIR-ID; Evidence index: Evidence ID + AIR-ID | D6: AIR-ID | E6: Use AIR-ID for all system-level joins; use Evidence ID to point to an indexed evidence record. Do not join on system name. | F6: Native source row (sheet + row), artefact/record ID, source version, evidence date and source as-of/snapshot date; location/link where permitted. | G6: Blank means unknown/not supplied/not applicable only when explicitly marked; never coerce blank to 0 or infer an evidence record. | H6: Reconcile unique AIR-ID and the evidence index reference against the native AIG-INV-04 workbook before relying on it.
A7: Risk assessment | B7: AIG-ASS-02 Risk Assessment Worksheet | C7: Risk Assessment + Document Control | D7: AIR-ID | E7: Link the current assessment to the system record; retain assessment details and scoring rationale in AIG-ASS-02, not duplicated here. | F7: AIG-ASS-02 version; worksheet row/section or assessment record identifier; assessment date; source evidence IDs; as-of date for inputs. | G7: Unanswered risk or score is not zero and must not be treated as a completed assessment. | H7: Confirm risk inputs and calculated result against the native AIG-ASS-02 record and indexed evidence.
A8: Decision / minutes | B8: AIG-DEC-03 Governance Decision Record and the native forum minutes | C8: Decision record ID; meeting/minute reference | D8: AIR-ID + Decision Record ID; relate to AIG-DEC-04 Event ID where present | E8: AIG-DEC-03 owns the reasoned decision; minutes remain native records; cross-reference, do not reproduce the decision narrative. | F8: Decision-record version/ID, meeting/minute reference, record row/section, decision date and as-of date. | G8: No decision, approver or date is inferred from a paper, plan or empty field. | H8: Reconcile the decision record and minute reference with delegated authority and corresponding AIG-DEC-04 event.
A9: Gate plan / event / condition | B9: AIG-DEC-04 AI Governance Gate Log | C9: Gate Log record; native Event ID, AIR-ID, conditions and due/status fields | D9: AIR-ID + Event ID; Condition ID if assigned by the Council | E9: Distinguish proposed/planned gate from dated event; conditions are attached to an event. Do not treat a plan as an approval. | F9: Native sheet + row, Event ID, Condition reference, AIG-DEC-04 version and as-of/snapshot date. | G9: Missing date/status remains missing; open, overdue, waived and not applicable are distinct states, not numeric zero. | H9: Match event, condition, evidence reference and latest recorded decision; investigate inconsistencies.
A10: Live monitoring / review | B10: AIG-OPS-02 AI Post-Deployment Monitoring and Review Log | C10: Monitoring Log; Sampling Method; record row | D10: AIR-ID + monitoring period + metric/review record; Event ID/Condition ref when relevant | E10: Link observed result and reproducible sample to AIG-OPS-02; threshold breaches trigger documented consideration and, where applicable, AIG-DEC-04 escalation. | F10: AIG-OPS-02 version, Monitoring Log row, monitoring period, review date, sample source/population and as-of date. | G10: Blank result/sample/threshold is not zero, compliance or no breach. | H10: Reproduce sample and compare actual result with the approved threshold; trace breach response to AIG-DEC-03/AIG-DEC-04/AIG-OPS-03/AIG-AIMS-08 as appropriate.
A11: Reporting population | B11: AIG-INV-04 AI Register and Assessment summary; AIG-DEC-03 and native minutes; AIG-DEC-04 plan/event/condition; AIG-OPS-02 | C11: Source records for each reporting period; native evidence index for evidence pointers | D11: AIR-ID, Evidence ID, Decision Record ID, Event ID, Condition ref, monitoring period | E11: Report at the declared snapshot date; show numerator, denominator, exclusions, missing/unknown and not-applicable separately. Report plans versus completed events separately. | F11: Freeze reporting as-of date; retain the source workbook/document version and source row identifiers for each sampled/aggregated record. | G11: Do not count blanks as zero or complete; distinguish zero observed from no data and from not applicable. | H11: Reconcile totals to source populations and document filters, period, exclusions and unresolved links.
A12: Audit sampling | B12: AIG-AIMS-07 Internal Audit Programme and Procedure; sample sources AIG-INV-04 AI Register/Assessment summary, AIG-DEC-03/minutes, AIG-DEC-04 plan/event/condition, AIG-OPS-02 log | C12: Auditor-selected native records; evidence index is a locator, not a substitute for evidence | D12: AIR-ID + each native record key above | E12: Record sampling frame, population size, inclusion/exclusion criteria, selection method and seed/date where random; inspect source records rather than only summary views. | F12: Record each sampled native sheet/document and row/record ID, version, source as-of date, retrieval date, criterion tested, and evidence index reference. | G12: An absent record is a sample finding/gap, not a zero; unknown is not pass. | H12: Auditor records independent selection, trace-back and reproducibility in the AIG-AIMS-07 audit working papers/findings.
A13: Native evidence index | B13: AIG-INV-04 Evidence index (native evidence index) | C13: Evidence ID, AIR-ID, artefact/record ID, version, evidence/decision date, status, location/link, gate/condition reference as present | D13: Evidence ID + AIR-ID; optionally Event ID / Condition ref | E13: Use as a pointer to the authoritative artefact, not as the decision itself or a copied evidence store. Preserve its native metadata. | F13: Capture source row, source workbook version and as-of date alongside index metadata when reporting/auditing. | G13: Empty index fields signal missing provenance; do not supply invented versions, dates, links or approval. | H13: Check that linked artefact exists, version matches, is appropriate to the question and has not been superseded.

Sheet STANDARDS SCOPE QA
A1: PROPOSED QA INDEX — NOT APPROVED. A source reference does not establish applicability or compliance. See AIG-AIMS-05 and AIG-AIMS-13; owners must validate the current source, case-specific scope, control evidence and adopted status.
A2: Requirement ID | B2: Instrument / edition | C2: Conditional scope / relevance | D2: Source URL | E2: Owner validation status
A3: REQ-011 | B3: Section 46 Code of Practice on records management under FOIA | C3: Screen the statutory code requirement against this artefact's actual use and record evidence/version; see the AIG-AIMS-05 Applicable Requirements entry (REQ-011) for the controlled position. | D3: https://ico.org.uk/for-organisations/foi/freedom-of-information-and-environmental-information-regulations/section-46-code-of-practice-records-management/ | E3: Specialist validation required
A4: REQ-040 | B4: ISO/IEC 42001:2023 Artificial intelligence management system | C4: Proposed management-system design mapping; licensed clause review and adoption needed. | D4: https://www.iso.org/standard/42001 | E4: Specialist validation required
A5: REQ-044 | B5: Council AI Governance Playbook — proposed edition/version and currency to be owner-validated | C5: Proposed Council suite edition and controlled adoption remain unconfirmed. | D5: Internal controlled suite — 52 purpose-grouped artefacts (see AIG-GOV-03) | E5: Specialist validation required

Sheet MAP & SPLIT CONTRACT
A1: AIG-AIMS-13 / PROPOSED THREE-ARTEFACT SOURCE CONTRACT
A3: Status | B3: PROPOSED INTEGRATION DESIGN ONLY. This sheet does not amend the artefact's native assessment, decision authority, data or formulas.
A4: Role of this file | B4: Source assurance: Record source citations and applicability separately. AIG-INV-04 Evidence index holds case pointers; map source refs are relationship evidence, not legal conclusions or gate approvals.
A5: AIG-INV-04 source | B5: Separate AIG-INV-04 AI Register: official AIR-ID, current position, in-file Assessment summary/Evidence index. Reconcile against authoritative AIG-INV-04 before using a copied value.
A6: AIG-DEC-04 source | B6: Separate AIG-DEC-04 Gate Log: prospective Gate plan, dated Gate events, event-linked Conditions. A planned gate is not a decision. A decision requires AIG-DEC-03 or approved minutes and proper delegation.
A7: Map source | B7: Proposed standalone Capabilities and System Map (candidate catalogue ID AIG-INV-05): UC/CAP and component relationship pointers. Edge ID is not an approval or permission; AIG-AGT-04/AIG-AGT-05 remain sources of agent scope/authority.
A8: Data exchange | B8: Use controlled AIR-ID across files. Where applicable reference exact Event ID, Condition ID, Evidence ID, AG-ID and Edge ID. Record source file/version/as-at with imported or quoted evidence; no live cross-workbook formula is assumed.
A9: Change trigger | B9: New or expanded system/tool access, or a material model, data, interface, purpose or agent change: log the map change, obtain owner reassessment and escalate to the proper AIG-DEC-04 gate/AIG-DEC-03 decision when required.
A10: Validation before use | B10: The INTEGRATION INV-04 DEC-04 tab in this workbook is current supporting design guidance (not historical) and holds the detailed join notes. Controlled owners must reconcile real records, validate values and formulas in Excel, and approve migration/cutover; existing Council records remain unchanged until then.
