Workbook

Sheet READ ME
A1: AIG-INV-04 | Using the simplified AI Register
A3: Status | B3: Draft for Council review — unpopulated design draft; not adopted policy or an operational replacement.
A4: What AIG-INV-04 answers | B4: Which system is governed, who owns it, its permitted purpose and its current position. The summary and evidence index are tabs inside AIG-INV-04, not separate playbook artefacts.
A5: Where detail lives | B5: Priority/risk/agent triage remain in AIG-ASS-01/AIG-ASS-02/AIG-AGT-02/AIG-AGT-03. The proposed standalone Capabilities and System Map (candidate AIG-INV-05) joins by controlled AIR-ID; AIG-AGT-04/AIG-AGT-05 remain authoritative for per-agent scope/authority. Assessment summary and Evidence index are tabs within AIG-INV-04, not separate playbook artefacts.
A6: Decision boundary | B6: SYSTEM BASELINE ONLY. Approval / operational status here applies to the governed system baseline and is not permission for any UC-ID. Verify the exact UC-ID, scoped decision and conditions in AIG-DEC-03 / approved minutes and dated AIG-DEC-04 event. Reconcile to the separate use-case current view.
A7: ID / cross-file join | B7: Use only the controlled AIR-ID issued through governance. Enter the same AIR-ID in AIG-DEC-04. No live cross-file formula or invented ID is used.
A8: Ownership | B8: Service Owner supplies case facts; technical and specialist owners supply their evidence; Governance maintains and reconciles the Register.
A9: Before migration | B9: Agree the revised field list with the owners of the Council's existing (pre-suite) AI register before any migration. Reconcile every existing register field and actual record, keep history, test in Excel, approve a cutover and retain the existing records. No source data was migrated into this draft.
A10: Status field names | B10: Governance Approval Status (column H) and Operational Status (column I) are the fields named in AIG-INV-01, AIG-OPS-01 and Playbook §3.6/§3.7. Allowed values — Governance Approval Status: Pending, Approved, Approved with conditions, Rejected, On hold, Suspended, Superseded. Operational Status: Not live, Active, Suspended, Decommissioned. ‘Approved (or Approved with conditions) and Active’ describes the system baseline only; a use is authorised only by its UC-ID decision in AIG-DEC-03.
A11: Outcome mapping | B11: Governance Approval Status ↔ AIG-DEC-03 outcome: Pending ↔ Pending; Approved ↔ Approved; Approved with conditions ↔ Approved with conditions; On hold ↔ Deferred; Rejected ↔ Rejected; Suspended ↔ Suspended; Superseded ↔ Retired (replaced by another AIR-ID). AIG-DEC-04 gate outcomes map to the same list on its Lists sheet.
A12: §3.7 minimum fields | B12: AI Register: AIR-ID, name, purpose/boundary with UC-ID(s) covered (P), service area, Service Owner, supplier/source, capability/tools permitted (Q), lifecycle stage, dates registered/first used (R, S), Governance Approval and Operational Status, personal/special category data (T), ATRS requirement (U), Model Card completion (V), monitoring in place (W), last/next review (X, N), route (Y), intake type (Z). Assessment summary: AGPI score (O), Effective Governance Priority (B), inherent risk (P), control effectiveness (Q), residual risk (R) and risk tier (D), DPIA (H) and EIA (I) positions. Gate decisions, conditions and events stay in AIG-DEC-03/AIG-DEC-04; use-level detail in the UC-ID current view.
A13: ID conventions (Proposed — for Council confirmation) | B13: AIR-ID: AIR-nnnn, issued only by governance, never reused (format check warns). UC-ID: UC-nnnn, unique across the Council (not per AIR-ID). Suggested prefixes: EV- Evidence ID; RCH- Register Change ID; PLN- Plan ID; EVT- Event ID; CND- Condition ID; MED- Map Edge ID; MCH- Map Change ID. Enter one ID per cell where a join is needed.
A14: Row checks | B14: Row checks are prompts, not approvals. Anything other than the pass text is highlighted amber: resolve it against the source record before relying on the row.
... A16: Information asset link (v3.9.10) | B16: Column AA holds the reference of the matching entry in the Council's Information Asset Register. The Information Asset Owner is recorded there and is not repeated here, so each fact has one source. Leave it blank only where the system has no information asset entry yet, and ask the records manager or DPO to create one. Proposed — for Council confirmation.

Sheet AI Register
A1: AIG-INV-04 / AI REGISTER — CURRENT POSITION
A2: DRAFT PROTOTYPE · not approved for operational use. One row per governed system. Only the authorised governance process issues AIR-IDs. A status is not a decision; reconcile approval with the decision record and dated AIG-DEC-04 gate event. Columns P–Z hold the remaining Playbook §3.7 minimum fields; column AA links the system to the Council's Information Asset Register. The Row check (O) covers them.
A3: AIR-ID | B3: System name | C3: Purpose and boundary | D3: Service area | E3: Service Owner | F3: Supplier / source | G3: Lifecycle stage | H3: Governance Approval Status (system baseline; not use approval) | I3: Operational Status (system baseline) | J3: Can it act? | K3: Decision record ref | L3: Latest gate Event ID | M3: Assessment / evidence ref | N3: Next review | O3: Row check | P3: UC-ID(s) covered — approved purpose and scope (one per line or AIG-DEC-03 ref) | Q3: AI capability and systems/tools permitted (pointer) | R3: Date registered | S3: Date first used | T3: Personal / special category data? | U3: ATRS requirement | V3: Model Card completion | W3: Monitoring in place? | X3: Last review date | Y3: Route / pathway | Z3: Intake type | AA3: Information asset reference
O4: =IF(COUNTA(A4:N4,P4:AA4)=0,"",IF(TRIM(A4)="","AIR-ID missing",IF(SUMPRODUCT(--(TRIM($A$4:$A$206)=TRIM(A4)))>1,"Duplicate AIR-ID",IF(OR(B4="",E4="",G4="",H4="",I4="",N4=""),"Required field missing (name, owner, stage, status or next review)",IF(NOT(ISNUMBER(N4)),"Next review is not a date",IF(OR(AND(R4<>"",NOT(ISNUMBER(R4))),AND(S4<>"",NOT(ISNUMBER(S4))),AND(X4<>"",NOT(ISNUMBER(X4)))),"Date field is not a date",IF(AND(OR(H4="Approved",H4="Approved with conditions"),OR(K4="",L4="")),"Approval evidence refs missing",IF(AND(I4="Active",H4<>"Approved",H4<>"Approved with conditions"),"Active without approved status",IF(AND(I4="Active",G4<>"Deployment and Operation",G4<>"Monitoring and Review"),"Active in wrong lifecycle stage",IF(AND(I4="Active",P4=""),"Active without UC-ID link",IF(AND(OR(J4="Yes",J4="Unsure"),M4=""),"Agent evidence ref missing",IF(AND(I4="Active",W4<>"Yes"),"Active without monitoring in place",IF(N4<TODAY(),"Review overdue","Check refs against source")))))))))))))
O5: =IF(COUNTA(A5:N5,P5:AA5)=0,"",IF(TRIM(A5)="","AIR-ID missing",IF(SUMPRODUCT(--(TRIM($A$4:$A$206)=TRIM(A5)))>1,"Duplicate AIR-ID",IF(OR(B5="",E5="",G5="",H5="",I5="",N5=""),"Required field missing (name, owner, stage, status or next review)",IF(NOT(ISNUMBER(N5)),"Next review is not a date",IF(OR(AND(R5<>"",NOT(ISNUMBER(R5))),AND(S5<>"",NOT(ISNUMBER(S5))),AND(X5<>"",NOT(ISNUMBER(X5)))),"Date field is not a date",IF(AND(OR(H5="Approved",H5="Approved with conditions"),OR(K5="",L5="")),"Approval evidence refs missing",IF(AND(I5="Active",H5<>"Approved",H5<>"Approved with conditions"),"Active without approved status",IF(AND(I5="Active",G5<>"Deployment and Operation",G5<>"Monitoring and Review"),"Active in wrong lifecycle stage",IF(AND(I5="Active",P5=""),"Active without UC-ID link",IF(AND(OR(J5="Yes",J5="Unsure"),M5=""),"Agent evidence ref missing",IF(AND(I5="Active",W5<>"Yes"),"Active without monitoring in place",IF(N5<TODAY(),"Review overdue","Check refs against source")))))))))))))
O6: =IF(COUNTA(A6:N6,P6:AA6)=0,"",IF(TRIM(A6)="","AIR-ID missing",IF(SUMPRODUCT(--(TRIM($A$4:$A$206)=TRIM(A6)))>1,"Duplicate AIR-ID",IF(OR(B6="",E6="",G6="",H6="",I6="",N6=""),"Required field missing (name, owner, stage, status or next review)",IF(NOT(ISNUMBER(N6)),"Next review is not a date",IF(OR(AND(R6<>"",NOT(ISNUMBER(R6))),AND(S6<>"",NOT(ISNUMBER(S6))),AND(X6<>"",NOT(ISNUMBER(X6)))),"Date field is not a date",IF(AND(OR(H6="Approved",H6="Approved with conditions"),OR(K6="",L6="")),"Approval evidence refs missing",IF(AND(I6="Active",H6<>"Approved",H6<>"Approved with conditions"),"Active without approved status",IF(AND(I6="Active",G6<>"Deployment and Operation",G6<>"Monitoring and Review"),"Active in wrong lifecycle stage",IF(AND(I6="Active",P6=""),"Active without UC-ID link",IF(AND(OR(J6="Yes",J6="Unsure"),M6=""),"Agent evidence ref missing",IF(AND(I6="Active",W6<>"Yes"),"Active without monitoring in place",IF(N6<TODAY(),"Review overdue","Check refs against source")))))))))))))
O7: =IF(COUNTA(A7:N7,P7:AA7)=0,"",IF(TRIM(A7)="","AIR-ID missing",IF(SUMPRODUCT(--(TRIM($A$4:$A$206)=TRIM(A7)))>1,"Duplicate AIR-ID",IF(OR(B7="",E7="",G7="",H7="",I7="",N7=""),"Required field missing (name, owner, stage, status or next review)",IF(NOT(ISNUMBER(N7)),"Next review is not a date",IF(OR(AND(R7<>"",NOT(ISNUMBER(R7))),AND(S7<>"",NOT(ISNUMBER(S7))),AND(X7<>"",NOT(ISNUMBER(X7)))),"Date field is not a date",IF(AND(OR(H7="Approved",H7="Approved with conditions"),OR(K7="",L7="")),"Approval evidence refs missing",IF(AND(I7="Active",H7<>"Approved",H7<>"Approved with conditions"),"Active without approved status",IF(AND(I7="Active",G7<>"Deployment and Operation",G7<>"Monitoring and Review"),"Active in wrong lifecycle stage",IF(AND(I7="Active",P7=""),"Active without UC-ID link",IF(AND(OR(J7="Yes",J7="Unsure"),M7=""),"Agent evidence ref missing",IF(AND(I7="Active",W7<>"Yes"),"Active without monitoring in place",IF(N7<TODAY(),"Review overdue","Check refs against source")))))))))))))
O8: =IF(COUNTA(A8:N8,P8:AA8)=0,"",IF(TRIM(A8)="","AIR-ID missing",IF(SUMPRODUCT(--(TRIM($A$4:$A$206)=TRIM(A8)))>1,"Duplicate AIR-ID",IF(OR(B8="",E8="",G8="",H8="",I8="",N8=""),"Required field missing (name, owner, stage, status or next review)",IF(NOT(ISNUMBER(N8)),"Next review is not a date",IF(OR(AND(R8<>"",NOT(ISNUMBER(R8))),AND(S8<>"",NOT(ISNUMBER(S8))),AND(X8<>"",NOT(ISNUMBER(X8)))),"Date field is not a date",IF(AND(OR(H8="Approved",H8="Approved with conditions"),OR(K8="",L8="")),"Approval evidence refs missing",IF(AND(I8="Active",H8<>"Approved",H8<>"Approved with conditions"),"Active without approved status",IF(AND(I8="Active",G8<>"Deployment and Operation",G8<>"Monitoring and Review"),"Active in wrong lifecycle stage",IF(AND(I8="Active",P8=""),"Active without UC-ID link",IF(AND(OR(J8="Yes",J8="Unsure"),M8=""),"Agent evidence ref missing",IF(AND(I8="Active",W8<>"Yes"),"Active without monitoring in place",IF(N8<TODAY(),"Review overdue","Check refs against source")))))))))))))
O9: =IF(COUNTA(A9:N9,P9:AA9)=0,"",IF(TRIM(A9)="","AIR-ID missing",IF(SUMPRODUCT(--(TRIM($A$4:$A$206)=TRIM(A9)))>1,"Duplicate AIR-ID",IF(OR(B9="",E9="",G9="",H9="",I9="",N9=""),"Required field missing (name, owner, stage, status or next review)",IF(NOT(ISNUMBER(N9)),"Next review is not a date",IF(OR(AND(R9<>"",NOT(ISNUMBER(R9))),AND(S9<>"",NOT(ISNUMBER(S9))),AND(X9<>"",NOT(ISNUMBER(X9)))),"Date field is not a date",IF(AND(OR(H9="Approved",H9="Approved with conditions"),OR(K9="",L9="")),"Approval evidence refs missing",IF(AND(I9="Active",H9<>"Approved",H9<>"Approved with conditions"),"Active without approved status",IF(AND(I9="Active",G9<>"Deployment and Operation",G9<>"Monitoring and Review"),"Active in wrong lifecycle stage",IF(AND(I9="Active",P9=""),"Active without UC-ID link",IF(AND(OR(J9="Yes",J9="Unsure"),M9=""),"Agent evidence ref missing",IF(AND(I9="Active",W9<>"Yes"),"Active without monitoring in place",IF(N9<TODAY(),"Review overdue","Check refs against source")))))))))))))
O10: =IF(COUNTA(A10:N10,P10:AA10)=0,"",IF(TRIM(A10)="","AIR-ID missing",IF(SUMPRODUCT(--(TRIM($A$4:$A$206)=TRIM(A10)))>1,"Duplicate AIR-ID",IF(OR(B10="",E10="",G10="",H10="",I10="",N10=""),"Required field missing (name, owner, stage, status or next review)",IF(NOT(ISNUMBER(N10)),"Next review is not a date",IF(OR(AND(R10<>"",NOT(ISNUMBER(R10))),AND(S10<>"",NOT(ISNUMBER(S10))),AND(X10<>"",NOT(ISNUMBER(X10)))),"Date field is not a date",IF(AND(OR(H10="Approved",H10="Approved with conditions"),OR(K10="",L10="")),"Approval evidence refs missing",IF(AND(I10="Active",H10<>"Approved",H10<>"Approved with conditions"),"Active without approved status",IF(AND(I10="Active",G10<>"Deployment and Operation",G10<>"Monitoring and Review"),"Active in wrong lifecycle stage",IF(AND(I10="Active",P10=""),"Active without UC-ID link",IF(AND(OR(J10="Yes",J10="Unsure"),M10=""),"Agent evidence ref missing",IF(AND(I10="Active",W10<>"Yes"),"Active without monitoring in place",IF(N10<TODAY(),"Review overdue","Check refs against source")))))))))))))
O11: =IF(COUNTA(A11:N11,P11:AA11)=0,"",IF(TRIM(A11)="","AIR-ID missing",IF(SUMPRODUCT(--(TRIM($A$4:$A$206)=TRIM(A11)))>1,"Duplicate AIR-ID",IF(OR(B11="",E11="",G11="",H11="",I11="",N11=""),"Required field missing (name, owner, stage, status or next review)",IF(NOT(ISNUMBER(N11)),"Next review is not a date",IF(OR(AND(R11<>"",NOT(ISNUMBER(R11))),AND(S11<>"",NOT(ISNUMBER(S11))),AND(X11<>"",NOT(ISNUMBER(X11)))),"Date field is not a date",IF(AND(OR(H11="Approved",H11="Approved with conditions"),OR(K11="",L11="")),"Approval evidence refs missing",IF(AND(I11="Active",H11<>"Approved",H11<>"Approved with conditions"),"Active without approved status",IF(AND(I11="Active",G11<>"Deployment and Operation",G11<>"Monitoring and Review"),"Active in wrong lifecycle stage",IF(AND(I11="Active",P11=""),"Active without UC-ID link",IF(AND(OR(J11="Yes",J11="Unsure"),M11=""),"Agent evidence ref missing",IF(AND(I11="Active",W11<>"Yes"),"Active without monitoring in place",IF(N11<TODAY(),"Review overdue","Check refs against source")))))))))))))
O12: =IF(COUNTA(A12:N12,P12:AA12)=0,"",IF(TRIM(A12)="","AIR-ID missing",IF(SUMPRODUCT(--(TRIM($A$4:$A$206)=TRIM(A12)))>1,"Duplicate AIR-ID",IF(OR(B12="",E12="",G12="",H12="",I12="",N12=""),"Required field missing (name, owner, stage, status or next review)",IF(NOT(ISNUMBER(N12)),"Next review is not a date",IF(OR(AND(R12<>"",NOT(ISNUMBER(R12))),AND(S12<>"",NOT(ISNUMBER(S12))),AND(X12<>"",NOT(ISNUMBER(X12)))),"Date field is not a date",IF(AND(OR(H12="Approved",H12="Approved with conditions"),OR(K12="",L12="")),"Approval evidence refs missing",IF(AND(I12="Active",H12<>"Approved",H12<>"Approved with conditions"),"Active without approved status",IF(AND(I12="Active",G12<>"Deployment and Operation",G12<>"Monitoring and Review"),"Active in wrong lifecycle stage",IF(AND(I12="Active",P12=""),"Active without UC-ID link",IF(AND(OR(J12="Yes",J12="Unsure"),M12=""),"Agent evidence ref missing",IF(AND(I12="Active",W12<>"Yes"),"Active without monitoring in place",IF(N12<TODAY(),"Review overdue","Check refs against source")))))))))))))
O13: =IF(COUNTA(A13:N13,P13:AA13)=0,"",IF(TRIM(A13)="","AIR-ID missing",IF(SUMPRODUCT(--(TRIM($A$4:$A$206)=TRIM(A13)))>1,"Duplicate AIR-ID",IF(OR(B13="",E13="",G13="",H13="",I13="",N13=""),"Required field missing (name, owner, stage, status or next review)",IF(NOT(ISNUMBER(N13)),"Next review is not a date",IF(OR(AND(R13<>"",NOT(ISNUMBER(R13))),AND(S13<>"",NOT(ISNUMBER(S13))),AND(X13<>"",NOT(ISNUMBER(X13)))),"Date field is not a date",IF(AND(OR(H13="Approved",H13="Approved with conditions"),OR(K13="",L13="")),"Approval evidence refs missing",IF(AND(I13="Active",H13<>"Approved",H13<>"Approved with conditions"),"Active without approved status",IF(AND(I13="Active",G13<>"Deployment and Operation",G13<>"Monitoring and Review"),"Active in wrong lifecycle stage",IF(AND(I13="Active",P13=""),"Active without UC-ID link",IF(AND(OR(J13="Yes",J13="Unsure"),M13=""),"Agent evidence ref missing",IF(AND(I13="Active",W13<>"Yes"),"Active without monitoring in place",IF(N13<TODAY(),"Review overdue","Check refs against source")))))))))))))
O14: =IF(COUNTA(A14:N14,P14:AA14)=0,"",IF(TRIM(A14)="","AIR-ID missing",IF(SUMPRODUCT(--(TRIM($A$4:$A$206)=TRIM(A14)))>1,"Duplicate AIR-ID",IF(OR(B14="",E14="",G14="",H14="",I14="",N14=""),"Required field missing (name, owner, stage, status or next review)",IF(NOT(ISNUMBER(N14)),"Next review is not a date",IF(OR(AND(R14<>"",NOT(ISNUMBER(R14))),AND(S14<>"",NOT(ISNUMBER(S14))),AND(X14<>"",NOT(ISNUMBER(X14)))),"Date field is not a date",IF(AND(OR(H14="Approved",H14="Approved with conditions"),OR(K14="",L14="")),"Approval evidence refs missing",IF(AND(I14="Active",H14<>"Approved",H14<>"Approved with conditions"),"Active without approved status",IF(AND(I14="Active",G14<>"Deployment and Operation",G14<>"Monitoring and Review"),"Active in wrong lifecycle stage",IF(AND(I14="Active",P14=""),"Active without UC-ID link",IF(AND(OR(J14="Yes",J14="Unsure"),M14=""),"Agent evidence ref missing",IF(AND(I14="Active",W14<>"Yes"),"Active without monitoring in place",IF(N14<TODAY(),"Review overdue","Check refs against source")))))))))))))
O15: =IF(COUNTA(A15:N15,P15:AA15)=0,"",IF(TRIM(A15)="","AIR-ID missing",IF(SUMPRODUCT(--(TRIM($A$4:$A$206)=TRIM(A15)))>1,"Duplicate AIR-ID",IF(OR(B15="",E15="",G15="",H15="",I15="",N15=""),"Required field missing (name, owner, stage, status or next review)",IF(NOT(ISNUMBER(N15)),"Next review is not a date",IF(OR(AND(R15<>"",NOT(ISNUMBER(R15))),AND(S15<>"",NOT(ISNUMBER(S15))),AND(X15<>"",NOT(ISNUMBER(X15)))),"Date field is not a date",IF(AND(OR(H15="Approved",H15="Approved with conditions"),OR(K15="",L15="")),"Approval evidence refs missing",IF(AND(I15="Active",H15<>"Approved",H15<>"Approved with conditions"),"Active without approved status",IF(AND(I15="Active",G15<>"Deployment and Operation",G15<>"Monitoring and Review"),"Active in wrong lifecycle stage",IF(AND(I15="Active",P15=""),"Active without UC-ID link",IF(AND(OR(J15="Yes",J15="Unsure"),M15=""),"Agent evidence ref missing",IF(AND(I15="Active",W15<>"Yes"),"Active without monitoring in place",IF(N15<TODAY(),"Review overdue","Check refs against source")))))))))))))
... O206: =IF(COUNTA(A206:N206,P206:AA206)=0,"",IF(TRIM(A206)="","AIR-ID missing",IF(SUMPRODUCT(--(TRIM($A$4:$A$206)=TRIM(A206)))>1,"Duplicate AIR-ID",IF(OR(B206="",E206="",G206="",H206="",I206="",N206=""),"Required field missing (name, owner, stage, status or next review)",IF(NOT(ISNUMBER(N206)),"Next review is not a date",IF(OR(AND(R206<>"",NOT(ISNUMBER(R206))),AND(S206<>"",NOT(ISNUMBER(S206))),AND(X206<>"",NOT(ISNUMBER(X206)))),"Date field is not a date",IF(AND(OR(H206="Approved",H206="Approved with conditions"),OR(K206="",L206="")),"Approval evidence refs missing",IF(AND(I206="Active",H206<>"Approved",H206<>"Approved with conditions"),"Active without approved status",IF(AND(I206="Active",G206<>"Deployment and Operation",G206<>"Monitoring and Review"),"Active in wrong lifecycle stage",IF(AND(I206="Active",P206=""),"Active without UC-ID link",IF(AND(OR(J206="Yes",J206="Unsure"),M206=""),"Agent evidence ref missing",IF(AND(I206="Active",W206<>"Yes"),"Active without monitoring in place",IF(N206<TODAY(),"Review overdue","Check refs against source")))))))))))))

Sheet Assessment summary
A1: AIG-INV-04 / ASSESSMENT SUMMARY
A2: A current, brief pointer to the existing AIG-ASS-01, AIG-ASS-02, AIG-AGT-02/AIG-AGT-03 and specialist records. This is not a new assessment or a gate decision. One row per AIR-ID; verify against the source. Risk values are system-level summaries (highest applicable UC-ID or the shared baseline); per-UC-ID values stay in AIG-ASS-02 and the UC-ID current view.
A3: AIR-ID | B3: Effective Governance Priority (AIG-ASS-01, after any authorised override) | C3: AIG-ASS-01 ref / date | D3: Risk tier (AIG-ASS-02; highest applicable UC-ID or baseline) | E3: AIG-ASS-02 ref / date | F3: Agency tier (AIG-AGT-02/AIG-AGT-03) | G3: AIG-AGT-02/AIG-AGT-03 ref / date | H3: Privacy / DPIA position | I3: Equality / EIA position | J3: Other specialist finding refs | K3: AIG-AGT-04 Agent Record ref | L3: AIG-AGT-05 Authority Graph ref | M3: AIG-OPS-02 Monitoring ref | N3: As-at date | O3: AGPI score (0–100, AIG-ASS-01) | P3: Inherent risk score (L × I) | Q3: Control effectiveness (1–5) | R3: Residual risk score | S3: Decisions about individuals — Art 22A flag / AIG-OPS-04 tier | T3: Latest priority-override Event ID (AIG-DEC-04) | U3: Reconciled on | V3: Row check
V4: =IF(COUNTA(A4:U4)=0,"",IF(A4="","AIR-ID missing",IF(COUNTIF($A$4:$A$206,A4)>1,"Duplicate AIR-ID (one row per AIR-ID)",IF(COUNTIF('AI Register'!$A$4:$A$206,A4)=0,"AIR-ID not in AI Register",IF(OR(AND(N4<>"",NOT(ISNUMBER(N4))),AND(U4<>"",NOT(ISNUMBER(U4)))),"Date field is not a date",IF(OR(S4="",S4="Unsure — assess"),"Art 22A / AIG-OPS-04 tier to assess","Check against source"))))))
V5: =IF(COUNTA(A5:U5)=0,"",IF(A5="","AIR-ID missing",IF(COUNTIF($A$4:$A$206,A5)>1,"Duplicate AIR-ID (one row per AIR-ID)",IF(COUNTIF('AI Register'!$A$4:$A$206,A5)=0,"AIR-ID not in AI Register",IF(OR(AND(N5<>"",NOT(ISNUMBER(N5))),AND(U5<>"",NOT(ISNUMBER(U5)))),"Date field is not a date",IF(OR(S5="",S5="Unsure — assess"),"Art 22A / AIG-OPS-04 tier to assess","Check against source"))))))
V6: =IF(COUNTA(A6:U6)=0,"",IF(A6="","AIR-ID missing",IF(COUNTIF($A$4:$A$206,A6)>1,"Duplicate AIR-ID (one row per AIR-ID)",IF(COUNTIF('AI Register'!$A$4:$A$206,A6)=0,"AIR-ID not in AI Register",IF(OR(AND(N6<>"",NOT(ISNUMBER(N6))),AND(U6<>"",NOT(ISNUMBER(U6)))),"Date field is not a date",IF(OR(S6="",S6="Unsure — assess"),"Art 22A / AIG-OPS-04 tier to assess","Check against source"))))))
V7: =IF(COUNTA(A7:U7)=0,"",IF(A7="","AIR-ID missing",IF(COUNTIF($A$4:$A$206,A7)>1,"Duplicate AIR-ID (one row per AIR-ID)",IF(COUNTIF('AI Register'!$A$4:$A$206,A7)=0,"AIR-ID not in AI Register",IF(OR(AND(N7<>"",NOT(ISNUMBER(N7))),AND(U7<>"",NOT(ISNUMBER(U7)))),"Date field is not a date",IF(OR(S7="",S7="Unsure — assess"),"Art 22A / AIG-OPS-04 tier to assess","Check against source"))))))
V8: =IF(COUNTA(A8:U8)=0,"",IF(A8="","AIR-ID missing",IF(COUNTIF($A$4:$A$206,A8)>1,"Duplicate AIR-ID (one row per AIR-ID)",IF(COUNTIF('AI Register'!$A$4:$A$206,A8)=0,"AIR-ID not in AI Register",IF(OR(AND(N8<>"",NOT(ISNUMBER(N8))),AND(U8<>"",NOT(ISNUMBER(U8)))),"Date field is not a date",IF(OR(S8="",S8="Unsure — assess"),"Art 22A / AIG-OPS-04 tier to assess","Check against source"))))))
V9: =IF(COUNTA(A9:U9)=0,"",IF(A9="","AIR-ID missing",IF(COUNTIF($A$4:$A$206,A9)>1,"Duplicate AIR-ID (one row per AIR-ID)",IF(COUNTIF('AI Register'!$A$4:$A$206,A9)=0,"AIR-ID not in AI Register",IF(OR(AND(N9<>"",NOT(ISNUMBER(N9))),AND(U9<>"",NOT(ISNUMBER(U9)))),"Date field is not a date",IF(OR(S9="",S9="Unsure — assess"),"Art 22A / AIG-OPS-04 tier to assess","Check against source"))))))
V10: =IF(COUNTA(A10:U10)=0,"",IF(A10="","AIR-ID missing",IF(COUNTIF($A$4:$A$206,A10)>1,"Duplicate AIR-ID (one row per AIR-ID)",IF(COUNTIF('AI Register'!$A$4:$A$206,A10)=0,"AIR-ID not in AI Register",IF(OR(AND(N10<>"",NOT(ISNUMBER(N10))),AND(U10<>"",NOT(ISNUMBER(U10)))),"Date field is not a date",IF(OR(S10="",S10="Unsure — assess"),"Art 22A / AIG-OPS-04 tier to assess","Check against source"))))))
V11: =IF(COUNTA(A11:U11)=0,"",IF(A11="","AIR-ID missing",IF(COUNTIF($A$4:$A$206,A11)>1,"Duplicate AIR-ID (one row per AIR-ID)",IF(COUNTIF('AI Register'!$A$4:$A$206,A11)=0,"AIR-ID not in AI Register",IF(OR(AND(N11<>"",NOT(ISNUMBER(N11))),AND(U11<>"",NOT(ISNUMBER(U11)))),"Date field is not a date",IF(OR(S11="",S11="Unsure — assess"),"Art 22A / AIG-OPS-04 tier to assess","Check against source"))))))
V12: =IF(COUNTA(A12:U12)=0,"",IF(A12="","AIR-ID missing",IF(COUNTIF($A$4:$A$206,A12)>1,"Duplicate AIR-ID (one row per AIR-ID)",IF(COUNTIF('AI Register'!$A$4:$A$206,A12)=0,"AIR-ID not in AI Register",IF(OR(AND(N12<>"",NOT(ISNUMBER(N12))),AND(U12<>"",NOT(ISNUMBER(U12)))),"Date field is not a date",IF(OR(S12="",S12="Unsure — assess"),"Art 22A / AIG-OPS-04 tier to assess","Check against source"))))))
V13: =IF(COUNTA(A13:U13)=0,"",IF(A13="","AIR-ID missing",IF(COUNTIF($A$4:$A$206,A13)>1,"Duplicate AIR-ID (one row per AIR-ID)",IF(COUNTIF('AI Register'!$A$4:$A$206,A13)=0,"AIR-ID not in AI Register",IF(OR(AND(N13<>"",NOT(ISNUMBER(N13))),AND(U13<>"",NOT(ISNUMBER(U13)))),"Date field is not a date",IF(OR(S13="",S13="Unsure — assess"),"Art 22A / AIG-OPS-04 tier to assess","Check against source"))))))
V14: =IF(COUNTA(A14:U14)=0,"",IF(A14="","AIR-ID missing",IF(COUNTIF($A$4:$A$206,A14)>1,"Duplicate AIR-ID (one row per AIR-ID)",IF(COUNTIF('AI Register'!$A$4:$A$206,A14)=0,"AIR-ID not in AI Register",IF(OR(AND(N14<>"",NOT(ISNUMBER(N14))),AND(U14<>"",NOT(ISNUMBER(U14)))),"Date field is not a date",IF(OR(S14="",S14="Unsure — assess"),"Art 22A / AIG-OPS-04 tier to assess","Check against source"))))))
V15: =IF(COUNTA(A15:U15)=0,"",IF(A15="","AIR-ID missing",IF(COUNTIF($A$4:$A$206,A15)>1,"Duplicate AIR-ID (one row per AIR-ID)",IF(COUNTIF('AI Register'!$A$4:$A$206,A15)=0,"AIR-ID not in AI Register",IF(OR(AND(N15<>"",NOT(ISNUMBER(N15))),AND(U15<>"",NOT(ISNUMBER(U15)))),"Date field is not a date",IF(OR(S15="",S15="Unsure — assess"),"Art 22A / AIG-OPS-04 tier to assess","Check against source"))))))
... V206: =IF(COUNTA(A206:U206)=0,"",IF(A206="","AIR-ID missing",IF(COUNTIF($A$4:$A$206,A206)>1,"Duplicate AIR-ID (one row per AIR-ID)",IF(COUNTIF('AI Register'!$A$4:$A$206,A206)=0,"AIR-ID not in AI Register",IF(OR(AND(N206<>"",NOT(ISNUMBER(N206))),AND(U206<>"",NOT(ISNUMBER(U206)))),"Date field is not a date",IF(OR(S206="",S206="Unsure — assess"),"Art 22A / AIG-OPS-04 tier to assess","Check against source"))))))

Sheet Evidence index
A1: AIG-INV-04 / EVIDENCE INDEX
A2: Pointers only: retain original assessments, advice, tests and approved decisions in their authoritative locations. Never infer acceptance from a linked file.
A3: Evidence ID | B3: AIR-ID | C3: Artefact / record | D3: Type / subject | E3: Version / as-at | F3: Owner / author | G3: Status | H3: Location / link | I3: Notes | J3: Event ID (AIG-DEC-04) | K3: Condition ID (AIG-DEC-04) | L3: Row check | M3: Completed / last reviewed | N3: Review due | O3: Still-holds review ref (if over 12 months old)
L4: =IF(COUNTA(A4:K4,M4:O4)=0,"",IF(A4="","Evidence ID missing",IF(COUNTIF($A$4:$A$353,A4)>1,"Duplicate Evidence ID",IF(B4="","AIR-ID missing",IF(COUNTIF('AI Register'!$A$4:$A$206,B4)=0,"AIR-ID not in AI Register",IF(OR(C4="",H4=""),"Artefact or location missing",IF(AND(M4<>"",NOT(ISNUMBER(M4))),"Completed / last reviewed is not a date",IF(AND(N4<>"",NOT(ISNUMBER(N4))),"Review due is not a date",IF(AND(ISNUMBER(N4),N4<TODAY()),"Review date passed: re-review before citing by reference (Playbook §4.6)",IF(AND(G4="Accepted",ISNUMBER(M4),EDATE(M4,12)<TODAY(),O4=""),"Over 12 months old: owner's still-holds review needed before citing by reference","Check against source"))))))))))
L5: =IF(COUNTA(A5:K5,M5:O5)=0,"",IF(A5="","Evidence ID missing",IF(COUNTIF($A$4:$A$353,A5)>1,"Duplicate Evidence ID",IF(B5="","AIR-ID missing",IF(COUNTIF('AI Register'!$A$4:$A$206,B5)=0,"AIR-ID not in AI Register",IF(OR(C5="",H5=""),"Artefact or location missing",IF(AND(M5<>"",NOT(ISNUMBER(M5))),"Completed / last reviewed is not a date",IF(AND(N5<>"",NOT(ISNUMBER(N5))),"Review due is not a date",IF(AND(ISNUMBER(N5),N5<TODAY()),"Review date passed: re-review before citing by reference (Playbook §4.6)",IF(AND(G5="Accepted",ISNUMBER(M5),EDATE(M5,12)<TODAY(),O5=""),"Over 12 months old: owner's still-holds review needed before citing by reference","Check against source"))))))))))
L6: =IF(COUNTA(A6:K6,M6:O6)=0,"",IF(A6="","Evidence ID missing",IF(COUNTIF($A$4:$A$353,A6)>1,"Duplicate Evidence ID",IF(B6="","AIR-ID missing",IF(COUNTIF('AI Register'!$A$4:$A$206,B6)=0,"AIR-ID not in AI Register",IF(OR(C6="",H6=""),"Artefact or location missing",IF(AND(M6<>"",NOT(ISNUMBER(M6))),"Completed / last reviewed is not a date",IF(AND(N6<>"",NOT(ISNUMBER(N6))),"Review due is not a date",IF(AND(ISNUMBER(N6),N6<TODAY()),"Review date passed: re-review before citing by reference (Playbook §4.6)",IF(AND(G6="Accepted",ISNUMBER(M6),EDATE(M6,12)<TODAY(),O6=""),"Over 12 months old: owner's still-holds review needed before citing by reference","Check against source"))))))))))
L7: =IF(COUNTA(A7:K7,M7:O7)=0,"",IF(A7="","Evidence ID missing",IF(COUNTIF($A$4:$A$353,A7)>1,"Duplicate Evidence ID",IF(B7="","AIR-ID missing",IF(COUNTIF('AI Register'!$A$4:$A$206,B7)=0,"AIR-ID not in AI Register",IF(OR(C7="",H7=""),"Artefact or location missing",IF(AND(M7<>"",NOT(ISNUMBER(M7))),"Completed / last reviewed is not a date",IF(AND(N7<>"",NOT(ISNUMBER(N7))),"Review due is not a date",IF(AND(ISNUMBER(N7),N7<TODAY()),"Review date passed: re-review before citing by reference (Playbook §4.6)",IF(AND(G7="Accepted",ISNUMBER(M7),EDATE(M7,12)<TODAY(),O7=""),"Over 12 months old: owner's still-holds review needed before citing by reference","Check against source"))))))))))
L8: =IF(COUNTA(A8:K8,M8:O8)=0,"",IF(A8="","Evidence ID missing",IF(COUNTIF($A$4:$A$353,A8)>1,"Duplicate Evidence ID",IF(B8="","AIR-ID missing",IF(COUNTIF('AI Register'!$A$4:$A$206,B8)=0,"AIR-ID not in AI Register",IF(OR(C8="",H8=""),"Artefact or location missing",IF(AND(M8<>"",NOT(ISNUMBER(M8))),"Completed / last reviewed is not a date",IF(AND(N8<>"",NOT(ISNUMBER(N8))),"Review due is not a date",IF(AND(ISNUMBER(N8),N8<TODAY()),"Review date passed: re-review before citing by reference (Playbook §4.6)",IF(AND(G8="Accepted",ISNUMBER(M8),EDATE(M8,12)<TODAY(),O8=""),"Over 12 months old: owner's still-holds review needed before citing by reference","Check against source"))))))))))
L9: =IF(COUNTA(A9:K9,M9:O9)=0,"",IF(A9="","Evidence ID missing",IF(COUNTIF($A$4:$A$353,A9)>1,"Duplicate Evidence ID",IF(B9="","AIR-ID missing",IF(COUNTIF('AI Register'!$A$4:$A$206,B9)=0,"AIR-ID not in AI Register",IF(OR(C9="",H9=""),"Artefact or location missing",IF(AND(M9<>"",NOT(ISNUMBER(M9))),"Completed / last reviewed is not a date",IF(AND(N9<>"",NOT(ISNUMBER(N9))),"Review due is not a date",IF(AND(ISNUMBER(N9),N9<TODAY()),"Review date passed: re-review before citing by reference (Playbook §4.6)",IF(AND(G9="Accepted",ISNUMBER(M9),EDATE(M9,12)<TODAY(),O9=""),"Over 12 months old: owner's still-holds review needed before citing by reference","Check against source"))))))))))
L10: =IF(COUNTA(A10:K10,M10:O10)=0,"",IF(A10="","Evidence ID missing",IF(COUNTIF($A$4:$A$353,A10)>1,"Duplicate Evidence ID",IF(B10="","AIR-ID missing",IF(COUNTIF('AI Register'!$A$4:$A$206,B10)=0,"AIR-ID not in AI Register",IF(OR(C10="",H10=""),"Artefact or location missing",IF(AND(M10<>"",NOT(ISNUMBER(M10))),"Completed / last reviewed is not a date",IF(AND(N10<>"",NOT(ISNUMBER(N10))),"Review due is not a date",IF(AND(ISNUMBER(N10),N10<TODAY()),"Review date passed: re-review before citing by reference (Playbook §4.6)",IF(AND(G10="Accepted",ISNUMBER(M10),EDATE(M10,12)<TODAY(),O10=""),"Over 12 months old: owner's still-holds review needed before citing by reference","Check against source"))))))))))
L11: =IF(COUNTA(A11:K11,M11:O11)=0,"",IF(A11="","Evidence ID missing",IF(COUNTIF($A$4:$A$353,A11)>1,"Duplicate Evidence ID",IF(B11="","AIR-ID missing",IF(COUNTIF('AI Register'!$A$4:$A$206,B11)=0,"AIR-ID not in AI Register",IF(OR(C11="",H11=""),"Artefact or location missing",IF(AND(M11<>"",NOT(ISNUMBER(M11))),"Completed / last reviewed is not a date",IF(AND(N11<>"",NOT(ISNUMBER(N11))),"Review due is not a date",IF(AND(ISNUMBER(N11),N11<TODAY()),"Review date passed: re-review before citing by reference (Playbook §4.6)",IF(AND(G11="Accepted",ISNUMBER(M11),EDATE(M11,12)<TODAY(),O11=""),"Over 12 months old: owner's still-holds review needed before citing by reference","Check against source"))))))))))
L12: =IF(COUNTA(A12:K12,M12:O12)=0,"",IF(A12="","Evidence ID missing",IF(COUNTIF($A$4:$A$353,A12)>1,"Duplicate Evidence ID",IF(B12="","AIR-ID missing",IF(COUNTIF('AI Register'!$A$4:$A$206,B12)=0,"AIR-ID not in AI Register",IF(OR(C12="",H12=""),"Artefact or location missing",IF(AND(M12<>"",NOT(ISNUMBER(M12))),"Completed / last reviewed is not a date",IF(AND(N12<>"",NOT(ISNUMBER(N12))),"Review due is not a date",IF(AND(ISNUMBER(N12),N12<TODAY()),"Review date passed: re-review before citing by reference (Playbook §4.6)",IF(AND(G12="Accepted",ISNUMBER(M12),EDATE(M12,12)<TODAY(),O12=""),"Over 12 months old: owner's still-holds review needed before citing by reference","Check against source"))))))))))
L13: =IF(COUNTA(A13:K13,M13:O13)=0,"",IF(A13="","Evidence ID missing",IF(COUNTIF($A$4:$A$353,A13)>1,"Duplicate Evidence ID",IF(B13="","AIR-ID missing",IF(COUNTIF('AI Register'!$A$4:$A$206,B13)=0,"AIR-ID not in AI Register",IF(OR(C13="",H13=""),"Artefact or location missing",IF(AND(M13<>"",NOT(ISNUMBER(M13))),"Completed / last reviewed is not a date",IF(AND(N13<>"",NOT(ISNUMBER(N13))),"Review due is not a date",IF(AND(ISNUMBER(N13),N13<TODAY()),"Review date passed: re-review before citing by reference (Playbook §4.6)",IF(AND(G13="Accepted",ISNUMBER(M13),EDATE(M13,12)<TODAY(),O13=""),"Over 12 months old: owner's still-holds review needed before citing by reference","Check against source"))))))))))
L14: =IF(COUNTA(A14:K14,M14:O14)=0,"",IF(A14="","Evidence ID missing",IF(COUNTIF($A$4:$A$353,A14)>1,"Duplicate Evidence ID",IF(B14="","AIR-ID missing",IF(COUNTIF('AI Register'!$A$4:$A$206,B14)=0,"AIR-ID not in AI Register",IF(OR(C14="",H14=""),"Artefact or location missing",IF(AND(M14<>"",NOT(ISNUMBER(M14))),"Completed / last reviewed is not a date",IF(AND(N14<>"",NOT(ISNUMBER(N14))),"Review due is not a date",IF(AND(ISNUMBER(N14),N14<TODAY()),"Review date passed: re-review before citing by reference (Playbook §4.6)",IF(AND(G14="Accepted",ISNUMBER(M14),EDATE(M14,12)<TODAY(),O14=""),"Over 12 months old: owner's still-holds review needed before citing by reference","Check against source"))))))))))
L15: =IF(COUNTA(A15:K15,M15:O15)=0,"",IF(A15="","Evidence ID missing",IF(COUNTIF($A$4:$A$353,A15)>1,"Duplicate Evidence ID",IF(B15="","AIR-ID missing",IF(COUNTIF('AI Register'!$A$4:$A$206,B15)=0,"AIR-ID not in AI Register",IF(OR(C15="",H15=""),"Artefact or location missing",IF(AND(M15<>"",NOT(ISNUMBER(M15))),"Completed / last reviewed is not a date",IF(AND(N15<>"",NOT(ISNUMBER(N15))),"Review due is not a date",IF(AND(ISNUMBER(N15),N15<TODAY()),"Review date passed: re-review before citing by reference (Playbook §4.6)",IF(AND(G15="Accepted",ISNUMBER(M15),EDATE(M15,12)<TODAY(),O15=""),"Over 12 months old: owner's still-holds review needed before citing by reference","Check against source"))))))))))
... L353: =IF(COUNTA(A353:K353,M353:O353)=0,"",IF(A353="","Evidence ID missing",IF(COUNTIF($A$4:$A$353,A353)>1,"Duplicate Evidence ID",IF(B353="","AIR-ID missing",IF(COUNTIF('AI Register'!$A$4:$A$206,B353)=0,"AIR-ID not in AI Register",IF(OR(C353="",H353=""),"Artefact or location missing",IF(AND(M353<>"",NOT(ISNUMBER(M353))),"Completed / last reviewed is not a date",IF(AND(N353<>"",NOT(ISNUMBER(N353))),"Review due is not a date",IF(AND(ISNUMBER(N353),N353<TODAY()),"Review date passed: re-review before citing by reference (Playbook §4.6)",IF(AND(G353="Accepted",ISNUMBER(M353),EDATE(M353,12)<TODAY(),O353=""),"Over 12 months old: owner's still-holds review needed before citing by reference","Check against source"))))))))))

Sheet Register change log
A1: AIG-INV-04 / REGISTER CHANGE LOG
A2: Record material changes to identity or current state. Do not replace the dated AIG-DEC-04 gate-event history.
A3: Register Change ID | B3: AIR-ID | C3: Date | D3: Changed by | E3: Fields / old value | F3: New value / reason | G3: Authorised by / ref | H3: Notes | I3: Row check
I4: =IF(COUNTA(A4:H4)=0,"",IF(A4="","Register Change ID missing",IF(COUNTIF($A$4:$A$353,A4)>1,"Duplicate Register Change ID",IF(COUNTIF('AI Register'!$A$4:$A$206,B4)=0,"AIR-ID not in AI Register",IF(NOT(ISNUMBER(C4)),"Date missing or not a date",IF(OR(D4="",E4="",F4=""),"Change detail missing","Check against source"))))))
I5: =IF(COUNTA(A5:H5)=0,"",IF(A5="","Register Change ID missing",IF(COUNTIF($A$4:$A$353,A5)>1,"Duplicate Register Change ID",IF(COUNTIF('AI Register'!$A$4:$A$206,B5)=0,"AIR-ID not in AI Register",IF(NOT(ISNUMBER(C5)),"Date missing or not a date",IF(OR(D5="",E5="",F5=""),"Change detail missing","Check against source"))))))
I6: =IF(COUNTA(A6:H6)=0,"",IF(A6="","Register Change ID missing",IF(COUNTIF($A$4:$A$353,A6)>1,"Duplicate Register Change ID",IF(COUNTIF('AI Register'!$A$4:$A$206,B6)=0,"AIR-ID not in AI Register",IF(NOT(ISNUMBER(C6)),"Date missing or not a date",IF(OR(D6="",E6="",F6=""),"Change detail missing","Check against source"))))))
I7: =IF(COUNTA(A7:H7)=0,"",IF(A7="","Register Change ID missing",IF(COUNTIF($A$4:$A$353,A7)>1,"Duplicate Register Change ID",IF(COUNTIF('AI Register'!$A$4:$A$206,B7)=0,"AIR-ID not in AI Register",IF(NOT(ISNUMBER(C7)),"Date missing or not a date",IF(OR(D7="",E7="",F7=""),"Change detail missing","Check against source"))))))
I8: =IF(COUNTA(A8:H8)=0,"",IF(A8="","Register Change ID missing",IF(COUNTIF($A$4:$A$353,A8)>1,"Duplicate Register Change ID",IF(COUNTIF('AI Register'!$A$4:$A$206,B8)=0,"AIR-ID not in AI Register",IF(NOT(ISNUMBER(C8)),"Date missing or not a date",IF(OR(D8="",E8="",F8=""),"Change detail missing","Check against source"))))))
I9: =IF(COUNTA(A9:H9)=0,"",IF(A9="","Register Change ID missing",IF(COUNTIF($A$4:$A$353,A9)>1,"Duplicate Register Change ID",IF(COUNTIF('AI Register'!$A$4:$A$206,B9)=0,"AIR-ID not in AI Register",IF(NOT(ISNUMBER(C9)),"Date missing or not a date",IF(OR(D9="",E9="",F9=""),"Change detail missing","Check against source"))))))
I10: =IF(COUNTA(A10:H10)=0,"",IF(A10="","Register Change ID missing",IF(COUNTIF($A$4:$A$353,A10)>1,"Duplicate Register Change ID",IF(COUNTIF('AI Register'!$A$4:$A$206,B10)=0,"AIR-ID not in AI Register",IF(NOT(ISNUMBER(C10)),"Date missing or not a date",IF(OR(D10="",E10="",F10=""),"Change detail missing","Check against source"))))))
I11: =IF(COUNTA(A11:H11)=0,"",IF(A11="","Register Change ID missing",IF(COUNTIF($A$4:$A$353,A11)>1,"Duplicate Register Change ID",IF(COUNTIF('AI Register'!$A$4:$A$206,B11)=0,"AIR-ID not in AI Register",IF(NOT(ISNUMBER(C11)),"Date missing or not a date",IF(OR(D11="",E11="",F11=""),"Change detail missing","Check against source"))))))
I12: =IF(COUNTA(A12:H12)=0,"",IF(A12="","Register Change ID missing",IF(COUNTIF($A$4:$A$353,A12)>1,"Duplicate Register Change ID",IF(COUNTIF('AI Register'!$A$4:$A$206,B12)=0,"AIR-ID not in AI Register",IF(NOT(ISNUMBER(C12)),"Date missing or not a date",IF(OR(D12="",E12="",F12=""),"Change detail missing","Check against source"))))))
I13: =IF(COUNTA(A13:H13)=0,"",IF(A13="","Register Change ID missing",IF(COUNTIF($A$4:$A$353,A13)>1,"Duplicate Register Change ID",IF(COUNTIF('AI Register'!$A$4:$A$206,B13)=0,"AIR-ID not in AI Register",IF(NOT(ISNUMBER(C13)),"Date missing or not a date",IF(OR(D13="",E13="",F13=""),"Change detail missing","Check against source"))))))
I14: =IF(COUNTA(A14:H14)=0,"",IF(A14="","Register Change ID missing",IF(COUNTIF($A$4:$A$353,A14)>1,"Duplicate Register Change ID",IF(COUNTIF('AI Register'!$A$4:$A$206,B14)=0,"AIR-ID not in AI Register",IF(NOT(ISNUMBER(C14)),"Date missing or not a date",IF(OR(D14="",E14="",F14=""),"Change detail missing","Check against source"))))))
I15: =IF(COUNTA(A15:H15)=0,"",IF(A15="","Register Change ID missing",IF(COUNTIF($A$4:$A$353,A15)>1,"Duplicate Register Change ID",IF(COUNTIF('AI Register'!$A$4:$A$206,B15)=0,"AIR-ID not in AI Register",IF(NOT(ISNUMBER(C15)),"Date missing or not a date",IF(OR(D15="",E15="",F15=""),"Change detail missing","Check against source"))))))
... I353: =IF(COUNTA(A353:H353)=0,"",IF(A353="","Register Change ID missing",IF(COUNTIF($A$4:$A$353,A353)>1,"Duplicate Register Change ID",IF(COUNTIF('AI Register'!$A$4:$A$206,B353)=0,"AIR-ID not in AI Register",IF(NOT(ISNUMBER(C353)),"Date missing or not a date",IF(OR(D353="",E353="",F353=""),"Change detail missing","Check against source"))))))

Sheet Document Control
A1: AIG-INV-04 — Document Control
A2: Controlled working template. Draft for Council review; not Council-adopted and not effective until formally approved.
A4: Field | B4: Controlled value
A5: Document ID | B5: AIG-INV-04
A6: Artefact | B6: AI Register (proposed simplified design)
A7: Version | B7: 1.2 draft
A8: Status | B8: Draft for Council review
A9: Document owner | B9: AI Governance Lead (operational custody); Service Owners accountable for system facts
A10: Approving body | B10: Competent Council authority under Constitution and Scheme of Delegation; AI Assurance Board provides assurance where applicable
A11: Approval date | B11: Not yet approved
A12: Effective date | B12: Not yet effective
A13: Next review date | B13: To be set on approval: 12 months after effective date or sooner following material change
A14: Classification | B14: OFFICIAL
A16: Change history
A17: Version | B17: Date | C17: Change | D17: Author / owner
A18: 1.0 draft | B18: 29 September 2026 | C18: First controlled version with document control. QA remediation — applied findings QA-024, QA-063, QA-100, QA-130, QA-211, QA-233, QA-234, QA-238, QA-251, QA-267, QA-268, QA-291 (see QA change log). | D18: AI Governance Lead
A19: 1.1 draft | B19: 3 October 2026 | C19: v3.9.8: Evidence index gains Completed / last reviewed (M), Review due (N) and Still-holds review ref (O), so the 12-month test for screening by reference (Playbook §4.6) can be checked; the row check flags a passed review date, and an Accepted entry over 12 months old with no still-holds review. Existing columns A to L unchanged. Proposed — for Council confirmation. | D19: AI Governance Lead
A20: 1.2 draft | B20: 12 October 2026 | C20: v3.9.10: AI Register gains column AA, Information asset reference, linking each system to the Council's Information Asset Register; the asset owner stays in that register. The row check counts column AA. READ ME explains the link. Existing columns A to Z unchanged. Proposed — for Council confirmation. | D20: AI Governance Lead
