Workbook

Sheet Summary
A1: The Council — AIMS Applicable Requirements and Change Register
A2: AIG-AIMS-05 · v1.9 draft · Draft for Council review · OFFICIAL · ISO/IEC 42001:2023
A3: Purpose: maintain proposed AIMS requirements, owners, evidence, review and controlled change.
A4: Legal status: desk-review starting point only. Legal Services, the DPO, Monitoring Officer and specialist functions must validate applicability, interpretation, authority, sources and actions before adoption. Existing Council obligations registers remain authoritative.
A6: Document control | B6: Controlled value | D6: Requirements readiness | G6: Change readiness
A7: Document ID | B7: AIG-AIMS-05 | D7: Measure | E7: Result | G7: Measure | H7: Result
A8: Version | B8: 1.9 draft | D8: Desk-reviewed requirements | E8: =COUNTA('Applicable Requirements'!$A$7:$A$64) | G8: Change records | H8: =COUNTA('Change Register'!$A$7:$A$40)
A9: Status | B9: Draft for Council review | D9: Applicable | E9: =COUNTIF('Applicable Requirements'!$F$7:$F$64,"Applicable") | G9: Critical / high | H9: =COUNTIF('Change Register'!$H$7:$H$40,"Critical")+COUNTIF('Change Register'!$H$7:$H$40,"High")
A10: Document owner | B10: AI Governance Lead | D10: Conditional | E10: =COUNTIF('Applicable Requirements'!$F$7:$F$64,"Conditional") | G10: Assessment required | H10: =COUNTIF('Change Register'!$I$7:$I$40,"Assessment required")
A11: Primary specialist owners | B11: Legal Services, DPO, Monitoring Officer and named control functions | D11: Voluntary / proposed adoption | E11: =COUNTIF('Applicable Requirements'!$F$7:$F$64,"Voluntary adopted")+COUNTIF('Applicable Requirements'!$F$7:$F$64,"Proposed adoption") | G11: Monitoring | H11: =COUNTIF('Change Register'!$I$7:$I$40,"Monitoring")
A12: Approving authority | B12: To be confirmed under Council delegations | D12: Specialist validation required | E12: =COUNTIF('Applicable Requirements'!$G$7:$G$64,"Specialist validation required") | G12: Implemented / closed | H12: =COUNTIF('Change Register'!$I$7:$I$40,"Implemented")+COUNTIF('Change Register'!$I$7:$I$40,"Closed")
A13: Effective date | B13: Pending formal approval | D13: Validated | E13: =COUNTIF('Applicable Requirements'!$G$7:$G$64,"Validated") | G13: Target dates recorded | H13: =COUNT('Change Register'!$J$7:$J$40)
A14: Review frequency | B14: Monthly change review; annual full validation; event-driven updates | D14: Reviews due within 90 days | E14: =COUNTIFS('Applicable Requirements'!$R$7:$R$64,">="&TODAY(),'Applicable Requirements'!$R$7:$R$64,"<="&TODAY()+90) | G14: Evidence recorded | H14: =COUNTA('Change Register'!$K$7:$K$40)
A15: Source position | B15: AIG-AIMS-01 section 8; AIG-AIMS-03 IMP-04; official sources verified 2026-08-07 (1-month review items now overdue; see Requirement reviews overdue) | D15: Requirement QA complete | E15: =COUNTIF('Applicable Requirements'!$U$7:$U$64,"Complete") | G15: Change QA complete (not overdue) | H15: =COUNTIF('Change Register'!$O$7:$O$40,"Complete")
A16: Classification | B16: OFFICIAL | D16: Requirement reviews overdue | E16: =COUNTIFS('Applicable Requirements'!$R$7:$R$64,"<"&TODAY()) | G16: Change reviews overdue | H16: =COUNTIFS('Change Register'!$N$7:$N$40,"<"&TODAY())
D18: Monitoring and evidence | G18: Immediate implementation decisions
D19: Measure | E19: Result | G19: 1. Legal, DPO and specialist owners validate all 58 applicability entries.
D20: Horizon channels | E20: =COUNTA('Horizon Scanning'!$A$7:$A$19) | G20: 2. Close the DUAA 2025 gap assessment, including complaints and updated ADM interpretation.
D21: Active channels | E21: =COUNTIF('Horizon Scanning'!$J$7:$J$19,"Active") | G21: 3. Complete EU AI Act territorial/actor screening and apply only where legally in scope.
D22: Completed scans | E22: =COUNT('Horizon Scanning'!$K$7:$K$19) | G22: 4. Formally decide ATRS, ISO/IEC 42001 and related voluntary-standard adoption.
D23: Evidence domains | E23: =COUNTA('Evidence & Review'!$A$7:$A$21) | G23: 5. Populate the authoritative Council policy, Constitution and delegation sources.
D24: Evidence locations recorded | E24: =COUNTA('Evidence & Review'!$J$7:$J$21) | G24: 6. Approve horizon-scanning ownership, cadence, escalation and evidence.
D25: Evidence records complete | E25: =COUNTIF('Evidence & Review'!$O$7:$O$21,"Complete") | G25: 7. Link every live AI Register record to case-specific legal, contract and partnership obligations.
A28: Controlled requirements and change process
A29: 1. Identify an authoritative source or received obligation; record its legal/policy status and date.
A30: 2. Specialist owner validates applicability, interpretation, affected services/systems and any conflict.
A31: 3. Assign an accountable owner, evidence, review frequency and affected AIMS/process/control references.
A32: 4. Assess change significance and urgency; record decision, target, resources and interim risk controls.
A33: 5. Update affected policies, artefacts, contracts, systems, training and communications through approved change control.
A34: 6. Verify implementation and effectiveness; retain evidence and close or continue monitoring.
A35: 7. Feed open changes, overdue reviews, evidence gaps, material changes and trends into risk treatment, audit and AIMS management review.
A37: Version | B37: Date | C37: Change | G37: Author / owner
A38: 1.0 draft | B38: 46241 | C38: Initial applicable-requirements, regulatory-change, horizon-scanning and evidence design aligned to AIG-AIMS-01 and AIG-AIMS-03 IMP-04; official sources checked 2026-08-07. | G38: AI Governance Lead
A39: 1.3 draft | B39: 28 September 2026 | C39: Correct review interval QA, validate positive whole months and make applicability colours exact.
A40: 1.4 draft | B40: 29 September 2026 | C40: QA remediation — applied findings QA-168, QA-218, QA-220, QA-222, QA-223, QA-238, QA-240, QA-241, QA-251, QA-256, QA-257, QA-284, QA-287, QA-291 and decision D9 legal dates (see QA change log). CHG-001 split; CHG-013 added. Integration pass: REQ-052 (DSIT Code of Practice for the Cyber Security of AI, January 2025) and REQ-053 (ETSI EN 304 223, January 2026) added; inventory now 53 entries. | G40: AI Governance Lead
A41: 1.5 draft | B41: 30 September 2026 | C41: v3.9.1: REQ-054 added: Civil Contingencies Act 2004 (Category 1 responder duties, including business continuity arrangements), conditional where an AI use supports a prioritised activity in the Council’s business continuity plans, linked to AIG-OPS-01 section 8 (new business continuity link) and AIG-ASS-08 section 8; added to STANDARDS SCOPE QA, EVD-07, EVD-15 and SCN-01; inventory now 54 entries. Proposed — for Council confirmation. | G41: AI Governance Lead
A42: 1.6 draft | B42: 1 October 2026 | C42: v3.9.3: REQ-055 added: NIST AI 600-1 Artificial Intelligence Risk Management Framework: Generative Artificial Intelligence Profile (July 2024), voluntary guidance (US), reference only, not statutory; relevance: generative AI risk prompts and actions; linked to the Playbook (§4.3, §5.4.3, §5.4.4), the new AIG-AIMS-11 risk domain crosswalk, AIG-ASS-04 and AIG-ASS-11; added to STANDARDS SCOPE QA and EVD-15; inventory now 55 entries; last verified 1 October 2026. Applicable Requirements table filter range corrected to the full table. Proposed — for Council confirmation. | G42: AI Governance Lead
A43: 1.7 draft | B43: 1 October 2026 | C43: v3.9.4: Horizon Scanning SCN-07 widened from ISO only to a standards bodies channel: ISO/IEC JTC 1/SC 42, NIST (AI publications, including the AI RMF and NIST AI 600-1) and ETSI (Securing AI); quarterly; owner AI Governance Lead; any change logged against the linked requirements REQ-041, REQ-042, REQ-053 and REQ-055 (related requirements now REQ-040 to REQ-043, REQ-053, REQ-055; NIST and ETSI source URLs added). REQ-042 required action: validate the AIG-AIMS-11 crosswalk against the Council’s licensed copy of ISO/IEC 42005 before formal adoption (not a pilot blocker). No columns added. Proposed — for Council confirmation. | G43: AI Governance Lead
A44: 1.8 draft | B44: 2 October 2026 | C44: v3.9.5: REQ-056 added: The Data Protection Act 2018 (Code of Practice on Artificial Intelligence and Automated Decision-Making) Regulations 2026 (SI 2026/425), requiring an ICO statutory code of practice on AI and automated decision-making, from regulatory scanner review REG-0001; CHG-014 added; linked to SCN-01, SCN-03 and EVD-01 (inventory now 56 entries). RequirementsChangeTable range also extended to include CHG-012 to CHG-014. Proposed — for Council confirmation. | G44: AI Governance Lead
A45: 1.9 draft | B45: 12 October 2026 | C45: v3.9.10: REQ-057 DAMA-DMBOK (Data Management Body of Knowledge, 2nd Edition Revised) and REQ-058 ISO/IEC 5259 series (data quality for analytics and machine learning) added as voluntary references; the inventory now holds 58 entries. Standards scope QA and evidence coverage (EVD-15) extended. Proposed — for Council confirmation. | G45: AI Governance Lead

Sheet Applicable Requirements
A1: The Council — Applicable Requirements Register
A2: AIG-AIMS-05 · v1.9 draft · Draft for Council review · OFFICIAL · ISO/IEC 42001:2023
A3: Purpose: record authoritative requirements, proposed applicability, validation, ownership, affected processes, evidence, source, review and change decisions for the AIMS scope.
A4: Current position: all 58 entries are desk-reviewed and require competent specialist validation. 'Applicable' does not mean every provision applies to every AI system; case-specific triggers and interpretations must be recorded by authorised Council functions.
A6: Requirement ID | B6: Category | C6: Authority type | D6: Requirement / instrument | E6: Jurisdiction | F6: Proposed applicability | G6: Validation status | H6: Why it applies / trigger | I6: Principal AIMS / AI obligation | J6: Proposed owner | K6: Lifecycle / process | L6: Related suite references | M6: ISO / SoA links | N6: Required compliance evidence | O6: Authoritative source URL / location | P6: Last verified | Q6: Review interval (months) | R6: Next review | S6: Change state | T6: Required action / decision | U6: Record QA
A7: REQ-001 | B7: Data protection and privacy | C7: Legislation | D7: UK General Data Protection Regulation (UK GDPR), as amended | E7: United Kingdom | F7: Applicable | G7: Specialist validation required | H7: Council AI trains on, receives, infers, generates or otherwise processes personal data. | I7: Establish lawful basis and purpose; apply fairness, transparency, minimisation, accuracy, retention, security, accountability, rights, DPIA and processor/controller controls. Interpret automated decision-making together with the DUAA and current ICO guidance. | J7: DPO / Information Governance | K7: Intake; data; design; procurement; deployment; monitoring; incidents; retirement | L7: AIG-INV-03, AIG-ASS-02, AIG-ASS-04, AIG-ASS-05, AIG-ASS-08, AIG-ASS-09, AIG-OPS-03, AIG-OPS-01 | M7: ISO 4.2, 6.1, 8.1; A.5, A.7, A.8 | N7: ROPA; DPIA; privacy information; lawful-basis decision; data map; rights/complaint records; contracts; monitoring | O7: https://www.legislation.gov.uk/eur/2016/679/contents | P7: 46241 | Q7: 3 | R7: =IF(P7="","",IF(OR(NOT(ISNUMBER(P7)),NOT(ISNUMBER(Q7)),Q7<0,Q7<>INT(Q7)),"CHECK DATE / INTERVAL",EDATE(P7,Q7))) | S7: Amended | T7: DPO/Legal to validate current article-level mapping after DUAA amendments and identify every in-scope system. | U7: =IF(AND(A7<>"",B7<>"",C7<>"",D7<>"",E7<>"",F7<>"",G7<>"",H7<>"",I7<>"",J7<>"",K7<>"",L7<>"",M7<>"",N7<>"",O7<>"",P7<>"",AND(ISNUMBER(P7),ISNUMBER(Q7),Q7>0,Q7=INT(Q7),ISNUMBER(R7)),S7<>"",T7<>""),IF(AND(ISNUMBER(R7),R7<TODAY()),"Review overdue","Complete"),"Incomplete")
A8: REQ-002 | B8: Data protection and privacy | C8: Legislation | D8: Data Protection Act 2018, as amended | E8: United Kingdom | F8: Applicable | G8: Specialist validation required | H8: The Council processes general, special-category, criminal-offence and potentially law-enforcement data. | I8: Apply the correct processing regime, conditions and safeguards; retain DPO advice; manage exemptions, enforcement, offences and data-subject rights. Determine Part 3 competent-authority processing case by case. | J8: DPO / Legal Services | K8: Intake; data; DPIA; operations; incidents; complaints | L8: AIG-ASS-02, AIG-ASS-04, AIG-ASS-05, AIG-OPS-03 | M8: ISO 4.2, 6.1, 8.1; A.5, A.7 | N8: Processing-regime decision; condition schedules; DPIA; DPO advice; rights and incident records | O8: https://www.legislation.gov.uk/ukpga/2018/12/contents | P8: 46241 | Q8: 3 | R8: =IF(P8="","",IF(OR(NOT(ISNUMBER(P8)),NOT(ISNUMBER(Q8)),Q8<0,Q8<>INT(Q8)),"CHECK DATE / INTERVAL",EDATE(P8,Q8))) | S8: Amended | T8: DPO/Legal to confirm Part 2/Part 3 applicability, schedules and any service-specific exemptions. | U8: =IF(AND(A8<>"",B8<>"",C8<>"",D8<>"",E8<>"",F8<>"",G8<>"",H8<>"",I8<>"",J8<>"",K8<>"",L8<>"",M8<>"",N8<>"",O8<>"",P8<>"",AND(ISNUMBER(P8),ISNUMBER(Q8),Q8>0,Q8=INT(Q8),ISNUMBER(R8)),S8<>"",T8<>""),IF(AND(ISNUMBER(R8),R8<TODAY()),"Review overdue","Complete"),"Incomplete")
A9: REQ-003 | B9: Data protection and privacy | C9: Legislation | D9: Data (Use and Access) Act 2025 (DUAA) | E9: United Kingdom | F9: Applicable | G9: Specialist validation required | H9: The DUAA amends UK GDPR, DPA 2018 and PECR. The main data-protection amendments, including s.70 (lawfulness and recognised legitimate interests) and s.80 / Sch 6 (UK GDPR Articles 22A to 22D, automated decision-making), commenced on 5 February 2026 (SI 2026/82, reg 2). The s.103 data-protection complaints duty (DPA 2018 s.164A) applies from 19 June 2026 (reg 3) to complaints received on or after that date. | I9: Update privacy, automated-decision, legitimate-interest, research, transfer, cookie/communications and enforcement interpretations as relevant; maintain a compliant data-protection complaints process and current notices/procedures. | J9: DPO / Legal Services / Complaints | K9: AIMS requirements; DPIA; decisions; complaints; policies; training | L9: AIG-ASS-04, AIG-ASS-05, AIG-OPS-05, AIG-OPS-03, AIG-AIMS-04 | M9: ISO 4.2, 7.4, 8.1, 10.2; A.3.3, A.5, A.8 | N9: DUAA gap assessment; updated procedures/notices; complaints route; training; legal advice; change closure | O9: https://www.legislation.gov.uk/uksi/2026/82/contents/made (commencement, primary) ; https://www.legislation.gov.uk/ukpga/2025/18/contents ; https://ico.org.uk/about-the-ico/what-we-do/legislation-we-cover/data-use-and-access-act-2025/ | P9: 46241 | Q9: 1 | R9: =IF(P9="","",IF(OR(NOT(ISNUMBER(P9)),NOT(ISNUMBER(Q9)),Q9<0,Q9<>INT(Q9)),"CHECK DATE / INTERVAL",EDATE(P9,Q9))) | S9: New / commenced | T9: Complete a Council DUAA implementation check, including complaints and current automated-decision safeguards; close CHG-001. | U9: =IF(AND(A9<>"",B9<>"",C9<>"",D9<>"",E9<>"",F9<>"",G9<>"",H9<>"",I9<>"",J9<>"",K9<>"",L9<>"",M9<>"",N9<>"",O9<>"",P9<>"",AND(ISNUMBER(P9),ISNUMBER(Q9),Q9>0,Q9=INT(Q9),ISNUMBER(R9)),S9<>"",T9<>""),IF(AND(ISNUMBER(R9),R9<TODAY()),"Review overdue","Complete"),"Incomplete")
A10: REQ-004 | B10: Data protection and privacy | C10: Legislation | D10: Privacy and Electronic Communications Regulations 2003 (PECR), as amended | E10: United Kingdom | F10: Conditional | G10: Specialist validation required | H10: Triggered by electronic communications, direct marketing, cookies or similar storage/access technologies in AI-enabled services. | I10: Assess consent and information duties, communications rules and cookie/device access; reflect DUAA amendments and ICO guidance. | J10: DPO / Digital / Communications | K10: Service design; web/app; communications; monitoring | L10: AIG-ASS-04, AIG-ASS-05, AIG-ASS-10, AIG-OPS-01 | M10: ISO 4.2, 8.1; A.5.4, A.8.2 | N10: Cookie/technology assessment; consent records; notices; communications approval; supplier configuration | O10: https://www.legislation.gov.uk/uksi/2003/2426/contents | P10: 46241 | Q10: 6 | R10: =IF(P10="","",IF(OR(NOT(ISNUMBER(P10)),NOT(ISNUMBER(Q10)),Q10<0,Q10<>INT(Q10)),"CHECK DATE / INTERVAL",EDATE(P10,Q10))) | S10: Amended | T10: DPO to define PECR triggers for chatbots, analytics, personalisation and AI-enabled communications. | U10: =IF(AND(A10<>"",B10<>"",C10<>"",D10<>"",E10<>"",F10<>"",G10<>"",H10<>"",I10<>"",J10<>"",K10<>"",L10<>"",M10<>"",N10<>"",O10<>"",P10<>"",AND(ISNUMBER(P10),ISNUMBER(Q10),Q10>0,Q10=INT(Q10),ISNUMBER(R10)),S10<>"",T10<>""),IF(AND(ISNUMBER(R10),R10<TODAY()),"Review overdue","Complete"),"Incomplete")
A11: REQ-005 | B11: Equality and non-discrimination | C11: Legislation | D11: Equality Act 2010, including Public Sector Equality Duty section 149 | E11: England, Scotland and Wales | F11: Applicable | G11: Specialist validation required | H11: The Council is a public authority and AI may affect protected groups, access, employment or service outcomes. | I11: Avoid direct/indirect discrimination, harassment and victimisation; make reasonable adjustments; have due regard to eliminating discrimination, advancing equality and fostering good relations throughout procurement, design, use and review. | J11: Equality Lead / Legal Services | K11: Intake; procurement; impact assessment; testing; engagement; monitoring | L11: AIG-ASS-02, AIG-ASS-04, AIG-ASS-06, AIG-ASS-07, AIG-ASS-10, AIG-OPS-05 | M11: ISO 4.2, 6.1, 8.1; A.5.2-A.5.5, A.8 | N11: Equality analysis; EIA; affected-group evidence; accessibility tests; mitigations; monitoring; decision record | O11: https://www.legislation.gov.uk/ukpga/2010/15/section/149 | P11: 46241 | Q11: 6 | R11: =IF(P11="","",IF(OR(NOT(ISNUMBER(P11)),NOT(ISNUMBER(Q11)),Q11<0,Q11<>INT(Q11)),"CHECK DATE / INTERVAL",EDATE(P11,Q11))) | S11: Current | T11: Equality/Legal to validate the PSED evidence standard and approval route for each material AI case. | U11: =IF(AND(A11<>"",B11<>"",C11<>"",D11<>"",E11<>"",F11<>"",G11<>"",H11<>"",I11<>"",J11<>"",K11<>"",L11<>"",M11<>"",N11<>"",O11<>"",P11<>"",AND(ISNUMBER(P11),ISNUMBER(Q11),Q11>0,Q11=INT(Q11),ISNUMBER(R11)),S11<>"",T11<>""),IF(AND(ISNUMBER(R11),R11<TODAY()),"Review overdue","Complete"),"Incomplete")
A12: REQ-006 | B12: Human rights and public law | C12: Legislation | D12: Human Rights Act 1998 | E12: United Kingdom | F12: Applicable | G12: Specialist validation required | H12: It is unlawful for a public authority to act incompatibly with Convention rights; AI may affect privacy, liberty, expression, property, fair procedures or non-discrimination. | I12: Identify engaged rights; assess legality, legitimate aim, necessity and proportionality; provide safeguards, meaningful human review, reasons, challenge and remedy. | J12: Legal Services / Human Rights Lead | K12: Intake; impact assessment; decisions; operations; complaints | L12: AIG-ASS-04, AIG-ASS-07, AIG-ASS-10, AIG-DEC-03, AIG-OPS-03 | M12: ISO 4.2, 6.1, 8.1; A.5, A.8 | N12: Human Rights Assessment; legal advice; proportionality analysis; oversight; explanation; complaint/redress evidence | O12: https://www.legislation.gov.uk/ukpga/1998/42/contents | P12: 46241 | Q12: 6 | R12: =IF(P12="","",IF(OR(NOT(ISNUMBER(P12)),NOT(ISNUMBER(Q12)),Q12<0,Q12<>INT(Q12)),"CHECK DATE / INTERVAL",EDATE(P12,Q12))) | S12: Current | T12: Legal/Human Rights leads to confirm rights triggers and residual-risk acceptance authority. | U12: =IF(AND(A12<>"",B12<>"",C12<>"",D12<>"",E12<>"",F12<>"",G12<>"",H12<>"",I12<>"",J12<>"",K12<>"",L12<>"",M12<>"",N12<>"",O12<>"",P12<>"",AND(ISNUMBER(P12),ISNUMBER(Q12),Q12>0,Q12=INT(Q12),ISNUMBER(R12)),S12<>"",T12<>""),IF(AND(ISNUMBER(R12),R12<TODAY()),"Review overdue","Complete"),"Incomplete")
A13: REQ-007 | B13: Human rights and public law | C13: Public-law requirement | D13: Administrative law, statutory powers, procedural fairness and reasoned decision-making | E13: England / Council functions | F13: Applicable | G13: Specialist validation required | H13: Council decisions must remain within statutory powers and public-law standards even when supported by AI. | I13: Confirm lawful power and proper purpose; consider relevant matters; avoid fettering discretion or irrational outcomes; provide procedurally fair human decision-making, reasons, review and remedy proportionate to impact. | J13: Monitoring Officer / Legal Services | K13: Business case; design; decision workflow; oversight; redress | L13: AIG-ASS-02, AIG-ASS-04, AIG-ASS-07, AIG-ASS-09, AIG-DEC-03, AIG-OPS-03 | M13: ISO 4.2, 5.3, 8.1; A.5.4, A.8.2-A.8.4, A.9.2 | N13: Legal-power analysis; decision policy; human-oversight test; reasons; review/appeal route; sampling | O13: https://www.gov.uk/government/publications/the-judge-over-your-shoulder | P13: 46241 | Q13: 3 | R13: =IF(P13="","",IF(OR(NOT(ISNUMBER(P13)),NOT(ISNUMBER(Q13)),Q13<0,Q13<>INT(Q13)),"CHECK DATE / INTERVAL",EDATE(P13,Q13))) | S13: Current / case-law sensitive | T13: Monitoring Officer/Legal to validate the public-law checklist and system-specific statutory powers. | U13: =IF(AND(A13<>"",B13<>"",C13<>"",D13<>"",E13<>"",F13<>"",G13<>"",H13<>"",I13<>"",J13<>"",K13<>"",L13<>"",M13<>"",N13<>"",O13<>"",P13<>"",AND(ISNUMBER(P13),ISNUMBER(Q13),Q13>0,Q13=INT(Q13),ISNUMBER(R13)),S13<>"",T13<>""),IF(AND(ISNUMBER(R13),R13<TODAY()),"Review overdue","Complete"),"Incomplete")
A14: REQ-008 | B14: Accessibility and inclusion | C14: Legislation | D14: Public Sector Bodies (Websites and Mobile Applications) (No. 2) Accessibility Regulations 2018 | E14: United Kingdom | F14: Conditional | G14: Specialist validation required | H14: Applies where an AI-enabled public website or mobile application is within scope. | I14: Meet accessibility requirements, maintain an accessibility statement, remediate barriers and provide an effective feedback/contact route; integrate with Equality Act reasonable adjustments. | J14: Digital Accessibility Lead / Service Owner | K14: Design; user research; testing; publication; change | L14: AIG-ASS-06, AIG-ASS-07, AIG-ASS-10, AIG-OPS-05, AIG-OPS-01 | M14: ISO 4.2, 8.1; A.5.4, A.8.2-A.8.5 | N14: Accessibility assessment; statement; user testing; defect plan; alternative route; review records | O14: https://www.gov.uk/guidance/accessibility-requirements-for-public-sector-websites-and-apps | P14: 46241 | Q14: 6 | R14: =IF(P14="","",IF(OR(NOT(ISNUMBER(P14)),NOT(ISNUMBER(Q14)),Q14<0,Q14<>INT(Q14)),"CHECK DATE / INTERVAL",EDATE(P14,Q14))) | S14: Current | T14: Define applicability and approved accessibility standard/testing evidence for every public digital interface. | U14: =IF(AND(A14<>"",B14<>"",C14<>"",D14<>"",E14<>"",F14<>"",G14<>"",H14<>"",I14<>"",J14<>"",K14<>"",L14<>"",M14<>"",N14<>"",O14<>"",P14<>"",AND(ISNUMBER(P14),ISNUMBER(Q14),Q14>0,Q14=INT(Q14),ISNUMBER(R14)),S14<>"",T14<>""),IF(AND(ISNUMBER(R14),R14<TODAY()),"Review overdue","Complete"),"Incomplete")
A15: REQ-009 | B15: Information access and records | C15: Legislation | D15: Freedom of Information Act 2000 (FOIA) | E15: England, Wales and Northern Ireland | F15: Applicable | G15: Specialist validation required | H15: The Council is a public authority and recorded AI information may be held by the Council or on its behalf by suppliers. | I15: Identify, retain and retrieve official information; handle requests, publication duties, datasets and exemptions lawfully; ensure supplier-held information and decision records are accessible to the Council. | J15: Information Governance / FOI Lead | K15: Procurement; evidence; operations; transparency; requests; retirement | L15: AIG-INV-04, AIG-ASS-08 to AIG-ASS-10, AIG-DEC-03, AIG-OPS-05, AIG-GOV-06, AIG-OPS-01 | M15: ISO 7.5, 8.1; A.4.2-A.4.5, A.8.5, A.10.2 | N15: Records inventory; retrieval test; contract clauses; disclosure decisions; publication scheme; request logs | O15: https://www.legislation.gov.uk/ukpga/2000/36/contents | P15: 46241 | Q15: 12 | R15: =IF(P15="","",IF(OR(NOT(ISNUMBER(P15)),NOT(ISNUMBER(Q15)),Q15<0,Q15<>INT(Q15)),"CHECK DATE / INTERVAL",EDATE(P15,Q15))) | S15: Current | T15: FOI/IG to map AIMS records and supplier-held evidence to retrieval and exemption processes. | U15: =IF(AND(A15<>"",B15<>"",C15<>"",D15<>"",E15<>"",F15<>"",G15<>"",H15<>"",I15<>"",J15<>"",K15<>"",L15<>"",M15<>"",N15<>"",O15<>"",P15<>"",AND(ISNUMBER(P15),ISNUMBER(Q15),Q15>0,Q15=INT(Q15),ISNUMBER(R15)),S15<>"",T15<>""),IF(AND(ISNUMBER(R15),R15<TODAY()),"Review overdue","Complete"),"Incomplete")
A16: REQ-010 | B16: Information access and records | C16: Legislation | D16: Environmental Information Regulations 2004 (EIR) | E16: United Kingdom | F16: Conditional | G16: Specialist validation required | H16: Triggered where AI information falls within the definition of environmental information, including relevant planning, transport, waste, energy or environmental services. | I16: Identify EIR information; support access, proactive dissemination, exceptions and records retrieval under the correct regime. | J16: Information Governance / EIR Lead | K16: Service design; evidence; transparency; requests | L16: AIG-INV-04, AIG-ASS-10, AIG-OPS-05 | M16: ISO 4.2, 7.5; A.8.5 | N16: Regime decision; searchable records; request log; disclosure/exception decision; publication evidence | O16: https://www.legislation.gov.uk/uksi/2004/3391/contents | P16: 46241 | Q16: 12 | R16: =IF(P16="","",IF(OR(NOT(ISNUMBER(P16)),NOT(ISNUMBER(Q16)),Q16<0,Q16<>INT(Q16)),"CHECK DATE / INTERVAL",EDATE(P16,Q16))) | S16: Current | T16: EIR Lead to define service triggers and align evidence retention with FOIA/EIR handling. | U16: =IF(AND(A16<>"",B16<>"",C16<>"",D16<>"",E16<>"",F16<>"",G16<>"",H16<>"",I16<>"",J16<>"",K16<>"",L16<>"",M16<>"",N16<>"",O16<>"",P16<>"",AND(ISNUMBER(P16),ISNUMBER(Q16),Q16>0,Q16=INT(Q16),ISNUMBER(R16)),S16<>"",T16<>""),IF(AND(ISNUMBER(R16),R16<TODAY()),"Review overdue","Complete"),"Incomplete")
A17: REQ-011 | B17: Information access and records | C17: Statutory code | D17: Section 46 Code of Practice on records management under FOIA | E17: United Kingdom | F17: Applicable | G17: Specialist validation required | H17: The Code applies to public authorities covered by FOIA and supports ordered, retrievable and controlled records. | I17: Maintain governance, policies, responsibilities, retention/disposal, secure custody, retrieval and transfer arrangements for AI and AIMS records, including supplier-held material. | J17: Records Management / Information Governance | K17: Document control; evidence; contracts; retirement | L17: AIG-GOV-01, AIG-INV-04, AIG-ASS-08 to AIG-ASS-11, AIG-DEC-03, AIG-GOV-06, AIG-OPS-01, AIG-OPS-03, AIG-OPS-05, AIG-OPS-06, AIG-AIMS-01 to AIG-AIMS-05 | M17: ISO 7.5, 9.1-9.3, 10.2; A.4.2-A.4.5 | N17: Approved taxonomy; retention schedule; disposal holds; access logs; retrieval sample; transfer/exit evidence | O17: https://ico.org.uk/for-organisations/foi/freedom-of-information-and-environmental-information-regulations/section-46-code-of-practice-records-management/ | P17: 46241 | Q17: 12 | R17: =IF(P17="","",IF(OR(NOT(ISNUMBER(P17)),NOT(ISNUMBER(Q17)),Q17<0,Q17<>INT(Q17)),"CHECK DATE / INTERVAL",EDATE(P17,Q17))) | S17: Current | T17: Records Management to approve AIMS evidence taxonomy, retention and deletion/hold rules. | U17: =IF(AND(A17<>"",B17<>"",C17<>"",D17<>"",E17<>"",F17<>"",G17<>"",H17<>"",I17<>"",J17<>"",K17<>"",L17<>"",M17<>"",N17<>"",O17<>"",P17<>"",AND(ISNUMBER(P17),ISNUMBER(Q17),Q17>0,Q17=INT(Q17),ISNUMBER(R17)),S17<>"",T17<>""),IF(AND(ISNUMBER(R17),R17<TODAY()),"Review overdue","Complete"),"Incomplete")
A18: REQ-012 | B18: Local-government transparency | C18: Statutory code / government requirement | D18: Local Government Transparency Code 2015 | E18: England | F18: Applicable | G18: Specialist validation required | H18: The Code sets mandatory and recommended local-authority publication requirements; AI-related spend, contracts or decisions may be captured. | I18: Map AI procurement, spend, contracts, grants, assets and decision records to required publication; protect lawful exemptions and personal/security information. | J18: Corporate Governance / Transparency Lead | K18: Procurement; reporting; publication; records | L18: AIG-ASS-08, AIG-ASS-10, AIG-OPS-05, AIG-OPS-06 | M18: ISO 4.2, 7.4-7.5; A.8.5, A.10 | N18: Publication mapping; published datasets; exemption decisions; quality checks; update records | O18: https://www.gov.uk/government/publications/local-government-transparency-code-2015/local-government-transparency-code-2015 | P18: 46241 | Q18: 12 | R18: =IF(P18="","",IF(OR(NOT(ISNUMBER(P18)),NOT(ISNUMBER(Q18)),Q18<0,Q18<>INT(Q18)),"CHECK DATE / INTERVAL",EDATE(P18,Q18))) | S18: Current | T18: Transparency Lead to identify which AI/AIMS records fall within mandatory or recommended publication. | U18: =IF(AND(A18<>"",B18<>"",C18<>"",D18<>"",E18<>"",F18<>"",G18<>"",H18<>"",I18<>"",J18<>"",K18<>"",L18<>"",M18<>"",N18<>"",O18<>"",P18<>"",AND(ISNUMBER(P18),ISNUMBER(Q18),Q18>0,Q18=INT(Q18),ISNUMBER(R18)),S18<>"",T18<>""),IF(AND(ISNUMBER(R18),R18<TODAY()),"Review overdue","Complete"),"Incomplete")
A19: REQ-013 | B19: Council governance | C19: Legislation | D19: Local Government Act 1972 (including section 101) and the Council’s constitution and scheme of delegation | E19: England and Wales | F19: Applicable | G19: Specialist validation required | H19: Council functions, meetings, delegations, access to information and records must operate through lawful constitutional arrangements. | I19: Confirm decision-maker, delegation, committee/meeting, record and access requirements; ensure AI governance does not displace statutory or constitutional authority. | J19: Monitoring Officer / Governance | K19: Governance bodies; decisions; delegations; records | L19: AIG-DEC-03, AIG-GOV-06, AIG-AIMS-01, AIG-AIMS-04 | M19: ISO 5.1-5.3, 7.5; A.3.2 | N19: Constitution/delegation reference; Terms of Reference; appointment; minutes; decision and conflict records | O19: https://www.legislation.gov.uk/ukpga/1972/70/contents | Q19: 12 | R19: =IF(P19="","",IF(OR(NOT(ISNUMBER(P19)),NOT(ISNUMBER(Q19)),Q19<0,Q19<>INT(Q19)),"CHECK DATE / INTERVAL",EDATE(P19,Q19))) | S19: Current | T19: Monitoring Officer to validate all governance-body powers, delegations and record/public-access requirements. | U19: =IF(AND(A19<>"",B19<>"",C19<>"",D19<>"",E19<>"",F19<>"",G19<>"",H19<>"",I19<>"",J19<>"",K19<>"",L19<>"",M19<>"",N19<>"",O19<>"",P19<>"",AND(ISNUMBER(P19),ISNUMBER(Q19),Q19>0,Q19=INT(Q19),ISNUMBER(R19)),S19<>"",T19<>""),IF(AND(ISNUMBER(R19),R19<TODAY()),"Review overdue","Complete"),"Incomplete")
A20: REQ-014 | B20: Council governance | C20: Legislation and statutory guidance | D20: Local Government Act 1999 (Best Value Duty) and 2024 statutory guidance | E20: England | F20: Applicable | G20: Specialist validation required | H20: The Council must make arrangements to secure continuous improvement, having regard to economy, efficiency and effectiveness, and to statutory Best Value guidance. | I20: Evidence proportionate business case, value, service outcomes, governance, risk, performance and continuous improvement; avoid treating automation savings as sufficient assurance. | J20: Corporate Leadership / Finance / Performance | K20: Business case; objectives; benefits; monitoring; review | L20: AIG-ASS-02, AIG-OPS-05, AIG-OPS-06, AIG-OPS-01, AIG-AIMS-03 | M20: ISO 5.1, 6.2, 9.1, 10.1 | N20: Business case; option appraisal; benefits baseline; performance/outcome data; review and improvement decisions | O20: https://www.gov.uk/government/publications/best-value-standards-and-intervention-a-statutory-guide-for-best-value-authorities | P20: 46241 | Q20: 12 | R20: =IF(P20="","",IF(OR(NOT(ISNUMBER(P20)),NOT(ISNUMBER(Q20)),Q20<0,Q20<>INT(Q20)),"CHECK DATE / INTERVAL",EDATE(P20,Q20))) | S20: Current | T20: Finance/Performance/Legal to define AI value-for-money and outcome evidence by risk tier. | U20: =IF(AND(A20<>"",B20<>"",C20<>"",D20<>"",E20<>"",F20<>"",G20<>"",H20<>"",I20<>"",J20<>"",K20<>"",L20<>"",M20<>"",N20<>"",O20<>"",P20<>"",AND(ISNUMBER(P20),ISNUMBER(Q20),Q20>0,Q20=INT(Q20),ISNUMBER(R20)),S20<>"",T20<>""),IF(AND(ISNUMBER(R20),R20<TODAY()),"Review overdue","Complete"),"Incomplete")
A21: REQ-015 | B21: Procurement and suppliers | C21: Legislation | D21: Procurement Act 2023 and Procurement Regulations 2024 | E21: England, Wales and Northern Ireland regime as applicable | F21: Applicable | G21: Specialist validation required | H21: New public procurements from 24 February 2025 are governed by the new regime, subject to scope and transitional rules. | I21: Apply procurement objectives, transparency, conflicts, supplier information/exclusion, award, modification and contract-management requirements; embed AI due diligence, evidence, change, incident, audit, resilience and exit controls. | J21: Procurement / Legal / Contract Owner | K21: Discovery; market engagement; procurement; contract; change; exit | L21: AIG-INV-03, AIG-ASS-08, AIG-DEC-03, AIG-ASS-11, AIG-OPS-01 | M21: ISO 4.2, 8.1; A.10.2-A.10.4 | N21: Procurement strategy; notices; conflicts; due diligence; evaluation; contract; KPI/change/exit records | O21: https://www.legislation.gov.uk/ukpga/2023/54/contents | P21: 46241 | Q21: 6 | R21: =IF(P21="","",IF(OR(NOT(ISNUMBER(P21)),NOT(ISNUMBER(Q21)),Q21<0,Q21<>INT(Q21)),"CHECK DATE / INTERVAL",EDATE(P21,Q21))) | S21: Current / commenced | T21: Procurement/Legal to validate AI gates and mandatory terms under the new regime; distinguish legacy procurements. | U21: =IF(AND(A21<>"",B21<>"",C21<>"",D21<>"",E21<>"",F21<>"",G21<>"",H21<>"",I21<>"",J21<>"",K21<>"",L21<>"",M21<>"",N21<>"",O21<>"",P21<>"",AND(ISNUMBER(P21),ISNUMBER(Q21),Q21>0,Q21=INT(Q21),ISNUMBER(R21)),S21<>"",T21<>""),IF(AND(ISNUMBER(R21),R21<TODAY()),"Review overdue","Complete"),"Incomplete")
A22: REQ-016 | B22: Procurement and suppliers | C22: Statutory statement | D22: National Procurement Policy Statement 2025 | E22: England / in-scope contracting authorities | F22: Applicable | G22: Specialist validation required | H22: Section 13 of the Procurement Act requires in-scope contracting authorities to have regard to the NPPS, subject to stated exceptions. | I22: Reflect strategic priorities and public value in AI procurement planning and contract management; retain evidence of regard and relevant decisions. | J22: Procurement / Corporate Leadership | K22: Procurement strategy; business case; award; contract review | L22: AIG-ASS-02, AIG-ASS-08, AIG-DEC-03, AIG-OPS-05 | M22: ISO 4.2, 6.2, 8.1; A.10 | N22: Procurement strategy; decision record; social/economic/environmental considerations; contract performance | O22: https://www.gov.uk/government/publications/national-procurement-policy-statement/ | P22: 46241 | Q22: 6 | R22: =IF(P22="","",IF(OR(NOT(ISNUMBER(P22)),NOT(ISNUMBER(Q22)),Q22<0,Q22<>INT(Q22)),"CHECK DATE / INTERVAL",EDATE(P22,Q22))) | S22: Current | T22: Procurement to confirm applicability/exceptions and evidence required for AI sourcing decisions. | U22: =IF(AND(A22<>"",B22<>"",C22<>"",D22<>"",E22<>"",F22<>"",G22<>"",H22<>"",I22<>"",J22<>"",K22<>"",L22<>"",M22<>"",N22<>"",O22<>"",P22<>"",AND(ISNUMBER(P22),ISNUMBER(Q22),Q22>0,Q22=INT(Q22),ISNUMBER(R22)),S22<>"",T22<>""),IF(AND(ISNUMBER(R22),R22<TODAY()),"Review overdue","Complete"),"Incomplete")
A23: REQ-017 | B23: Procurement and suppliers | C23: Legacy legislation | D23: Public Contracts Regulations 2015 and procurement transitional arrangements | E23: England, Wales and Northern Ireland as applicable | F23: Conditional | G23: Specialist validation required | H23: May continue to govern procurements/contracts commenced under the previous regime. | I23: Identify the governing procurement regime; preserve legacy notice, modification, transparency and contract-management requirements alongside AI controls. | J23: Procurement / Legal | K23: Legacy contract; modification; renewal; exit | L23: AIG-ASS-08, AIG-DEC-03, AIG-ASS-11, AIG-OPS-01 | M23: ISO 4.2, 8.1; A.10 | N23: Regime decision; procurement file; modification/renewal advice; contract and exit evidence | O23: https://www.gov.uk/government/collections/transforming-public-procurement | P23: 46241 | Q23: 6 | R23: =IF(P23="","",IF(OR(NOT(ISNUMBER(P23)),NOT(ISNUMBER(Q23)),Q23<0,Q23<>INT(Q23)),"CHECK DATE / INTERVAL",EDATE(P23,Q23))) | S23: Transitional | T23: Create a contract-level field recording which procurement regime applies and the transition/renewal route. | U23: =IF(AND(A23<>"",B23<>"",C23<>"",D23<>"",E23<>"",F23<>"",G23<>"",H23<>"",I23<>"",J23<>"",K23<>"",L23<>"",M23<>"",N23<>"",O23<>"",P23<>"",AND(ISNUMBER(P23),ISNUMBER(Q23),Q23>0,Q23=INT(Q23),ISNUMBER(R23)),S23<>"",T23<>""),IF(AND(ISNUMBER(R23),R23<TODAY()),"Review overdue","Complete"),"Incomplete")
A24: REQ-018 | B24: Procurement and suppliers | C24: Legislation | D24: Public Services (Social Value) Act 2012 | E24: England and Wales | F24: Conditional | G24: Specialist validation required | H24: Triggered for relevant public-services procurements and pre-procurement consideration, subject to current procurement law and Council policy. | I24: Consider economic, social and environmental wellbeing and proportionate consultation; integrate equality, workforce, community and accessibility outcomes into AI sourcing where applicable. | J24: Procurement / Social Value Lead | K24: Business case; pre-procurement; evaluation; contract monitoring | L24: AIG-ASS-02, AIG-ASS-06 to AIG-ASS-08, AIG-OPS-05 | M24: ISO 4.2, 6.2, 8.1; A.5, A.10 | N24: Social-value assessment; consultation; evaluation; commitments; KPI and benefit evidence | O24: https://www.legislation.gov.uk/ukpga/2012/3/contents | P24: 46241 | Q24: 12 | R24: =IF(P24="","",IF(OR(NOT(ISNUMBER(P24)),NOT(ISNUMBER(Q24)),Q24<0,Q24<>INT(Q24)),"CHECK DATE / INTERVAL",EDATE(P24,Q24))) | S24: Current | T24: Procurement/Social Value Lead to confirm current interaction with the Procurement Act and Council policy. | U24: =IF(AND(A24<>"",B24<>"",C24<>"",D24<>"",E24<>"",F24<>"",G24<>"",H24<>"",I24<>"",J24<>"",K24<>"",L24<>"",M24<>"",N24<>"",O24<>"",P24<>"",AND(ISNUMBER(P24),ISNUMBER(Q24),Q24>0,Q24=INT(Q24),ISNUMBER(R24)),S24<>"",T24<>""),IF(AND(ISNUMBER(R24),R24<TODAY()),"Review overdue","Complete"),"Incomplete")
A25: REQ-019 | B25: Data sharing and public services | C25: Legislation | D25: Digital Economy Act 2017 data-sharing powers and codes | E25: United Kingdom / relevant chapters | F25: Conditional | G25: Specialist validation required | H25: Triggered when a proposed AI data-sharing arrangement relies on a Digital Economy Act power or objective. | I25: Confirm lawful power, objective, participant eligibility, code compliance, security, transparency, data minimisation and information-sharing terms. | J25: Legal / DPO / Information Governance | K25: Data acquisition; partnership; matching; monitoring | L25: AIG-ASS-02, AIG-ASS-05, AIG-ASS-08, AIG-DEC-03 | M25: ISO 4.2, 8.1; A.7, A.10 | N25: Power/eligibility decision; data-sharing agreement; DPIA; code assessment; security and audit records | O25: https://www.legislation.gov.uk/ukpga/2017/30/contents | P25: 46241 | Q25: 12 | R25: =IF(P25="","",IF(OR(NOT(ISNUMBER(P25)),NOT(ISNUMBER(Q25)),Q25<0,Q25<>INT(Q25)),"CHECK DATE / INTERVAL",EDATE(P25,Q25))) | S25: Current | T25: Legal/DPO to validate any proposed reliance and distinguish other statutory data-sharing powers. | U25: =IF(AND(A25<>"",B25<>"",C25<>"",D25<>"",E25<>"",F25<>"",G25<>"",H25<>"",I25<>"",J25<>"",K25<>"",L25<>"",M25<>"",N25<>"",O25<>"",P25<>"",AND(ISNUMBER(P25),ISNUMBER(Q25),Q25>0,Q25=INT(Q25),ISNUMBER(R25)),S25<>"",T25<>""),IF(AND(ISNUMBER(R25),R25<TODAY()),"Review overdue","Complete"),"Incomplete")
A26: REQ-020 | B26: Information access and records | C26: Legislation | D26: Re-use of Public Sector Information Regulations 2015 | E26: United Kingdom | F26: Conditional | G26: Specialist validation required | H26: Triggered where Council information is requested or licensed for re-use, or AI datasets/outputs are made available for re-use. | I26: Assess re-use scope, licensing, charging, non-discrimination, transparency and intellectual-property/data-protection constraints. | J26: Information Governance / Legal / Data | K26: Data publication; open data; licensing; partnerships | L26: AIG-ASS-02, AIG-ASS-08, AIG-ASS-10 | M26: ISO 4.2, 7.4; A.7, A.8.5 | N26: Re-use decision; licence; source/provenance; privacy/IP assessment; publication record | O26: https://www.legislation.gov.uk/uksi/2015/1415/contents | P26: 46241 | Q26: 12 | R26: =IF(P26="","",IF(OR(NOT(ISNUMBER(P26)),NOT(ISNUMBER(Q26)),Q26<0,Q26<>INT(Q26)),"CHECK DATE / INTERVAL",EDATE(P26,Q26))) | S26: Current | T26: Legal/IG to define triggers for AI training datasets, outputs and public/open-data releases. | U26: =IF(AND(A26<>"",B26<>"",C26<>"",D26<>"",E26<>"",F26<>"",G26<>"",H26<>"",I26<>"",J26<>"",K26<>"",L26<>"",M26<>"",N26<>"",O26<>"",P26<>"",AND(ISNUMBER(P26),ISNUMBER(Q26),Q26>0,Q26=INT(Q26),ISNUMBER(R26)),S26<>"",T26<>""),IF(AND(ISNUMBER(R26),R26<TODAY()),"Review overdue","Complete"),"Incomplete")
A27: REQ-021 | B27: Intellectual property and content | C27: Legislation | D27: Copyright, Designs and Patents Act 1988 | E27: United Kingdom | F27: Conditional | G27: Specialist validation required | H27: AI training, prompts, outputs, code, datasets and supplier models may use or generate protected material. | I27: Establish rights, licences, permitted acts, attribution and ownership; control third-party content, output use, open-source terms and supplier indemnity/evidence. | J27: Legal / Procurement / Service Owner | K27: Data acquisition; development; procurement; use; publication; exit | L27: AIG-ASS-02, AIG-ASS-08 to AIG-ASS-10, AIG-OPS-01 | M27: ISO 4.2, 8.1; A.4.3-A.4.5, A.10 | N27: Rights/licence register; provenance; terms; supplier warranty/indemnity; content review; takedown/complaint record | O27: https://www.legislation.gov.uk/ukpga/1988/48/contents | P27: 46241 | Q27: 6 | R27: =IF(P27="","",IF(OR(NOT(ISNUMBER(P27)),NOT(ISNUMBER(Q27)),Q27<0,Q27<>INT(Q27)),"CHECK DATE / INTERVAL",EDATE(P27,Q27))) | S27: Current / policy developing | T27: Legal to establish the approved IP/copyright position for generative AI and monitor government reform. | U27: =IF(AND(A27<>"",B27<>"",C27<>"",D27<>"",E27<>"",F27<>"",G27<>"",H27<>"",I27<>"",J27<>"",K27<>"",L27<>"",M27<>"",N27<>"",O27<>"",P27<>"",AND(ISNUMBER(P27),ISNUMBER(Q27),Q27>0,Q27=INT(Q27),ISNUMBER(R27)),S27<>"",T27<>""),IF(AND(ISNUMBER(R27),R27<TODAY()),"Review overdue","Complete"),"Incomplete")
A28: REQ-022 | B28: Intellectual property and content | C28: Legislation | D28: Copyright and Rights in Databases Regulations 1997 | E28: United Kingdom | F28: Conditional | G28: Specialist validation required | H28: Triggered when AI datasets or data extraction/re-use engage database copyright or database right. | I28: Confirm ownership, substantial extraction/re-utilisation, licences and supplier/customer rights for datasets and derived artefacts. | J28: Legal / Data Owner | K28: Data sourcing; training; evaluation; sharing; exit | L28: AIG-ASS-02, AIG-ASS-08, AIG-ASS-09 | M28: ISO 4.2, 8.1; A.4.3, A.7, A.10 | N28: Dataset licence; provenance; rights assessment; contractual allocation; permitted-use record | O28: https://www.legislation.gov.uk/uksi/1997/3032/contents | P28: 46241 | Q28: 12 | R28: =IF(P28="","",IF(OR(NOT(ISNUMBER(P28)),NOT(ISNUMBER(Q28)),Q28<0,Q28<>INT(Q28)),"CHECK DATE / INTERVAL",EDATE(P28,Q28))) | S28: Current | T28: Include database-right checks in dataset and supplier due diligence where triggered. | U28: =IF(AND(A28<>"",B28<>"",C28<>"",D28<>"",E28<>"",F28<>"",G28<>"",H28<>"",I28<>"",J28<>"",K28<>"",L28<>"",M28<>"",N28<>"",O28<>"",P28<>"",AND(ISNUMBER(P28),ISNUMBER(Q28),Q28>0,Q28=INT(Q28),ISNUMBER(R28)),S28<>"",T28<>""),IF(AND(ISNUMBER(R28),R28<TODAY()),"Review overdue","Complete"),"Incomplete")
A29: REQ-023 | B29: Security and misuse | C29: Legislation | D29: Computer Misuse Act 1990 | E29: United Kingdom | F29: Applicable | G29: Specialist validation required | H29: AI development, testing, agents, integrations and security exercises must not involve unauthorised access or modification. | I29: Authorise access/testing explicitly; apply least privilege, environment separation, logging and supplier controls; escalate suspected offences through security/legal routes. | J29: Cyber Security / Legal | K29: Development; testing; deployment; operations; incident | L29: AIG-ASS-08, AIG-OPS-03, AIG-ASS-11, AIG-OPS-01 | M29: ISO 4.2, 8.1; A.4.4-A.4.5, A.6.2.4-A.6.2.8 | N29: Test authorisation; access records; rules of engagement; logs; incident/legal decisions | O29: https://www.legislation.gov.uk/ukpga/1990/18/contents | P29: 46241 | Q29: 12 | R29: =IF(P29="","",IF(OR(NOT(ISNUMBER(P29)),NOT(ISNUMBER(Q29)),Q29<0,Q29<>INT(Q29)),"CHECK DATE / INTERVAL",EDATE(P29,Q29))) | S29: Current | T29: Security/Legal to define authorisation standards for red teaming, scanning, agentic actions and supplier testing. | U29: =IF(AND(A29<>"",B29<>"",C29<>"",D29<>"",E29<>"",F29<>"",G29<>"",H29<>"",I29<>"",J29<>"",K29<>"",L29<>"",M29<>"",N29<>"",O29<>"",P29<>"",AND(ISNUMBER(P29),ISNUMBER(Q29),Q29>0,Q29=INT(Q29),ISNUMBER(R29)),S29<>"",T29<>""),IF(AND(ISNUMBER(R29),R29<TODAY()),"Review overdue","Complete"),"Incomplete")
A30: REQ-024 | B30: Security and resilience | C30: Legislation | D30: Network and Information Systems Regulations 2018 (NIS Regulations) | E30: United Kingdom | F30: Conditional | G30: Specialist validation required | H30: Applies only if the Council/system is within a regulated operator/digital-service scope or supports an in-scope body/contractual requirement. | I30: Determine status and dependencies; implement proportionate security and incident notification where applicable; reflect supply-chain and service-resilience requirements. | J30: Cyber Security / Legal / Resilience | K30: Scoping; architecture; procurement; operations; incidents | L30: AIG-ASS-08, AIG-OPS-03, AIG-ASS-11, AIG-OPS-01 | M30: ISO 4.2, 8.1; A.4.4, A.6.2.7-A.6.2.8, A.10 | N30: Applicability decision; security assessment; resilience plan; incident process; supplier obligations | O30: https://www.legislation.gov.uk/uksi/2018/506/contents | P30: 46241 | Q30: 6 | R30: =IF(P30="","",IF(OR(NOT(ISNUMBER(P30)),NOT(ISNUMBER(Q30)),Q30<0,Q30<>INT(Q30)),"CHECK DATE / INTERVAL",EDATE(P30,Q30))) | S30: Current / reform sensitive | T30: Security/Legal to confirm applicability and monitor UK cyber-security legislative reform. | U30: =IF(AND(A30<>"",B30<>"",C30<>"",D30<>"",E30<>"",F30<>"",G30<>"",H30<>"",I30<>"",J30<>"",K30<>"",L30<>"",M30<>"",N30<>"",O30<>"",P30<>"",AND(ISNUMBER(P30),ISNUMBER(Q30),Q30>0,Q30=INT(Q30),ISNUMBER(R30)),S30<>"",T30<>""),IF(AND(ISNUMBER(R30),R30<TODAY()),"Review overdue","Complete"),"Incomplete")
A31: REQ-025 | B31: Surveillance and investigatory powers | C31: Legislation and statutory codes | D31: RIPA 2000, Investigatory Powers Act 2016 and Protection of Freedoms Act 2012 / surveillance-camera obligations | E31: United Kingdom / England and Wales as applicable | F31: Conditional | G31: Specialist validation required | H31: Triggered by AI-enabled surveillance, biometrics, covert activity, communications data or investigatory powers. | I31: Confirm lawful authority, necessity, proportionality, authorisation, oversight, retention, transparency and human review; apply relevant codes and commissioner requirements. | J31: Legal / DPO / SIRO / Authorising Officer | K31: Intake; impact assessment; authorisation; deployment; monitoring; incidents | L31: AIG-ASS-02, AIG-ASS-04, AIG-ASS-05, AIG-ASS-07, AIG-ASS-09, AIG-DEC-03, AIG-ASS-11 | M31: ISO 4.2, 6.1, 8.1; A.5, A.7, A.8 | N31: Power/code decision; DPIA/HRA/EIA; authorisation; audit logs; oversight; review and deletion | O31: https://www.legislation.gov.uk/ukpga/2000/23/contents | P31: 46241 | Q31: 3 | R31: =IF(P31="","",IF(OR(NOT(ISNUMBER(P31)),NOT(ISNUMBER(Q31)),Q31<0,Q31<>INT(Q31)),"CHECK DATE / INTERVAL",EDATE(P31,Q31))) | S31: Current / case-sensitive | T31: Legal/DPO to create a specialist trigger and prohibit deployment before required authorisation. | U31: =IF(AND(A31<>"",B31<>"",C31<>"",D31<>"",E31<>"",F31<>"",G31<>"",H31<>"",I31<>"",J31<>"",K31<>"",L31<>"",M31<>"",N31<>"",O31<>"",P31<>"",AND(ISNUMBER(P31),ISNUMBER(Q31),Q31>0,Q31=INT(Q31),ISNUMBER(R31)),S31<>"",T31<>""),IF(AND(ISNUMBER(R31),R31<TODAY()),"Review overdue","Complete"),"Incomplete")
... A50: REQ-044 | B50: Council AI governance | C50: Council policy suite | D50: Council AI Governance Playbook — proposed edition/version and currency to be owner-validated | E50: The Council | F50: Proposed adoption | G50: Specialist validation required | H50: [PROPOSED EDIT — OWNER VALIDATION REQUIRED] Proposed Council-controlled requirement; identify and verify the approved edition/version and currency before adoption. No edition or currency is confirmed by this register. | I50: Approve, control, communicate and operate the suite; assign authority, owners, evidence, exceptions, review and improvement; keep one AI Register ID across the lifecycle. | J50: Executive Sponsor / AI Governance Lead | K50: All AIMS and AI lifecycle processes | L50: 52 purpose-grouped artefacts (see AIG-GOV-03) | M50: ISO clauses 4-10; Annex A | N50: Adoption decision; controlled versions; appointments; case records; metrics; audits; management reviews and improvements | O50: Internal controlled suite — 52 purpose-grouped artefacts (see AIG-GOV-03) | P50: 46241 | Q50: 3 | R50: =IF(P50="","",IF(OR(NOT(ISNUMBER(P50)),NOT(ISNUMBER(Q50)),Q50<0,Q50<>INT(Q50)),"CHECK DATE / INTERVAL",EDATE(P50,Q50))) | S50: Proposed edition/currency — owner validation required | T50: [PROPOSED EDIT — AI Governance Lead/Document Control to validate proposed edition, currency, controlled artefact inventory and adoption route; no current edition/currency asserted. | U50: =IF(AND(A50<>"",B50<>"",C50<>"",D50<>"",E50<>"",F50<>"",G50<>"",H50<>"",I50<>"",J50<>"",K50<>"",L50<>"",M50<>"",N50<>"",O50<>"",P50<>"",AND(ISNUMBER(P50),ISNUMBER(Q50),Q50>0,Q50=INT(Q50),ISNUMBER(R50)),S50<>"",T50<>""),IF(AND(ISNUMBER(R50),R50<TODAY()),"Review overdue","Complete"),"Incomplete")
A51: REQ-045 | B51: Council governance | C51: Council constitution / scheme of delegation | D51: Council Constitution, executive arrangements, schemes of delegation and committee procedure rules | E51: The Council | F51: Applicable | G51: Specialist validation required | H51: These instruments determine lawful authority, reserved decisions, officer/member roles, meetings, conflicts and records. | I51: Validate AIMS bodies, risk acceptance, case approval, exceptions, appointments, conflicts, escalation and records against current constitutional authority. | J51: Monitoring Officer / Governance | K51: AIMS design; appointments; decisions; management review | L51: AIG-DEC-03, AIG-GOV-06, AIG-AIMS-01, AIG-AIMS-04 | M51: ISO 5.1-5.3, 7.5; A.3.2 | N51: Current constitution/delegation references; approved Terms of Reference; appointments; conflicts; minutes/decisions | O51: Current Council Constitution / Scheme of Delegation reference, approved governance records and delegation evidence | Q51: 6 | R51: =IF(P51="","",IF(OR(NOT(ISNUMBER(P51)),NOT(ISNUMBER(Q51)),Q51<0,Q51<>INT(Q51)),"CHECK DATE / INTERVAL",EDATE(P51,Q51))) | S51: Current version to confirm | T51: Monitoring Officer to enter the authoritative titles, versions, links and approved authority mapping from the current approved Constitution and Scheme of Delegation. Committee agendas or reports are working context only, not confirmation of the approved constitution. | U51: =IF(AND(A51<>"",B51<>"",C51<>"",D51<>"",E51<>"",F51<>"",G51<>"",H51<>"",I51<>"",J51<>"",K51<>"",L51<>"",M51<>"",N51<>"",O51<>"",P51<>"",AND(ISNUMBER(P51),ISNUMBER(Q51),Q51>0,Q51=INT(Q51),ISNUMBER(R51)),S51<>"",T51<>""),IF(AND(ISNUMBER(R51),R51<TODAY()),"Review overdue","Complete"),"Incomplete")
A52: REQ-046 | B52: Council information governance | C52: Council policies / standards | D52: Council data protection, information governance, records, retention, information-sharing and FOI/EIR policies | E52: The Council | F52: Applicable | G52: Specialist validation required | H52: Corporate controls apply to AI processing, records, sharing, suppliers, information access and disposal. | I52: Integrate current policy requirements into intake, DPIA, data governance, evidence storage, contracts, access requests, retention and retirement. | J52: DPO / Information Governance / Records Management | K52: Data; evidence; sharing; requests; retirement | L52: AIG-INV-04, AIG-ASS-02, AIG-ASS-04, AIG-ASS-05, AIG-ASS-08 to AIG-ASS-10, AIG-DEC-03, AIG-OPS-03, AIG-OPS-05, AIG-OPS-06, AIG-OPS-01 | M52: ISO 7.5, 8.1; A.4-A.8, A.10 | N52: Current policy references; ROPA/DPIA; data agreements; retention; disclosure and disposal records | O52: Council controlled policy repository — authoritative titles, versions and links to be populated | P52: 46241 | Q52: 6 | R52: =IF(P52="","",IF(OR(NOT(ISNUMBER(P52)),NOT(ISNUMBER(Q52)),Q52<0,Q52<>INT(Q52)),"CHECK DATE / INTERVAL",EDATE(P52,Q52))) | S52: Current version to confirm | T52: Control owners to populate exact policy titles/versions and identify any conflict or duplication with the AIMS. | U52: =IF(AND(A52<>"",B52<>"",C52<>"",D52<>"",E52<>"",F52<>"",G52<>"",H52<>"",I52<>"",J52<>"",K52<>"",L52<>"",M52<>"",N52<>"",O52<>"",P52<>"",AND(ISNUMBER(P52),ISNUMBER(Q52),Q52>0,Q52=INT(Q52),ISNUMBER(R52)),S52<>"",T52<>""),IF(AND(ISNUMBER(R52),R52<TODAY()),"Review overdue","Complete"),"Incomplete")
A53: REQ-047 | B53: Council security and resilience | C53: Council policies / standards | D53: Council cyber security, acceptable use, identity/access, secure development, incident, resilience and business-continuity policies | E53: The Council | F53: Applicable | G53: Specialist validation required | H53: Corporate security and resilience controls apply to AI technology, users, data, suppliers and live services. | I53: Apply approved architecture, access, logging, testing, vulnerability, incident, continuity, backup, recovery and acceptable-use controls; add AI-specific measures where needed. | J53: Cyber Security / Technology / Resilience | K53: Architecture; development; procurement; deployment; operations; incidents | L53: AIG-GOV-02, AIG-ASS-08, AIG-OPS-03, AIG-ASS-11, AIG-OPS-01, AIG-AIMS-04 | M53: ISO 8.1; A.4.4-A.4.5, A.6.2.4-A.6.2.8, A.9.2, A.10 | N53: Current standards; security review; tests; access/logs; incident/BC plans; exercise; supplier evidence | O53: Council controlled security and resilience repository — authoritative titles, versions and links to be populated | P53: 46241 | Q53: 3 | R53: =IF(P53="","",IF(OR(NOT(ISNUMBER(P53)),NOT(ISNUMBER(Q53)),Q53<0,Q53<>INT(Q53)),"CHECK DATE / INTERVAL",EDATE(P53,Q53))) | S53: Current version to confirm | T53: Security/Resilience to populate sources and approve the AI-specific control overlay. | U53: =IF(AND(A53<>"",B53<>"",C53<>"",D53<>"",E53<>"",F53<>"",G53<>"",H53<>"",I53<>"",J53<>"",K53<>"",L53<>"",M53<>"",N53<>"",O53<>"",P53<>"",AND(ISNUMBER(P53),ISNUMBER(Q53),Q53>0,Q53=INT(Q53),ISNUMBER(R53)),S53<>"",T53<>""),IF(AND(ISNUMBER(R53),R53<TODAY()),"Review overdue","Complete"),"Incomplete")
A54: REQ-048 | B54: Council procurement and commercial | C54: Council policies / templates | D54: Council procurement, commercial, contract-management, social-value and financial rules | E54: The Council | F54: Applicable | G54: Specialist validation required | H54: Corporate sourcing and financial controls apply to AI purchases, embedded features, pilots, renewals and supplier changes. | I54: Trigger AI governance early; apply approved routes, financial authority, due diligence, evaluation, clauses, exceptions, KPI, change, audit, continuity and exit controls. | J54: Procurement / Finance / Legal / Contract Owner | K54: Business case; sourcing; contract; monitoring; renewal; exit | L54: AIG-INV-03, AIG-ASS-02, AIG-ASS-08, AIG-DEC-03, AIG-ASS-11, AIG-OPS-01 | M54: ISO 4.2, 8.1; A.10 | N54: Current rules/templates; approvals; due diligence; contract; exception; performance/change/exit evidence | O54: Council controlled procurement and finance repository — authoritative titles, versions and links to be populated | P54: 46241 | Q54: 6 | R54: =IF(P54="","",IF(OR(NOT(ISNUMBER(P54)),NOT(ISNUMBER(Q54)),Q54<0,Q54<>INT(Q54)),"CHECK DATE / INTERVAL",EDATE(P54,Q54))) | S54: Current version to confirm | T54: Procurement/Finance to populate sources and align AIG-ASS-08/AIG-ASS-11/AIG-OPS-01 with mandatory corporate gates. | U54: =IF(AND(A54<>"",B54<>"",C54<>"",D54<>"",E54<>"",F54<>"",G54<>"",H54<>"",I54<>"",J54<>"",K54<>"",L54<>"",M54<>"",N54<>"",O54<>"",P54<>"",AND(ISNUMBER(P54),ISNUMBER(Q54),Q54>0,Q54=INT(Q54),ISNUMBER(R54)),S54<>"",T54<>""),IF(AND(ISNUMBER(R54),R54<TODAY()),"Review overdue","Complete"),"Incomplete")
A55: REQ-049 | B55: Council people and public impact | C55: Council policies / procedures | D55: Council equality, accessibility, HR, workforce consultation, safeguarding, complaints, engagement and communications policies | E55: The Council | F55: Applicable | G55: Specialist validation required | H55: Corporate duties and commitments apply to AI effects on residents, staff, communities, accessibility, safety, participation and redress. | I55: Apply current assessment, consultation, reasonable-adjustment, safeguarding, workforce, complaint, communication and engagement requirements; preserve specialist authority. | J55: Equality / HR / Safeguarding / Complaints / Communications | K55: Impact; workforce; service design; transparency; complaints; incidents | L55: AIG-ASS-04, AIG-ASS-06, AIG-ASS-07, AIG-ASS-10, AIG-OPS-05, AIG-OPS-03, AIG-OPS-01, AIG-AIMS-04 | M55: ISO 4.2, 7.2-7.4, 8.1; A.5, A.8, A.9 | N55: Current policies; assessments; consultation; accessibility; training; notices; complaints and action records | O55: Council controlled people, safeguarding and communications repositories — authoritative titles, versions and links to be populated | P55: 46241 | Q55: 6 | R55: =IF(P55="","",IF(OR(NOT(ISNUMBER(P55)),NOT(ISNUMBER(Q55)),Q55<0,Q55<>INT(Q55)),"CHECK DATE / INTERVAL",EDATE(P55,Q55))) | S55: Current version to confirm | T55: Function owners to populate sources and validate assessment/sign-off and complaint/redress interfaces. | U55: =IF(AND(A55<>"",B55<>"",C55<>"",D55<>"",E55<>"",F55<>"",G55<>"",H55<>"",I55<>"",J55<>"",K55<>"",L55<>"",M55<>"",N55<>"",O55<>"",P55<>"",AND(ISNUMBER(P55),ISNUMBER(Q55),Q55>0,Q55=INT(Q55),ISNUMBER(R55)),S55<>"",T55<>""),IF(AND(ISNUMBER(R55),R55<TODAY()),"Review overdue","Complete"),"Incomplete")
A56: REQ-050 | B56: Council risk and digital governance | C56: Council policies / procedures | D56: Council corporate risk, internal audit, digital/service design, architecture, change, project, benefits, incident and continuity frameworks | E56: The Council | F56: Applicable | G56: Specialist validation required | H56: AIMS controls must integrate with, not duplicate or conflict with, existing corporate governance and delivery processes. | I56: Define hand-offs, authority, evidence and escalation; integrate AI risk, assurance, change, benefits and operational monitoring into existing frameworks. | J56: Corporate Risk / Internal Audit / Digital Leadership | K56: Business case; delivery; change; monitoring; assurance; improvement | L56: AIG-GOV-02, AIG-ASS-02, AIG-ASS-03, AIG-DEC-03, AIG-OPS-05, AIG-OPS-06, AIG-GOV-06, AIG-OPS-01, AIG-AIMS-03 | M56: ISO 4.4, 5.3, 6.1-6.2, 8-10; A.3.2 | N56: Current frameworks; process/RACI map; risk links; assurance plan; audit; change and benefits evidence | O56: Council controlled risk, audit and digital repositories — authoritative titles, versions and links to be populated | P56: 46241 | Q56: 6 | R56: =IF(P56="","",IF(OR(NOT(ISNUMBER(P56)),NOT(ISNUMBER(Q56)),Q56<0,Q56<>INT(Q56)),"CHECK DATE / INTERVAL",EDATE(P56,Q56))) | S56: Current version to confirm | T56: Owners to populate sources and approve integration points, service levels and escalation. | U56: =IF(AND(A56<>"",B56<>"",C56<>"",D56<>"",E56<>"",F56<>"",G56<>"",H56<>"",I56<>"",J56<>"",K56<>"",L56<>"",M56<>"",N56<>"",O56<>"",P56<>"",AND(ISNUMBER(P56),ISNUMBER(Q56),Q56>0,Q56=INT(Q56),ISNUMBER(R56)),S56<>"",T56<>""),IF(AND(ISNUMBER(R56),R56<TODAY()),"Review overdue","Complete"),"Incomplete")
A57: REQ-051 | B57: Contracts, partnerships and funding | C57: Contractual / partnership requirement | D57: AI supplier contracts, data-processing/data-sharing agreements, partnership arrangements, grants and funding conditions | E57: Case-specific | F57: Conditional | G57: Specialist validation required | H57: Binding obligations vary by supplier, partner, shared service, data arrangement and funding programme. | I57: Record obligations, roles, data/security, evidence access, transparency, change, incident, performance, audit, sub-contracting, continuity, termination and exit requirements by AI Register ID. | J57: Service Owner / Contract Owner / Legal | K57: Procurement; partnership; data sharing; operations; change; exit | L57: AIG-INV-04, AIG-ASS-05, AIG-ASS-08, AIG-DEC-03, AIG-ASS-11, AIG-OPS-01 | M57: ISO 4.2, 8.1; A.4.4-A.4.5, A.10 | N57: Contract/agreement; obligations schedule; SLA/KPI; assurance; change/incident notices; exit and closure evidence | O57: Case-specific controlled contract or agreement — link from AI Register | P57: 46241 | Q57: 3 | R57: =IF(P57="","",IF(OR(NOT(ISNUMBER(P57)),NOT(ISNUMBER(Q57)),Q57<0,Q57<>INT(Q57)),"CHECK DATE / INTERVAL",EDATE(P57,Q57))) | S57: Case-specific | T57: Require each in-scope AI Register record to link its binding obligations and accountable owner. | U57: =IF(AND(A57<>"",B57<>"",C57<>"",D57<>"",E57<>"",F57<>"",G57<>"",H57<>"",I57<>"",J57<>"",K57<>"",L57<>"",M57<>"",N57<>"",O57<>"",P57<>"",AND(ISNUMBER(P57),ISNUMBER(Q57),Q57>0,Q57=INT(Q57),ISNUMBER(R57)),S57<>"",T57<>""),IF(AND(ISNUMBER(R57),R57<TODAY()),"Review overdue","Complete"),"Incomplete")
A58: REQ-052 | B58: Security and resilience | C58: Government security guidance | D58: Code of Practice for the Cyber Security of AI (DSIT, 31 January 2025) | E58: United Kingdom / international good practice | F58: Guidance to consider | G58: Specialist validation required | H58: Voluntary UK government security baseline for AI systems across secure design, development, deployment, maintenance and end of life; relevant to Council-developed, configured or procured AI and to supplier assurance. | I58: Apply the 13 principles proportionate to risk (threat awareness, secure design, threat evaluation, human responsibility, asset protection, infrastructure, supply chain, documentation, testing, end-user communication, updates, monitoring, secure disposal) and record applicability case by case. | J58: Cyber Security / Technical Lead | K58: Design; development; procurement; deployment; operations; retirement | L58: AIG-ASS-11, AIG-ASS-08, AIG-OPS-01, AIG-OPS-03, AIG-AGT-04 | M58: ISO 8.1; A.4.4-A.4.5, A.6.2.2-A.6.2.8, A.10 | N58: AIG-ASS-11 principle mapping; threat model; security tests; supplier evidence; monitoring; incident, vulnerability and disposal records | O58: https://www.gov.uk/government/publications/ai-cyber-security-code-of-practice/code-of-practice-for-the-cyber-security-of-ai | P58: 46294 | Q58: 6 | R58: =IF(P58="","",IF(OR(NOT(ISNUMBER(P58)),NOT(ISNUMBER(Q58)),Q58<0,Q58<>INT(Q58)),"CHECK DATE / INTERVAL",EDATE(P58,Q58))) | S58: Current | T58: Security to confirm the proposed AIG-ASS-11 principle mapping (Proposed — for Council confirmation) and record case-by-case applicability and approved exceptions. | U58: =IF(AND(A58<>"",B58<>"",C58<>"",D58<>"",E58<>"",F58<>"",G58<>"",H58<>"",I58<>"",J58<>"",K58<>"",L58<>"",M58<>"",N58<>"",O58<>"",P58<>"",AND(ISNUMBER(P58),ISNUMBER(Q58),Q58>0,Q58=INT(Q58),ISNUMBER(R58)),S58<>"",T58<>""),IF(AND(ISNUMBER(R58),R58<TODAY()),"Review overdue","Complete"),"Incomplete")
A59: REQ-053 | B59: Security and resilience | C59: European standard | D59: ETSI EN 304 223 V2.1.1 (2026-01) Securing Artificial Intelligence (SAI); Baseline Cyber Security Requirements for AI Models and Systems | E59: European / voluntary unless adopted or contracted | F59: Guidance to consider | G59: Specialist validation required | H59: Voluntary European Standard setting baseline cyber security requirements for AI models and systems, derived from the DSIT Code of Practice (REQ-052); relevant where the Council or a supplier claims conformance or a contract specifies it. | I59: Use as the detailed requirement set behind REQ-052 where selected; verify the current edition and record selected requirements, supplier conformance claims and evidence. | J59: Cyber Security / Technical Lead / Procurement | K59: Design; procurement; deployment; operations | L59: AIG-ASS-11, AIG-ASS-08, AIG-OPS-01 | M59: ISO 8.1; A.4.4-A.4.5, A.6.2.2-A.6.2.8, A.10 | N59: Selected-requirements list; supplier conformance statements; security test and assurance evidence | O59: ETSI standards catalogue (search EN 304 223; verify current edition): https://www.etsi.org/standards | P59: 46294 | Q59: 6 | R59: =IF(P59="","",IF(OR(NOT(ISNUMBER(P59)),NOT(ISNUMBER(Q59)),Q59<0,Q59<>INT(Q59)),"CHECK DATE / INTERVAL",EDATE(P59,Q59))) | S59: Current version to confirm | T59: Security/Procurement to verify the current edition and decide whether to reference it in AI procurement and AIG-ASS-11. | U59: =IF(AND(A59<>"",B59<>"",C59<>"",D59<>"",E59<>"",F59<>"",G59<>"",H59<>"",I59<>"",J59<>"",K59<>"",L59<>"",M59<>"",N59<>"",O59<>"",P59<>"",AND(ISNUMBER(P59),ISNUMBER(Q59),Q59>0,Q59=INT(Q59),ISNUMBER(R59)),S59<>"",T59<>""),IF(AND(ISNUMBER(R59),R59<TODAY()),"Review overdue","Complete"),"Incomplete")
A60: REQ-054 | B60: Security and resilience | C60: Legislation | D60: Civil Contingencies Act 2004 (Category 1 responder duties, including business continuity arrangements) | E60: United Kingdom | F60: Conditional | G60: Specialist validation required | H60: Where an AI use supports a service the Council has identified as a prioritised activity in its business continuity plans; Legal / Emergency Planning to confirm. As a Category 1 responder the Council must maintain plans to ensure, so far as reasonably practicable, that it can continue to perform its functions if an emergency occurs (s.2(1)(c)). | I60: Record whether the AI-supported service is a prioritised activity in the business continuity plans; where it is, record the plan reference and a fallback consistent with the plan before go-live, and keep supplier continuity and exit arrangements consistent with it. | J60: Emergency Planning / Legal Services / Service Owner | K60: Service design; procurement; go-live; operations; incidents; exit | L60: AIG-OPS-01 section 8, AIG-ASS-08 section 8 | M60: ISO 4.2, 8.1; A.6.2.5-A.6.2.6, A.10 | N60: AIG-OPS-01 section 8 business continuity link (prioritised activity Yes / No / Not known; plan reference; consistent fallback); supplier continuity and exit answers (AIG-ASS-08 section 8); business continuity plan extract | O60: https://www.legislation.gov.uk/ukpga/2004/36/contents | P60: 46295 | Q60: 12 | R60: =IF(P60="","",IF(OR(NOT(ISNUMBER(P60)),NOT(ISNUMBER(Q60)),Q60<0,Q60<>INT(Q60)),"CHECK DATE / INTERVAL",EDATE(P60,Q60))) | S60: Current | T60: Proposed — for Council confirmation. Status proposed; owner to validate: Legal / Emergency Planning to confirm applicability and the list of prioritised activities before the entry is relied on. | U60: =IF(AND(A60<>"",B60<>"",C60<>"",D60<>"",E60<>"",F60<>"",G60<>"",H60<>"",I60<>"",J60<>"",K60<>"",L60<>"",M60<>"",N60<>"",O60<>"",P60<>"",AND(ISNUMBER(P60),ISNUMBER(Q60),Q60>0,Q60=INT(Q60),ISNUMBER(R60)),S60<>"",T60<>""),IF(AND(ISNUMBER(R60),R60<TODAY()),"Review overdue","Complete"),"Incomplete")
A61: REQ-055 | B61: AI risk management | C61: Voluntary guidance (US) | D61: NIST AI 600-1 Artificial Intelligence Risk Management Framework: Generative Artificial Intelligence Profile (July 2024) | E61: United States / voluntary (reference only) | F61: Guidance to consider | G61: Specialist validation required | H61: Generative AI risk prompts and actions: sets out twelve risks that are unique to or made worse by generative AI, with suggested actions; relevant to resident-facing chatbots, content generation and AI disclosure. Reference only, not statutory. | I61: Use the twelve risks and suggested actions as prompts when assessing and testing generative AI uses; record which actions the Council adopts. No conformity claim. | J61: AI Governance Lead / Cyber Security | K61: Risk assessment; testing; deployment; monitoring | L61: AIG-GOV-02 §4.3, §5.4.3, §5.4.4; AIG-AIMS-11 risk domain crosswalk; AIG-ASS-04; AIG-ASS-11 Section 7 | M61: ISO 6.1, 8.2; A.5, A.6 | N61: AIG-AIMS-11 risk domain crosswalk (validated); generative AI risk assessments and adversarial test records; labelling and disclosure decisions | O61: https://doi.org/10.6028/NIST.AI.600-1 | P61: 46296 | Q61: 12 | R61: =IF(P61="","",IF(OR(NOT(ISNUMBER(P61)),NOT(ISNUMBER(Q61)),Q61<0,Q61<>INT(Q61)),"CHECK DATE / INTERVAL",EDATE(P61,Q61))) | S61: Current | T61: Proposed — for Council confirmation. Reference only, not statutory: AI Governance Lead to confirm use as a prompt list for generative AI risk assessment and to validate the AIG-AIMS-11 risk domain crosswalk. | U61: =IF(AND(A61<>"",B61<>"",C61<>"",D61<>"",E61<>"",F61<>"",G61<>"",H61<>"",I61<>"",J61<>"",K61<>"",L61<>"",M61<>"",N61<>"",O61<>"",P61<>"",AND(ISNUMBER(P61),ISNUMBER(Q61),Q61>0,Q61=INT(Q61),ISNUMBER(R61)),S61<>"",T61<>""),IF(AND(ISNUMBER(R61),R61<TODAY()),"Review overdue","Complete"),"Incomplete")
A62: REQ-056 | B62: Data protection and privacy | C62: Legislation (secondary) / statutory code in development | D62: The Data Protection Act 2018 (Code of Practice on Artificial Intelligence and Automated Decision-Making) Regulations 2026 (SI 2026/425), and the ICO statutory code of practice on AI and automated decision-making that it requires | E62: United Kingdom | F62: Applicable | G62: Specialist validation required | H62: In force 12 May 2026. The Regulations require the Information Commissioner to prepare a code of practice on processing personal data in developing and using AI and automated decision-making, including guidance on children's personal data. Once issued and in force, the ICO and courts take the code into account when assessing compliance, so Council AI that processes personal data or makes automated decisions will be judged against it. | I62: Track the code from consultation to issue; when published, assess Council AI, automated decision-making, DPIA and children's-data practice against it and update affected artefacts within the agreed review window. | J62: DPO / Information Governance / AI Governance Lead | K62: Horizon scanning; DPIA; automated decisions; children's data; design; monitoring | L62: AIG-ASS-05 (DPIA Template), AIG-GOV-02 §4.6.1, AIG-AIMS-05 CHG-005 and CHG-014 | M62: ISO 4.2, 6.1, 8.1; A.5, A.7, A.8 | N62: Code consultation and publication log; DPO gap assessment against the issued code; updated DPIA template and automated-decision guidance; record of affected systems re-checked | O62: https://www.legislation.gov.uk/uksi/2026/425/made | P62: 46297 | Q62: 6 | R62: =IF(P62="","",IF(OR(NOT(ISNUMBER(P62)),NOT(ISNUMBER(Q62)),Q62<0,Q62<>INT(Q62)),"CHECK DATE / INTERVAL",EDATE(P62,Q62))) | S62: New / commenced | T62: Proposed — for Council confirmation. Recorded from regulatory scanner review REG-0001 (2 October 2026, change-required). DPO to monitor the ICO code and complete a gap assessment when it is issued. | U62: =IF(AND(A62<>"",B62<>"",C62<>"",D62<>"",E62<>"",F62<>"",G62<>"",H62<>"",I62<>"",J62<>"",K62<>"",L62<>"",M62<>"",N62<>"",O62<>"",P62<>"",AND(ISNUMBER(P62),ISNUMBER(Q62),Q62>0,Q62=INT(Q62),ISNUMBER(R62)),S62<>"",T62<>""),IF(AND(ISNUMBER(R62),R62<TODAY()),"Review overdue","Complete"),"Incomplete")
A63: REQ-057 | B63: Data governance and quality | C63: Voluntary professional framework (international) | D63: DAMA-DMBOK: Data Management Body of Knowledge, 2nd Edition Revised (DAMA International) | E63: International / voluntary (reference only) | F63: Guidance to consider | G63: Specialist validation required | H63: Common reference for data governance roles (owner, steward, custodian), data quality, metadata, lineage and data lifecycle management; relevant where AI depends on Council data. Reference only, not statutory. | I63: Use as a reference for data roles, data quality dimensions and lineage practice when designing and reviewing data controls for AI. No conformity claim. | J63: Information Governance / Data Owner | K63: Intake; data preparation; deployment; monitoring; retirement | L63: AIG-GOV-02 §5.6, Appendix A.2; AIG-INV-04 column AA; AIG-AIMS-04 ROL-20; AIG-ASS-05 | M63: ISO 7.2; A.7.2–A.7.6 | N63: Data role assignments; data quality and lineage records for AI uses | O63: https://dama.org/articles/introducing-the-revised-dama-data-management-body-of-knowledge-2nd-edition | P63: 46307 | Q63: 12 | R63: =IF(P63="","",IF(OR(NOT(ISNUMBER(P63)),NOT(ISNUMBER(Q63)),Q63<0,Q63<>INT(Q63)),"CHECK DATE / INTERVAL",EDATE(P63,Q63))) | S63: Current | T63: Proposed — for Council confirmation. Reference only, not statutory: owner to confirm use as a reference for AI data controls. | U63: =IF(AND(A63<>"",B63<>"",C63<>"",D63<>"",E63<>"",F63<>"",G63<>"",H63<>"",I63<>"",J63<>"",K63<>"",L63<>"",M63<>"",N63<>"",O63<>"",P63<>"",AND(ISNUMBER(P63),ISNUMBER(Q63),Q63>0,Q63=INT(Q63),ISNUMBER(R63)),S63<>"",T63<>""),IF(AND(ISNUMBER(R63),R63<TODAY()),"Review overdue","Complete"),"Incomplete")
A64: REQ-058 | B64: Data governance and quality | C64: International standard (voluntary) | D64: ISO/IEC 5259 series, Artificial intelligence — Data quality for analytics and machine learning (ML) (ISO/IEC 5259-1:2024 and later parts) | E64: International / voluntary (reference only) | F64: Guidance to consider | G64: Specialist validation required | H64: Defines data quality terminology, measures, management requirements, process framework and governance for data used in analytics and machine learning. Reference only, not statutory. | I64: Use as a reference for data quality measures and data quality governance for AI training, test and operational data. No conformity claim. | J64: AI Governance Lead / Data Owner | K64: Data preparation; testing; deployment; monitoring | L64: AIG-GOV-02 §5.6.1, §5.6.3; AIG-ASS-09 sections 3 to 5; AIG-AIMS-02 A.7.4 | M64: ISO 8.1; A.7.4, A.7.5, A.7.6 | N64: Data quality measures and results for AI uses; training data governance records | O64: https://www.iso.org/standard/81088.html | P64: 46307 | Q64: 12 | R64: =IF(P64="","",IF(OR(NOT(ISNUMBER(P64)),NOT(ISNUMBER(Q64)),Q64<0,Q64<>INT(Q64)),"CHECK DATE / INTERVAL",EDATE(P64,Q64))) | S64: Current | T64: Proposed — for Council confirmation. Reference only, not statutory: owner to confirm use as a reference for AI data controls. | U64: =IF(AND(A64<>"",B64<>"",C64<>"",D64<>"",E64<>"",F64<>"",G64<>"",H64<>"",I64<>"",J64<>"",K64<>"",L64<>"",M64<>"",N64<>"",O64<>"",P64<>"",AND(ISNUMBER(P64),ISNUMBER(Q64),Q64>0,Q64=INT(Q64),ISNUMBER(R64)),S64<>"",T64<>""),IF(AND(ISNUMBER(R64),R64<TODAY()),"Review overdue","Complete"),"Incomplete")

Sheet Change Register
A1: The Council — Requirements Change Register
A2: AIG-AIMS-05 · v1.9 draft · Draft for Council review · OFFICIAL · ISO/IEC 42001:2023
A3: Purpose: assess and control new, amended or clarified requirements from identification through applicability, implementation, evidence and closure.
A4: Current position: fourteen known changes or implementation events are pre-populated. Dates, owners and sources are starting points; Council functions must approve actions, targets, interim controls and closure evidence. Rows with a next-review date in the past show “Review overdue” in Record QA.
A6: Change ID | B6: Change / event | C6: Authoritative date | D6: Affected requirement(s) | E6: Impact / interpretation | F6: Required action | G6: Proposed owner | H6: Priority | I6: Status | J6: Target date | K6: Implementation / closure evidence | L6: Authoritative source | M6: Last reviewed | N6: Next review | O6: Record QA
A7: CHG-001 | B7: DUAA main data-protection amendments commenced on 5 February 2026 (SI 2026/82, reg 2), including s.70 (recognised legitimate interests), s.80 / Sch 6 (UK GDPR Articles 22A to 22D automated decision-making), ss.67–77, ss.81–87 and ss.94–101. The s.103 complaints duty is recorded separately as CHG-013. | C7: 46058 | D7: REQ-001 to REQ-004, REQ-033, REQ-034, REQ-046 | E7: Council privacy, ADM, DPIA, complaints, notices, training and templates may need amendment; older ICO AI guidance is under review. | F7: DPO/Legal to complete a controlled gap assessment, confirm automated-decision safeguards, lawful-basis and other amended provisions, and update affected artefacts. | G7: DPO / Legal | H7: Critical | I7: Assessment required | L7: https://www.legislation.gov.uk/uksi/2026/82/contents/made ; https://ico.org.uk/about-the-ico/what-we-do/legislation-we-cover/data-use-and-access-act-2025/ | M7: 46241 | N7: 46265 | O7: =IF(AND(A7<>"",B7<>"",C7<>"",D7<>"",E7<>"",F7<>"",G7<>"",H7<>"",I7<>"",L7<>"",M7<>"",N7<>""),IF(OR(I7="Implemented",I7="Closed"),IF(AND(J7<>"",K7<>""),"Complete","Closure evidence incomplete"),IF(AND(ISNUMBER(N7),N7<TODAY()),"Review overdue","Complete")),"Incomplete")
A8: CHG-002 | B8: [PROPOSED EDIT — OWNER VALIDATION REQUIRED] Regulation (EU) 2026/1744 amended Regulation (EU) 2024/1689; Article 113 dates for Annex III and Annex I are 2 December 2027 and 2 August 2028 respectively. | C8: 46230 | D8: REQ-032 | E8: Any Council EU-scope assessment or supplier clause using the earlier timetable may be out of date. | F8: [PROPOSED EDIT] Legal/Procurement to validate territorial scope, actor roles, consolidated text, Article 113 dates and supplier obligations; update only where applicable. | G8: Legal / Procurement / AI Governance Lead | H8: High | I8: Assessment required | L8: https://eur-lex.europa.eu/legal-content/EN/TXT/HTML/?uri=CELEX:32026R1744 | M8: 46241 | N8: 46265 | O8: =IF(AND(A8<>"",B8<>"",C8<>"",D8<>"",E8<>"",F8<>"",G8<>"",H8<>"",I8<>"",L8<>"",M8<>"",N8<>""),IF(OR(I8="Implemented",I8="Closed"),IF(AND(J8<>"",K8<>""),"Complete","Closure evidence incomplete"),IF(AND(ISNUMBER(N8),N8<TODAY()),"Review overdue","Complete")),"Incomplete")
A9: CHG-003 | B9: [PROPOSED EDIT — OWNER VALIDATION REQUIRED] EU AI Act (Regulation (EU) 2024/1689) general date of application, 2 August 2026, for the provisions not deferred by Regulation (EU) 2026/1744 (for example transparency obligations, governance and penalties, subject to scope). The deferred Annex III (2 December 2027) and Annex I (2 August 2028) high-risk dates are recorded in CHG-002. | C9: 46236 | D9: REQ-032 | E9: In-scope Council/provider/deployer activity may require immediate transparency, literacy, prohibited-practice and governance checks. | F9: [PROPOSED EDIT] Complete documented territorial/actor assessment; verify from the current consolidated text which provisions apply from 2 August 2026 and any exceptions; use CHG-002 for the Annex III and Annex I high-risk dates. | G9: Legal / AI Governance Lead / Service Owners | H9: High | I9: Assessment required | L9: https://eur-lex.europa.eu/legal-content/EN/TXT/HTML?uri=CELEX:02024R1689-20260727 ; https://eur-lex.europa.eu/legal-content/EN/TXT/HTML/?uri=CELEX:32026R1744 | M9: 46241 | N9: 46265 | O9: =IF(AND(A9<>"",B9<>"",C9<>"",D9<>"",E9<>"",F9<>"",G9<>"",H9<>"",I9<>"",L9<>"",M9<>"",N9<>""),IF(OR(I9="Implemented",I9="Closed"),IF(AND(J9<>"",K9<>""),"Complete","Closure evidence incomplete"),IF(AND(ISNUMBER(N9),N9<TODAY()),"Review overdue","Complete")),"Incomplete")
A10: CHG-004 | B10: UK Government opened a call for evidence on data regulation in the age of AI on 15 July 2026. | C10: 46218 | D10: REQ-038 | E10: The consultation may lead to policy, guidance or legislative change; it is not itself a binding compliance requirement. | F10: Legal/AI Governance Lead to monitor the outcome and assess whether a Council response or later control change is required. | G10: Legal / AI Governance Lead | H10: Medium | I10: Monitoring | L10: https://www.gov.uk/government/calls-for-evidence/data-regulation-in-the-age-of-ai-and-other-data-intensive-technologies | M10: 46241 | N10: 46326 | O10: =IF(AND(A10<>"",B10<>"",C10<>"",D10<>"",E10<>"",F10<>"",G10<>"",H10<>"",I10<>"",L10<>"",M10<>"",N10<>""),IF(OR(I10="Implemented",I10="Closed"),IF(AND(J10<>"",K10<>""),"Complete","Closure evidence incomplete"),IF(AND(ISNUMBER(N10),N10<TODAY()),"Review overdue","Complete")),"Incomplete")
A11: CHG-005 | B11: ICO is developing updated automated-decision guidance and an AI/ADM code following the DUAA. | C11: 46082 | D11: REQ-001, REQ-003, REQ-033, REQ-034 | E11: Existing AI/ADM guidance contains material under review; Council interpretations may need rapid revision when consultations or final guidance issue. | F11: Subscribe to ICO updates; DPO to assess each consultation/final publication and control affected document versions. | G11: DPO / AI Governance Lead | H11: High | I11: Monitoring | L11: https://ico.org.uk/about-the-ico/our-information/our-strategies-and-plans/artificial-intelligence-and-biometrics-strategy/ai-and-biometrics-strategy-update-march-2026/ | M11: 46241 | N11: 46272 | O11: =IF(AND(A11<>"",B11<>"",C11<>"",D11<>"",E11<>"",F11<>"",G11<>"",H11<>"",I11<>"",L11<>"",M11<>"",N11<>""),IF(OR(I11="Implemented",I11="Closed"),IF(AND(J11<>"",K11<>""),"Complete","Closure evidence incomplete"),IF(AND(ISNUMBER(N11),N11<TODAY()),"Review overdue","Complete")),"Incomplete")
A12: CHG-006 | B12: Procurement Act 2023, Regulations 2024 and NPPS have applied since 24 February 2025. | C12: 45712 | D12: REQ-015 to REQ-018, REQ-048 | E12: AI procurement and supplier templates must distinguish new-regime and legacy cases and evidence current transparency, conflicts and contract-management duties. | F12: Procurement/Legal to validate AIG-ASS-08 (Supplier AI Due Diligence Questionnaire), related procurement templates and contract fields against current corporate processes and legislation. | G12: Procurement / Legal | H12: High | I12: Assessment required | L12: https://www.gov.uk/government/collections/transforming-public-procurement | M12: 46241 | N12: 46295 | O12: =IF(AND(A12<>"",B12<>"",C12<>"",D12<>"",E12<>"",F12<>"",G12<>"",H12<>"",I12<>"",L12<>"",M12<>"",N12<>""),IF(OR(I12="Implemented",I12="Closed"),IF(AND(J12<>"",K12<>""),"Complete","Closure evidence incomplete"),IF(AND(ISNUMBER(N12),N12<TODAY()),"Review overdue","Complete")),"Incomplete")
A13: CHG-007 | B13: ATRS guidance was updated in May 2025; ATRS is mandatory for central government departments and in-scope arm’s-length bodies, and recommended (voluntary) for local authorities, including the Council. | C13: 45785 | D13: REQ-036 | E13: Playbook voluntary adoption requires formal Council approval, thresholds, publication ownership and exemption handling. | F13: Governance/Legal/Communications to confirm voluntary adoption and align AIG-ASS-10 to current template and guidance. | G13: AI Governance Lead / Legal / Communications | H13: Medium | I13: Assessment required | L13: https://www.gov.uk/government/publications/guidance-for-organisations-using-the-algorithmic-transparency-recording-standard/algorithmic-transparency-recording-standard-guidance-for-public-sector-bodies | M13: 46241 | N13: 46295 | O13: =IF(AND(A13<>"",B13<>"",C13<>"",D13<>"",E13<>"",F13<>"",G13<>"",H13<>"",I13<>"",L13<>"",M13<>"",N13<>""),IF(OR(I13="Implemented",I13="Closed"),IF(AND(J13<>"",K13<>""),"Complete","Closure evidence incomplete"),IF(AND(ISNUMBER(N13),N13<TODAY()),"Review overdue","Complete")),"Incomplete")
A14: CHG-008 | B14: Working Together to Safeguard Children 2026 issued/updated for current children’s safeguarding arrangements. | C14: 46112 | D14: REQ-028, REQ-049 | E14: Children’s-services AI controls and assessments should reference the current statutory guidance, not only earlier editions. | F14: Children’s Services/Safeguarding/Legal to verify affected templates, governance and operational instructions. | G14: Children’s Services / Safeguarding / Legal | H14: High | I14: Assessment required | L14: https://www.gov.uk/government/publications/working-together-to-safeguard-children--2 | M14: 46241 | N14: 46295 | O14: =IF(AND(A14<>"",B14<>"",C14<>"",D14<>"",E14<>"",F14<>"",G14<>"",H14<>"",I14<>"",L14<>"",M14<>"",N14<>""),IF(OR(I14="Implemented",I14="Closed"),IF(AND(J14<>"",K14<>""),"Complete","Closure evidence incomplete"),IF(AND(ISNUMBER(N14),N14<TODAY()),"Review overdue","Complete")),"Incomplete")
A15: CHG-009 | B15: Government AI Insights collection updated on 3 August 2026. | C15: 46237 | D15: REQ-037, REQ-039 | E15: New technical guidance may contain useful public-sector implementation practice but is not automatically binding. | F15: Technical and governance owners to review relevant updates and record adopted, rejected or deferred changes. | G15: AI Governance Lead / Technical Leadership | H15: Low | I15: Monitoring | L15: https://www.gov.uk/government/publications/ai-insights | M15: 46241 | N15: 46356 | O15: =IF(AND(A15<>"",B15<>"",C15<>"",D15<>"",E15<>"",F15<>"",G15<>"",H15<>"",I15<>"",L15<>"",M15<>"",N15<>""),IF(OR(I15="Implemented",I15="Closed"),IF(AND(J15<>"",K15<>""),"Complete","Closure evidence incomplete"),IF(AND(ISNUMBER(N15),N15<TODAY()),"Review overdue","Complete")),"Incomplete")
A16: CHG-010 | B16: The AI Governance Playbook (AIG-GOV-02, current controlled version per AIG-GOV-03) and AIG-AIMS-01 to AIG-AIMS-05 remain draft pending formal adoption and specialist validation. | C16: 46241 | D16: REQ-040, REQ-044 to REQ-051 | E16: Using the suite as though approved would create authority, evidence and conformity risks. | F16: Confirm adopting authority, accountable owner, scope, policy, SoA, objectives, roles, requirements and transition plan before operational claims. | G16: Executive Sponsor / AI Governance Lead | H16: Critical | I16: Assessment required | L16: Internal AIMS implementation programme | M16: 46241 | N16: 46265 | O16: =IF(AND(A16<>"",B16<>"",C16<>"",D16<>"",E16<>"",F16<>"",G16<>"",H16<>"",I16<>"",L16<>"",M16<>"",N16<>""),IF(OR(I16="Implemented",I16="Closed"),IF(AND(J16<>"",K16<>""),"Complete","Closure evidence incomplete"),IF(AND(ISNUMBER(N16),N16<TODAY()),"Review overdue","Complete")),"Incomplete")
A17: CHG-011 | B17: DUAA legal-currency review of the AI templates: confirmed the DUAA amends rather than replaces UK GDPR, DPA 2018 and PECR, and captured the public-authority lawful-basis position that recognised legitimate interest is not a general basis for performing public tasks. | C17: 46279 | D17: REQ-001 to REQ-004, REQ-033, REQ-034, REQ-046 (also AIG-ASS-05 and AIG-OPS-04) | E17: DPIA (AIG-ASS-05) and the contestability control (AIG-OPS-04) had their solely-automated wording tightened to no meaningful human involvement, and the public-authority lawful-basis caution added. The register already records amends-not-replaces (REQ-003) and the 5 February 2026 commencement (CHG-001). | F17: DPO and Legal to confirm the tightened wording and the public-authority lawful-basis position, and keep automated-decision guidance under review pending the ICO AI/ADM code. | G17: DPO / Legal / AI Governance Lead | H17: High | I17: Assessment required | L17: https://ico.org.uk/about-the-ico/what-we-do/legislation-we-cover/data-use-and-access-act-2025/ | M17: 46279 | N17: 46370 | O17: =IF(AND(A17<>"",B17<>"",C17<>"",D17<>"",E17<>"",F17<>"",G17<>"",H17<>"",I17<>"",L17<>"",M17<>"",N17<>""),IF(OR(I17="Implemented",I17="Closed"),IF(AND(J17<>"",K17<>""),"Complete","Closure evidence incomplete"),IF(AND(ISNUMBER(N17),N17<TODAY()),"Review overdue","Complete")),"Incomplete")
A18: CHG-012 | B18: English Devolution and Community Empowerment Act 2026 received Royal Assent; commencement is phased and relevant local-government decision/delegation provisions must be monitored. | C18: 46141 | D18: REQ-013, REQ-045 | E18: Potential impact on governance arrangements, delegations, decision structures and committee processes relevant to AI governance; do not assume all provisions are commenced. | F18: Legal/Monitoring Officer to assess applicable provisions and commencement dates, identify any Council constitutional changes and update the governance map/delegation evidence where necessary. | G18: Legal / Monitoring Officer / AI Governance Lead | H18: High | I18: Monitoring | L18: https://www.legislation.gov.uk/ukpga/2026/23/notes/division/13/index.htm | M18: 46285 | N18: On commencement or amendment | O18: =IF(AND(A18<>"",B18<>"",C18<>"",D18<>"",E18<>"",F18<>"",G18<>"",H18<>"",I18<>"",L18<>"",M18<>"",N18<>""),IF(OR(I18="Implemented",I18="Closed"),IF(AND(J18<>"",K18<>""),"Complete","Closure evidence incomplete"),IF(AND(ISNUMBER(N18),N18<TODAY()),"Review overdue","Complete")),"Incomplete")
A19: CHG-013 | B19: DUAA s.103 data-protection complaints duty (DPA 2018 s.164A) and Sch 10 commenced on 19 June 2026 (SI 2026/82, reg 3) for complaints received on or after that date. | C19: 46192 | D19: REQ-002, REQ-003, REQ-046 | E19: Council data-protection complaints handling, privacy information and complaint records must meet the new duty (acknowledgement, steps to respond, outcome). | F19: DPO/Complaints to confirm the data-protection complaints process, acknowledgement and response arrangements, and update notices and procedures. | G19: DPO / Complaints / Legal | H19: High | I19: Assessment required | L19: https://www.legislation.gov.uk/uksi/2026/82/contents/made ; https://ico.org.uk/about-the-ico/what-we-do/legislation-we-cover/data-use-and-access-act-2025/ | M19: 46294 | N19: 46385 | O19: =IF(AND(A19<>"",B19<>"",C19<>"",D19<>"",E19<>"",F19<>"",G19<>"",H19<>"",I19<>"",L19<>"",M19<>"",N19<>""),IF(OR(I19="Implemented",I19="Closed"),IF(AND(J19<>"",K19<>""),"Complete","Closure evidence incomplete"),IF(AND(ISNUMBER(N19),N19<TODAY()),"Review overdue","Complete")),"Incomplete")
A20: CHG-014 | B20: SI 2026/425 (in force 12 May 2026) requires the Information Commissioner to prepare a statutory code of practice on AI and automated decision-making, including children's personal data. Identified by the regulatory scanner (REG-0001). | C20: 46154 | D20: REQ-056, REQ-001, REQ-002, REQ-003 | E20: Puts the ICO AI/ADM code previously tracked as guidance in development (CHG-005) on a statutory footing. Once issued, it will be taken into account when assessing Council compliance; DPIA, automated-decision and children's-data practice may need updating. | F20: DPO to track the code through consultation and issue; on publication, complete a gap assessment and update the DPIA Template (AIG-ASS-05) and Playbook DPIA and automated-decision safeguards (§4.6.1) as needed. | G20: DPO / AI Governance Lead | H20: High | I20: Assessment required | L20: https://www.legislation.gov.uk/uksi/2026/425/made | M20: 46297 | N20: 46389 | O20: =IF(AND(A20<>"",B20<>"",C20<>"",D20<>"",E20<>"",F20<>"",G20<>"",H20<>"",I20<>"",L20<>"",M20<>"",N20<>""),IF(OR(I20="Implemented",I20="Closed"),IF(AND(J20<>"",K20<>""),"Complete","Closure evidence incomplete"),IF(AND(ISNUMBER(N20),N20<TODAY()),"Review overdue","Complete")),"Incomplete")

Sheet Horizon Scanning
A1: The Council — AIMS Horizon-Scanning Plan
A2: AIG-AIMS-05 · v1.9 draft · Draft for Council review · OFFICIAL · ISO/IEC 42001:2023
A3: Purpose: assign authoritative monitoring channels, scope, cadence, escalation and evidence so relevant changes enter controlled assessment promptly.
A4: Current position: channels are proposed and not yet operating. The plan now includes English-devolution/local-government reform monitoring, and SCN-07 covers standards bodies (ISO/IEC, NIST and ETSI). Confirm subscriptions, deputies, review dates, evidence locations and escalation service levels before marking Active.
A6: Scan ID | B6: Channel | C6: Scope / search terms | D6: Authoritative source | E6: Proposed owner | F6: Frequency | G6: Method | H6: Escalation trigger | I6: Required evidence | J6: Status | K6: Last completed | L6: Next due | M6: Outcome / action | N6: Related requirements | O6: Record QA
A7: SCN-01 | B7: UK legislation and commencement | C7: AI, data, privacy, procurement, local government, digital, equality, security, transparency | D7: https://www.legislation.gov.uk/ | E7: Legal Services | F7: Monthly | G7: Review new Acts, statutory instruments, commencement and amendments; record only relevant verified changes. | H7: New/commenced/amended duty affecting Council AI, data, decisions, suppliers or AIMS. | I7: Search log; source URL; applicability assessment; owner/action | J7: Proposed | N7: REQ-001 to REQ-032, REQ-054, REQ-056 | O7: =IF(AND(A7<>"",B7<>"",C7<>"",D7<>"",E7<>"",F7<>"",G7<>"",H7<>"",I7<>"",J7<>"",N7<>""),IF(J7="Proposed","Complete",IF(AND(K7<>"",L7<>"",M7<>""),"Complete","Operating evidence incomplete")),"Incomplete")
A8: SCN-02 | B8: UK Parliament Bills | C8: AI, data, digital, copyright, cyber, public services and local-government Bills | D8: https://bills.parliament.uk/ | E8: Legal Services | F8: Monthly | G8: Monitor Bills and stages; label proposals clearly and reassess at material stages/Royal Assent. | H8: Bill creates likely material control, resource or service impact. | I8: Bill tracker; stage; impact note; decision | J8: Proposed | N8: REQ-021, REQ-024, REQ-038 | O8: =IF(AND(A8<>"",B8<>"",C8<>"",D8<>"",E8<>"",F8<>"",G8<>"",H8<>"",I8<>"",J8<>"",N8<>""),IF(J8="Proposed","Complete",IF(AND(K8<>"",L8<>"",M8<>""),"Complete","Operating evidence incomplete")),"Incomplete")
A9: SCN-03 | B9: ICO | C9: DUAA, AI, automated decisions, profiling, biometrics, children, DPIA, complaints and enforcement | D9: https://ico.org.uk/for-organisations/uk-gdpr-guidance-and-resources/artificial-intelligence/ | E9: DPO / Information Governance | F9: Monthly | G9: Review guidance, consultations, codes, enforcement and regulatory strategy; verify updated date/status. | H9: New code/guidance, enforcement outcome or changed legal interpretation. | I9: ICO update log; assessment; affected document/control; action | J9: Proposed | N9: REQ-001 to REQ-004, REQ-029, REQ-033, REQ-034, REQ-056 | O9: =IF(AND(A9<>"",B9<>"",C9<>"",D9<>"",E9<>"",F9<>"",G9<>"",H9<>"",I9<>"",J9<>"",N9<>""),IF(J9="Proposed","Complete",IF(AND(K9<>"",L9<>"",M9<>""),"Complete","Operating evidence incomplete")),"Incomplete")
A10: SCN-04 | B10: EHRC and equality law | C10: AI, PSED, discrimination, accessibility, public services and employment | D10: https://www.equalityhumanrights.com/guidance/artificial-intelligence-public-services | E10: Equality Lead / Legal | F10: Quarterly | G10: Review statutory/regulatory guidance, cases and public-sector AI material. | H10: Changed PSED/equality expectation, decision or evidence standard. | I10: Update log; equality impact; template/control action | J10: Proposed | N10: REQ-005, REQ-035, REQ-049 | O10: =IF(AND(A10<>"",B10<>"",C10<>"",D10<>"",E10<>"",F10<>"",G10<>"",H10<>"",I10<>"",J10<>"",N10<>""),IF(J10="Proposed","Complete",IF(AND(K10<>"",L10<>"",M10<>""),"Complete","Operating evidence incomplete")),"Incomplete")
A11: SCN-05 | B11: Cabinet Office (AI strategy / public-sector AI adoption) and GDS (ATRS, standards) | C11: AI regulation policy, AI Playbook, AI Insights, ATRS, transparency and government standards | D11: https://www.gov.uk/government/collections/artificial-intelligence-resources-for-the-public-sector | E11: AI Governance Lead | F11: Monthly | G11: Review official collections, publication updates and mandatory-scope statements; distinguish central government from local government. | H11: New mandatory scope, material guidance or public-sector expectation. | I11: Publication/change log; applicability decision; action | J11: Proposed | N11: REQ-036 to REQ-038 | O11: =IF(AND(A11<>"",B11<>"",C11<>"",D11<>"",E11<>"",F11<>"",G11<>"",H11<>"",I11<>"",J11<>"",N11<>""),IF(J11="Proposed","Complete",IF(AND(K11<>"",L11<>"",M11<>""),"Complete","Operating evidence incomplete")),"Incomplete")
A12: SCN-06 | B12: EU AI Office / Commission | C12: EU AI Act, Omnibus, codes, guidelines, enforcement, high-risk, GPAI and transparency | D12: https://digital-strategy.ec.europa.eu/en/policies/regulatory-framework-ai | E12: Legal / AI Governance Lead | F12: Monthly | G12: Review only for identified or plausible EU-scope cases; record dates, legal status and actor implications. | H12: Territorial scope, effective date, guideline or supplier obligation changes. | I12: EU scan; role/scope assessment; supplier impact; action | J12: Proposed | N12: REQ-032 | O12: =IF(AND(A12<>"",B12<>"",C12<>"",D12<>"",E12<>"",F12<>"",G12<>"",H12<>"",I12<>"",J12<>"",N12<>""),IF(J12="Proposed","Complete",IF(AND(K12<>"",L12<>"",M12<>""),"Complete","Operating evidence incomplete")),"Incomplete")
A13: SCN-07 | B13: Standards bodies (ISO/IEC JTC 1/SC 42, NIST, ETSI) | C13: ISO/IEC JTC 1/SC 42 published and revised AI standards (management, risk, impact, governance, lifecycle, security and certification); NIST AI publications, including the AI Risk Management Framework and NIST AI 600-1; ETSI Securing Artificial Intelligence (SAI) standards | D13: https://www.iso.org/committee/6794475.html; https://www.nist.gov/itl/ai-risk-management-framework; https://www.etsi.org/technologies/securing-artificial-intelligence | E13: AI Governance Lead | F13: Quarterly | G13: Review each body’s catalogue and new or revised publications; obtain licensed copies only when adoption/validation is approved; log any change against the linked requirements (REQ-041, REQ-042, REQ-053, REQ-055) in their existing columns (Proposed — for Council confirmation). | H13: New or revised standard or framework affects an adopted AIMS method, risk or impact assessment, security baseline, certification or contractual commitment. | I13: Standards log; change logged against the linked requirement; adoption decision; licensed review; mapping/action | J13: Proposed | N13: REQ-040 to REQ-043, REQ-053, REQ-055 | O13: =IF(AND(A13<>"",B13<>"",C13<>"",D13<>"",E13<>"",F13<>"",G13<>"",H13<>"",I13<>"",J13<>"",N13<>""),IF(J13="Proposed","Complete",IF(AND(K13<>"",L13<>"",M13<>""),"Complete","Operating evidence incomplete")),"Incomplete")
A14: SCN-08 | B14: NCSC and cyber regulation | C14: AI security, secure-by-design, threat reports, NIS/cyber legislation, incident and supply chain | D14: https://www.ncsc.gov.uk/section/information-for/large-organisations | E14: Cyber Security | F14: Monthly | G14: Review NCSC guidance/advisories and relevant legislative developments; map to threat/control owners. | H14: New material AI threat, vulnerability, guidance or regulated-security duty. | I14: Threat/guidance log; risk assessment; control/test/change record | J14: Proposed | N14: REQ-023, REQ-024, REQ-039, REQ-047 | O14: =IF(AND(A14<>"",B14<>"",C14<>"",D14<>"",E14<>"",F14<>"",G14<>"",H14<>"",I14<>"",J14<>"",N14<>""),IF(J14="Proposed","Complete",IF(AND(K14<>"",L14<>"",M14<>""),"Complete","Operating evidence incomplete")),"Incomplete")
A15: SCN-09 | B15: Public procurement | C15: Procurement Act guidance, NPPS, notices, exclusions, contract management and transitional updates | D15: https://www.gov.uk/government/collections/transforming-public-procurement | E15: Procurement / Legal | F15: Monthly | G15: Review official procurement updates and Council implementation changes. | H15: Changed mandatory process, notice, supplier, contract or transition requirement. | I15: Procurement update log; template/process assessment; action | J15: Proposed | N15: REQ-015 to REQ-018, REQ-048 | O15: =IF(AND(A15<>"",B15<>"",C15<>"",D15<>"",E15<>"",F15<>"",G15<>"",H15<>"",I15<>"",J15<>"",N15<>""),IF(J15="Proposed","Complete",IF(AND(K15<>"",L15<>"",M15<>""),"Complete","Operating evidence incomplete")),"Incomplete")
A16: SCN-10 | B16: Local-government sector | C16: LGA, MHCLG statutory guidance, Best Value, transparency and service-specific developments | D16: https://www.gov.uk/government/organisations/ministry-of-housing-communities-local-government | E16: Corporate Governance / Legal | F16: Quarterly | G16: Review relevant statutory guidance and sector updates; verify primary authority before control change. | H16: Changed local-authority statutory guidance, intervention standard or transparency requirement. | I16: Sector log; primary-source validation; impact/action | J16: Proposed | N16: REQ-012 to REQ-014 | O16: =IF(AND(A16<>"",B16<>"",C16<>"",D16<>"",E16<>"",F16<>"",G16<>"",H16<>"",I16<>"",J16<>"",N16<>""),IF(J16="Proposed","Complete",IF(AND(K16<>"",L16<>"",M16<>""),"Complete","Operating evidence incomplete")),"Incomplete")
A17: SCN-11 | B17: Council internal change | C17: Constitution, delegations, policies, risk appetite, architecture, security, procurement, HR, equality and records | D17: Council controlled repositories and governance calendars | E17: AI Governance Lead / Control Owners | F17: Monthly | G17: Control owners notify changes; quarterly reconciliation to authoritative repositories and committee decisions. | H17: Change affects AIMS authority, process, evidence, risk criteria or live-system control. | I17: Change notice; version comparison; impact; approval; communication | J17: Proposed | N17: REQ-044 to REQ-050 | O17: =IF(AND(A17<>"",B17<>"",C17<>"",D17<>"",E17<>"",F17<>"",G17<>"",H17<>"",I17<>"",J17<>"",N17<>""),IF(J17="Proposed","Complete",IF(AND(K17<>"",L17<>"",M17<>""),"Complete","Operating evidence incomplete")),"Incomplete")
A18: SCN-12 | B18: Suppliers, partners and contracts | C18: Model/service releases, terms, data, security, sub-processors, incidents, assurance and end-of-life | D18: Case-specific supplier and contract channels | E18: Contract Owners / Service Owners | F18: Per notice and quarterly | G18: Enforce notification clauses; reconcile release notes and assurance evidence to each AI Register ID. | H18: Material model/data/term/control change, incident, degraded assurance or exit risk. | I18: Supplier notice; material-change assessment; decision; test/reapproval | J18: Proposed | N18: REQ-051 and case-specific legal obligations | O18: =IF(AND(A18<>"",B18<>"",C18<>"",D18<>"",E18<>"",F18<>"",G18<>"",H18<>"",I18<>"",J18<>"",N18<>""),IF(J18="Proposed","Complete",IF(AND(K18<>"",L18<>"",M18<>""),"Complete","Operating evidence incomplete")),"Incomplete")
A19: SCN-13 | B19: English devolution and local-government reform | C19: Local-authority governance, delegations, decision structures, planning and commencement | D19: https://www.legislation.gov.uk/ukpga/2026/23/notes/division/13/index.htm | E19: Legal Services / Monitoring Officer | F19: Monthly | G19: Monitor Royal Assent, commencement orders and relevant provisions; distinguish provisions already in force from later commencement. | H19: Commencement or amendment changes Council governance, delegated authority, committee arrangements or service responsibilities affecting AI governance. | I19: Legislative scan; applicability assessment; constitutional/delegation impact note; action | J19: Proposed | N19: REQ-013, REQ-045 | O19: =IF(AND(A19<>"",B19<>"",C19<>"",D19<>"",E19<>"",F19<>"",G19<>"",H19<>"",I19<>"",J19<>"",N19<>""),IF(J19="Proposed","Complete",IF(AND(K19<>"",L19<>"",M19<>""),"Complete","Operating evidence incomplete")),"Incomplete")

Sheet Evidence & Review
A1: The Council — Requirements Evidence and Review Matrix
A2: AIG-AIMS-05 · v1.9 draft · Draft for Council review · OFFICIAL · ISO/IEC 42001:2023
A3: Purpose: define the minimum evidence packs, owners, locations, retention basis, sampling and review needed to demonstrate implementation and effectiveness.
A4: Current position: evidence requirements are defined but no repository location or operational evidence is claimed. Populate only approved locations and test retrievability using the AI Register ID.
A6: Evidence ID | B6: Domain | C6: Minimum evidence pack | D6: Proposed owner | E6: Affected requirements | F6: Approved repository / system | G6: Retention basis | H6: Sampling / review | I6: Status | J6: Evidence location / index | K6: Last reviewed | L6: Next review | M6: Gap / required action | N6: Related suite references | O6: Record QA
A7: EVD-01 | B7: Data protection | C7: Processing roles, lawful basis, ROPA, DPIA, privacy information, rights/complaints, data agreements and monitoring. | D7: DPO / Information Governance | E7: REQ-001 to REQ-004, REQ-029, REQ-033, REQ-034, REQ-056 | G7: Council retention schedule / statutory need | H7: Quarterly sample of priority AI systems and after material change | I7: Required - not evidenced | M7: Populate authoritative location and test retrieval by AI Register ID. | N7: AIG-INV-04, AIG-ASS-04, AIG-ASS-05, AIG-OPS-05, AIG-OPS-03 | O7: =IF(AND(A7<>"",B7<>"",C7<>"",D7<>"",E7<>"",G7<>"",H7<>"",I7<>"",M7<>"",N7<>""),IF(I7="Required - not evidenced",IF(AND(F7<>"",J7<>""),"Complete","Evidence location missing"),IF(AND(F7<>"",J7<>"",K7<>"",L7<>""),"Complete","Review evidence incomplete")),"Incomplete")
A8: EVD-02 | B8: Equality and human rights | C8: EIA/HRA/Responsible AI assessment, legal advice, engagement, accessibility, mitigations, residual decision and outcome monitoring. | D8: Equality / Human Rights / Legal | E8: REQ-005 to REQ-008, REQ-035 | G8: Council retention schedule / legal claims and accountability | H8: Quarterly sample of high-impact systems; after complaint or change | I8: Required - not evidenced | M8: Populate locations and validate evidence quality with affected-group input. | N8: AIG-ASS-04, AIG-ASS-06, AIG-ASS-07, AIG-ASS-10, AIG-OPS-05 | O8: =IF(AND(A8<>"",B8<>"",C8<>"",D8<>"",E8<>"",G8<>"",H8<>"",I8<>"",M8<>"",N8<>""),IF(I8="Required - not evidenced",IF(AND(F8<>"",J8<>""),"Complete","Evidence location missing"),IF(AND(F8<>"",J8<>"",K8<>"",L8<>""),"Complete","Review evidence incomplete")),"Incomplete")
A9: EVD-03 | B9: Public law and decision authority | C9: Statutory power, delegation, decision policy, human oversight, reasons, review/appeal and decision records. | D9: Monitoring Officer / Legal / Governance | E9: REQ-006, REQ-007, REQ-013, REQ-045 | G9: Council governance/records schedule | H9: Every higher-risk decision; annual authority review | I9: Required - not evidenced | M9: Link current Constitution/delegations and sample authorised decisions. | N9: AIG-DEC-03, AIG-GOV-06, AIG-AIMS-01, AIG-AIMS-04 | O9: =IF(AND(A9<>"",B9<>"",C9<>"",D9<>"",E9<>"",G9<>"",H9<>"",I9<>"",M9<>"",N9<>""),IF(I9="Required - not evidenced",IF(AND(F9<>"",J9<>""),"Complete","Evidence location missing"),IF(AND(F9<>"",J9<>"",K9<>"",L9<>""),"Complete","Review evidence incomplete")),"Incomplete")
A10: EVD-04 | B10: Information access and records | C10: Evidence index, retention, access, retrieval, FOI/EIR decisions, publication and controlled disposal/holds. | D10: Information Governance / Records / FOI | E10: REQ-009 to REQ-012, REQ-020, REQ-046 | G10: Approved retention schedule / FOIA Section 46 Code | H10: Quarterly retrieval sample and annual schedule review | I10: Required - not evidenced | M10: Approve evidence taxonomy and perform retrieval test across supplier records. | N10: AIG-GOV-01, AIG-INV-04, AIG-ASS-08 to AIG-ASS-10, AIG-DEC-03, AIG-OPS-05, AIG-OPS-06, AIG-OPS-01, AIG-AIMS-01 to AIG-AIMS-05 | O10: =IF(AND(A10<>"",B10<>"",C10<>"",D10<>"",E10<>"",G10<>"",H10<>"",I10<>"",M10<>"",N10<>""),IF(I10="Required - not evidenced",IF(AND(F10<>"",J10<>""),"Complete","Evidence location missing"),IF(AND(F10<>"",J10<>"",K10<>"",L10<>""),"Complete","Review evidence incomplete")),"Incomplete")
A11: EVD-05 | B11: Procurement and supplier | C11: Regime decision, business case, notices, conflicts, due diligence, evaluation, contract, obligations, KPI, changes, audit, continuity and exit. | D11: Procurement / Contract Owner / Legal | E11: REQ-015 to REQ-018, REQ-048, REQ-051 | G11: Procurement and contract retention rules | H11: Each procurement/renewal/change; quarterly supplier portfolio review | I11: Required - not evidenced | M11: Link at least two live supplier cases and test mandatory clause/evidence coverage. | N11: AIG-ASS-08, AIG-ASS-11, AIG-OPS-01 | O11: =IF(AND(A11<>"",B11<>"",C11<>"",D11<>"",E11<>"",G11<>"",H11<>"",I11<>"",M11<>"",N11<>""),IF(I11="Required - not evidenced",IF(AND(F11<>"",J11<>""),"Complete","Evidence location missing"),IF(AND(F11<>"",J11<>"",K11<>"",L11<>""),"Complete","Review evidence incomplete")),"Incomplete")
A12: EVD-06 | B12: Data sharing and intellectual property | C12: Lawful power, data-sharing terms, licences, provenance, permitted use, ownership, supplier warranties and publication decisions. | D12: Legal / DPO / Data Owner | E12: REQ-019 to REQ-022, REQ-051 | G12: Contract/IP/records schedule | H12: Each new dataset/partner/licence; annual portfolio review | I12: Required - not evidenced | M12: Populate dataset and licence evidence for priority systems. | N12: AIG-ASS-02, AIG-ASS-05, AIG-ASS-08, AIG-ASS-09 | O12: =IF(AND(A12<>"",B12<>"",C12<>"",D12<>"",E12<>"",G12<>"",H12<>"",I12<>"",M12<>"",N12<>""),IF(I12="Required - not evidenced",IF(AND(F12<>"",J12<>""),"Complete","Evidence location missing"),IF(AND(F12<>"",J12<>"",K12<>"",L12<>""),"Complete","Review evidence incomplete")),"Incomplete")
A13: EVD-07 | B13: Security and resilience | C13: Architecture, threat model, access, tests, vulnerabilities, logs, incident, continuity, recovery, supplier security and exit. | D13: Cyber Security / Resilience / System Owner | E13: REQ-023 to REQ-025, REQ-039, REQ-047, REQ-054 | G13: Security/incident/contract retention rules | H13: Before go-live; continuous monitoring; annual exercise | I13: Required - not evidenced | M13: Map AIG-ASS-11 to corporate/NCSC controls and test one live system. | N13: AIG-OPS-03, AIG-ASS-11, AIG-OPS-01 | O13: =IF(AND(A13<>"",B13<>"",C13<>"",D13<>"",E13<>"",G13<>"",H13<>"",I13<>"",M13<>"",N13<>""),IF(I13="Required - not evidenced",IF(AND(F13<>"",J13<>""),"Complete","Evidence location missing"),IF(AND(F13<>"",J13<>"",K13<>"",L13<>""),"Complete","Review evidence incomplete")),"Incomplete")
A14: EVD-08 | B14: Workforce, competence and concerns | C14: Consultation, occupational risk, role appointments, learning, competence assessment, restrictions, concern/whistleblowing and action records. | D14: HR / H&S / AI Governance Lead | E14: REQ-026, REQ-027, REQ-049 | G14: HR/LMS/whistleblowing retention rules | H14: Annual; on appointment, role change, incident or concern | I14: Required - not evidenced | M14: Link approved role/training evidence without over-collecting personal data. | N14: AIG-OPS-03, AIG-AIMS-04 | O14: =IF(AND(A14<>"",B14<>"",C14<>"",D14<>"",E14<>"",G14<>"",H14<>"",I14<>"",M14<>"",N14<>""),IF(I14="Required - not evidenced",IF(AND(F14<>"",J14<>""),"Complete","Evidence location missing"),IF(AND(F14<>"",J14<>"",K14<>"",L14<>""),"Complete","Review evidence incomplete")),"Incomplete")
A15: EVD-09 | B15: Children and safeguarding | C15: Current service-law map, safeguarding/child impact, voice/engagement, information sharing, human judgement, multi-agency terms, monitoring and incidents. | D15: Children’s Services / Safeguarding | E15: REQ-028, REQ-029, REQ-049 | G15: Children’s services/safeguarding retention rules | H15: Every relevant system; quarterly practice sample | I15: Required - not evidenced | M15: Validate evidence on any relevant live/pilot system against 2026 guidance. | N15: AIG-ASS-04 to AIG-ASS-07, AIG-DEC-03, AIG-OPS-03, AIG-OPS-01 | O15: =IF(AND(A15<>"",B15<>"",C15<>"",D15<>"",E15<>"",G15<>"",H15<>"",I15<>"",M15<>"",N15<>""),IF(I15="Required - not evidenced",IF(AND(F15<>"",J15<>""),"Complete","Evidence location missing"),IF(AND(F15<>"",J15<>"",K15<>"",L15<>""),"Complete","Review evidence incomplete")),"Incomplete")
A16: EVD-10 | B16: Adult social care and capacity | C16: Service-law map, capacity/best-interests, professional/human decision, explanation, advocacy, safeguarding, review and complaint evidence. | D16: Adult Social Care / Legal / Safeguarding | E16: REQ-030, REQ-049 | G16: Adult social care/case-record retention rules | H16: Every relevant system; quarterly practice sample | I16: Required - not evidenced | M16: Validate evidence on any relevant live/pilot system and preserve professional judgement. | N16: AIG-ASS-04, AIG-ASS-05, AIG-ASS-07, AIG-ASS-09, AIG-DEC-03, AIG-OPS-03 | O16: =IF(AND(A16<>"",B16<>"",C16<>"",D16<>"",E16<>"",G16<>"",H16<>"",I16<>"",M16<>"",N16<>""),IF(I16="Required - not evidenced",IF(AND(F16<>"",J16<>""),"Complete","Evidence location missing"),IF(AND(F16<>"",J16<>"",K16<>"",L16<>""),"Complete","Review evidence incomplete")),"Incomplete")
A17: EVD-11 | B17: Transparency, accessibility and communication | C17: ATRS applicability/publication, accessibility statement/tests, AI explanations, approved notices, engagement, version history and effectiveness. | D17: Communications / Accessibility / Service Owner | E17: REQ-008, REQ-012, REQ-031, REQ-034 to REQ-038 | G17: Publication/communications/records schedule | H17: Before go-live; on material change; annual accessibility review | I17: Required - not evidenced | M17: Approve ATRS route and test resident-facing transparency/accessibility evidence. | N17: AIG-ASS-09, AIG-ASS-10, AIG-OPS-05, AIG-OPS-01, AIG-AIMS-04 | O17: =IF(AND(A17<>"",B17<>"",C17<>"",D17<>"",E17<>"",G17<>"",H17<>"",I17<>"",M17<>"",N17<>""),IF(I17="Required - not evidenced",IF(AND(F17<>"",J17<>""),"Complete","Evidence location missing"),IF(AND(F17<>"",J17<>"",K17<>"",L17<>""),"Complete","Review evidence incomplete")),"Incomplete")
A18: EVD-12 | B18: EU AI Act conditional compliance | C18: Territorial/actor classification, prohibited-practice screen, literacy, transparency, supplier/GPAI information and high-risk evidence if applicable. | D18: Legal / AI Governance Lead | E18: REQ-032 | G18: Legal/contract/AIMS retention rules | H18: Every plausible EU-scope case; monthly horizon review | I18: Required - not evidenced | M18: Complete portfolio screening and retain explicit out-of-scope decisions where justified. | N18: AIG-ASS-01, AIG-ASS-08 to AIG-ASS-10, AIG-DEC-03, AIG-ASS-11, AIG-OPS-01, AIG-AIMS-04 | O18: =IF(AND(A18<>"",B18<>"",C18<>"",D18<>"",E18<>"",G18<>"",H18<>"",I18<>"",M18<>"",N18<>""),IF(I18="Required - not evidenced",IF(AND(F18<>"",J18<>""),"Complete","Evidence location missing"),IF(AND(F18<>"",J18<>"",K18<>"",L18<>""),"Complete","Review evidence incomplete")),"Incomplete")
... A21: EVD-15 | B21: Requirements and change control | C21: Validated applicability, interpretations, source/date, owner, affected systems/processes, change assessment, action, closure and effectiveness. | D21: Legal Services / AI Governance Lead | E21: REQ-001 to REQ-058 | G21: AIMS requirements/change record retention rule | H21: Monthly change review; annual full validation | I21: Required - not evidenced | M21: Run the first specialist validation workshop and approve change-control cadence. | N21: AIG-OPS-05, AIG-OPS-06, AIG-AIMS-01, AIG-AIMS-03, AIG-AIMS-05 | O21: =IF(AND(A21<>"",B21<>"",C21<>"",D21<>"",E21<>"",G21<>"",H21<>"",I21<>"",M21<>"",N21<>""),IF(I21="Required - not evidenced",IF(AND(F21<>"",J21<>""),"Complete","Evidence location missing"),IF(AND(F21<>"",J21<>"",K21<>"",L21<>""),"Complete","Review evidence incomplete")),"Incomplete")

Sheet Lists & Guidance
A1: AIG-AIMS-05 — Definitions, Validation Rules and Controlled-Use Guidance
A3: Applicability status | B3: Meaning | D3: Validation status | E3: Meaning | G3: Change status | H3: Meaning | J3: Requirement source/status options
A4: Applicable | B4: Requirement governs the AIMS/Council domain; specific provisions and system triggers still require specialist interpretation. | D4: Specialist validation required | E4: Desk-reviewed starting position; no competent owner has approved applicability/interpretation. | G4: Assessment required | H4: Source is identified; impact, applicability, priority and action require approval. | J4: Current
A5: Conditional | B5: Applies only when the recorded trigger, territory, service, processing, technology or contractual condition is met. | D5: Validation scheduled | E5: Named reviewer, scope and target date are agreed. | G5: Monitoring | H5: No immediate control change approved; named owner and next review retained. | J5: New / commenced
A6: Voluntary adopted | B6: Not generally mandatory for the Council, but proposed as a binding Council commitment through formal adoption. | D6: Validated | E6: Competent owner approved applicability, interpretation, affected controls/systems and review. | G6: Action approved | H6: Change and resources are authorised with target and owner. | J6: Amended
A7: Proposed adoption | B7: The suite proposes adoption; it is not binding until approved by the competent authority. | D7: Rejected / superseded | E7: Requirement is not applicable or has been replaced, with authority, rationale and review trigger retained. | G7: In progress | H7: Implementation is under way and interim risk is controlled. | J7: Amended / applying
A8: Guidance to consider | B8: Authoritative or relevant guidance to assess; not automatically equivalent to a legal duty. | G8: Implemented | H8: Change is implemented; effectiveness/closure evidence is being verified. | J8: Under review
A9: Needs legal validation | B9: Potential requirement whose status cannot be confirmed without competent review. | G9: Closed | H9: Implementation and effectiveness evidence are approved. | J9: Updated 2025
A10: Not applicable (approved) | B10: Competent owner has documented and approved a justified exclusion, scope condition and review trigger. | G10: Not applicable | H10: Competent owner approved no action with rationale and review trigger. | J10: Updated 2026
J11: Current / case-law sensitive
A12: Validation and legal-control rules | J12: Current / case-sensitive
A13: • This register supports ISO/IEC 42001 clause 4.2 and related controls; it does not replace the Council’s corporate legal/obligations registers or legal advice. | J13: Current / policy developing
A14: • Legal Services, the DPO, Monitoring Officer and specialist functions retain authority for their domains. AI governance cannot waive statutory or professional requirements. | J14: Current / reform sensitive
A15: • Validate applicability at both AIMS level and AI-system level. A law may govern the Council but only particular provisions may be triggered by a specific use. | J15: Current / DUAA review sensitive
A16: • Record authoritative source, version/date, interpretation, owner, affected system/process, evidence, review and approved decision. Do not rely on summaries alone. | J16: Current / commenced
A17: • Distinguish law, statutory guidance, regulator guidance, government policy, voluntary standards, Council policy and contract. Their authority and change routes differ. | J17: Current / commenced in stages
A18: • Treat proposed Bills, consultations and policy statements as horizon items until their legal status changes. | J18: Current version to confirm
A19: • Use current commencement and transitional provisions. For procurement, record the governing regime for each case. | J19: Case-specific
A20: • For EU AI Act entries, document territorial scope and Council/supplier actor roles before applying or rejecting obligations. | J20: Draft / pending adoption
A21: • For DUAA and automated decisions, use current law and DPO/Legal interpretation; several older ICO AI pages are expressly under review. | J21: New standard 2025
A22: • A change closes only when affected documents, systems, contracts, training and communications are updated and effectiveness evidence is approved. | J22: Open policy development
A23: • Keep evidence proportionate, secure and retrievable through the AI Register ID; apply retention, legal holds, FOI/EIR and data-protection rules. | J23: Transitional
A24: • Escalate uncertainty, conflict, overdue high-priority change or lack of competent ownership into AIMS risk treatment and management review.
A26: Verified current-position notes — 2026-08-07
A27: 1. DUAA: Royal Assent 19 June 2025. The main data-protection amendments (including s.80, UK GDPR Articles 22A to 22D) commenced on 5 February 2026 under SI 2026/82 reg 2; the s.103 complaints duty (DPA 2018 s.164A) applies from 19 June 2026 (reg 3). The Act amends rather than replaces UK GDPR, DPA 2018 and PECR.
A28: 2. ICO: its existing AI/data-protection guidance is under review following DUAA; updated automated-decision guidance and an AI/ADM code are in development.
A29: 3. EU Commission: the EU AI Act entered into force in 2024 and became generally applicable/enforceable from 2 August 2026, with staged exceptions.
A30: 4. EU Commission: the AI Omnibus entered into force on 27 July 2026; official material reports Annex III high-risk rules from 2 December 2027 and Annex I product rules from 2 August 2028.
A31: 5. GOV.UK: Procurement Act 2023 and associated new public-procurement regime commenced on 24 February 2025; the NPPS took effect alongside it.
A32: 6. GOV.UK: ATRS is mandatory for central government departments and in-scope arm’s-length bodies and is recommended (voluntary) for local authorities, including the Council.
A33: 7. GOV.UK: the AI Playbook and AI Insights are public-sector guidance; their use by a local authority requires an adoption/benchmark decision rather than automatic classification as law.
A34: 8. ISO sources identify ISO/IEC 42001:2023, ISO/IEC 23894:2023, ISO/IEC 42005:2025 and ISO/IEC 42006:2025; licensed texts are required for formal clause/control validation.
A36: Core source links
A37: DUAA commencement (SI 2026/82): https://www.legislation.gov.uk/uksi/2026/82/contents/made ; ICO DUAA: https://ico.org.uk/about-the-ico/what-we-do/legislation-we-cover/data-use-and-access-act-2025/
... A46: Control status: draft for Council review. Source verification date is not legal sign-off; specialist validation and ongoing horizon scanning remain required.

Sheet INTEGRATION INV-04 DEC-04
A1: AIG-AIMS-05 — PROPOSED AIG-INV-04/AIG-DEC-04 INTEGRATION NOTES
A2: NOT APPROVED — additive integration annex only; existing workbook content and formulas are retained unchanged. AIG-INV-04 (AI Register) and AIG-DEC-04 (Gate Log) are themselves proposed designs: until the Council approves their adoption and migration, the Council’s existing records remain authoritative and the AIG-INV-04/AIG-DEC-04 joins below are design references only. No live system, event, evidence, approval or Council decision is asserted.
A4: Review topic | B4: Targeted proposed integration note
A5: Status / classification | B5: Maintain the workbook’s distinction between legislation, regulation, statutory guidance, regulator guidance, government policy, voluntary standards, Council policy and case-specific contract. Applicability and validation fields are proposed until confirmed by the competent legal/specialist owner; no generic source URL by itself establishes an implemented control or legal interpretation.
A6: AIMS-level and case-level scope | B6: The requirements/change register is the authoritative AIMS source for applicability, source/version/date, validation, change and review. Where an obligation depends on a service, territory, actor, processing, supplier or contract, use AIR-ID to point to the affected proposed AIG-INV-04 system and record the competent case-specific assessment in its source evidence; do not assert a universal system obligation from a generic requirement entry.
A7: AIG-INV-04 evidence join | B7: For each affected AIR-ID use AIG-INV-04 Evidence index metadata to point to the versioned source, date, status and authorised location of the actual interpretation, obligation schedule, assessment or proof. Do not copy legal advice, contract content, personal data or an unverified citation into the map; missing approved location and evidence remain gaps.
A8: Change-to-event flow | B8: Keep requirement source changes and decisions in the Requirements Change Register/appropriate change history. If a change creates an actual system governance review, use AIG-DEC-04 Gate plan for an intended forum/target; only a dated Gate Event records that it occurred. Associate any resulting condition with its Condition ID and source evidence. The authoritative approval/waiver is AIG-DEC-03/native minutes, not a horizon scan, change-register status or AIG-DEC-04 event label alone.
A9: Risk, action and review links | B9: Material uncertainty, changed applicability, missed deadline or impact on controls/resources should link to the relevant AIG-AIMS-03 risk/treatment or improvement action and be presented to AIG-AIMS-09 when appropriate. Link AIR-ID for affected-system cases and retain Evidence IDs. Do not mark a requirement change implemented/closed without approved affected-document/system/contract/training evidence and effectiveness/closure review.
A10: Requirements that must stay conditional | B10: Keep requirement-specific triggers and status intact, including conditional EU AI Act actor/territorial assessment, case-specific contract duties, specialist-reviewed legal interpretations and guidance that is not law. Draft Bills/policy remain horizon items; proposals and source-currentness do not become Council duties without competent assessment/adoption.
A11: Open adoption checks | B11: Confirm the authority for legal interpretation and Council policy adoption; validate each entry’s current source/date, owner, review schedule, affected systems/processes, records retention, evidence location and change-control service level. Reconcile to AIG-AIMS-01 interested-party scope and the exact AIR-ID population only after an approved migration.

Sheet STANDARDS SCOPE QA
A1: PROPOSED QA INDEX — NOT APPROVED. A source reference does not establish applicability or compliance. See AIG-AIMS-05 and AIG-AIMS-13; owners must validate the current source, case-specific scope, control evidence and adopted status.
A2: Requirement ID | B2: Instrument / edition | C2: Conditional scope / relevance | D2: Source URL | E2: Owner validation status
A3: REQ-001 | B3: UK General Data Protection Regulation (UK GDPR), as amended | C3: Where personal data is processed; test each UK GDPR provision separately. | D3: https://www.legislation.gov.uk/eur/2016/679/contents | E3: Specialist validation required
A4: REQ-002 | B4: Data Protection Act 2018, as amended | C4: Where DPA 2018 processing/rights rules are engaged; DPO to validate. | D4: https://www.legislation.gov.uk/ukpga/2018/12/contents | E4: Specialist validation required
A5: REQ-003 | B5: Data (Use and Access) Act 2025 (DUAA) | C5: Where DUAA-amended UK GDPR/DPA provisions are engaged, including ADM safeguards. | D5: https://ico.org.uk/about-the-ico/what-we-do/legislation-we-cover/data-use-and-access-act-2025/ | E5: Specialist validation required
A6: REQ-004 | B6: Privacy and Electronic Communications Regulations 2003 (PECR), as amended | C6: Screen the legislation requirement against this artefact's actual use and record evidence/version; see the Applicable Requirements sheet (REQ-004) for the controlled position. | D6: https://www.legislation.gov.uk/uksi/2003/2426/contents | E6: Specialist validation required
A7: REQ-005 | B7: Equality Act 2010, including Public Sector Equality Duty section 149 | C7: Public authority due regard under s.149; case-level equality screening is not risk-tier gated. | D7: https://www.legislation.gov.uk/ukpga/2010/15/section/149 | E7: Specialist validation required
A8: REQ-006 | B8: Human Rights Act 1998 | C8: Public-authority compatibility under s.6; assess Convention rights engaged by the case. | D8: https://www.legislation.gov.uk/ukpga/1998/42/contents | E8: Specialist validation required
A9: REQ-007 | B9: Administrative law, statutory powers, procedural fairness and reasoned decision-making | C9: Screen the public-law requirement against this artefact's actual use and record evidence/version; see the Applicable Requirements sheet (REQ-007) for the controlled position. | D9: https://www.gov.uk/government/publications/the-judge-over-your-shoulder | E9: Specialist validation required
A10: REQ-008 | B10: Public Sector Bodies (Websites and Mobile Applications) (No. 2) Accessibility Regulations 2018 | C10: Screen the legislation requirement against this artefact's actual use and record evidence/version; see the Applicable Requirements sheet (REQ-008) for the controlled position. | D10: https://www.gov.uk/guidance/accessibility-requirements-for-public-sector-websites-and-apps | E10: Specialist validation required
A11: REQ-009 | B11: Freedom of Information Act 2000 (FOIA) | C11: Screen the legislation requirement against this artefact's actual use and record evidence/version; see the Applicable Requirements sheet (REQ-009) for the controlled position. | D11: https://www.legislation.gov.uk/ukpga/2000/36/contents | E11: Specialist validation required
A12: REQ-010 | B12: Environmental Information Regulations 2004 (EIR) | C12: Screen the legislation requirement against this artefact's actual use and record evidence/version; see the Applicable Requirements sheet (REQ-010) for the controlled position. | D12: https://www.legislation.gov.uk/uksi/2004/3391/contents | E12: Specialist validation required
A13: REQ-011 | B13: Section 46 Code of Practice on records management under FOIA | C13: Screen the statutory code requirement against this artefact's actual use and record evidence/version; see the Applicable Requirements sheet (REQ-011) for the controlled position. | D13: https://ico.org.uk/for-organisations/foi/freedom-of-information-and-environmental-information-regulations/section-46-code-of-practice-records-management/ | E13: Specialist validation required
... A60: REQ-058 | B60: ISO/IEC 5259 series, Artificial intelligence — Data quality for analytics and machine learning (ML) (ISO/IEC 5259-1:2024 and later parts) | C60: Voluntary reference for data governance and data quality in AI; see the Applicable Requirements sheet (REQ-058). | D60: https://www.iso.org/standard/81088.html | E60: Specialist validation required

Sheet MAP & SPLIT CONTRACT
A1: AIG-AIMS-05 / PROPOSED THREE-ARTEFACT SOURCE CONTRACT
A3: Status | B3: PROPOSED INTEGRATION DESIGN ONLY. This sheet does not amend the artefact's native assessment, decision authority, data or formulas.
A4: Role of this file | B4: Applicable requirements: A map relationship can identify a source requiring specialist applicability review; it is not a legal conclusion, permission or implemented control. Post-adoption suite amendments require a separately confirmed delegated approval route, not merely the requirement-change workflow.
A5: AIG-INV-04 source | B5: Separate AIG-INV-04 AI Register: official AIR-ID, current position, in-file Assessment summary/Evidence index. Reconcile against authoritative AIG-INV-04 before using a copied value.
A6: AIG-DEC-04 source | B6: Separate AIG-DEC-04 Gate Log: prospective Gate plan, dated Gate events, event-linked Conditions. A planned gate is not a decision. A decision requires AIG-DEC-03 or approved minutes and proper delegation.
A7: Map source | B7: Proposed standalone Capabilities and System Map (candidate catalogue ID AIG-INV-05): UC/CAP and component relationship pointers. Edge ID is not an approval or permission; AIG-AGT-04/AIG-AGT-05 remain sources of agent scope/authority.
A8: Data exchange | B8: Use controlled AIR-ID across files. Where applicable reference exact Event ID, Condition ID, Evidence ID, AG-ID and Edge ID. Record source file/version/as-at with imported or quoted evidence; no live cross-workbook formula is assumed.
A9: Change trigger | B9: New or expanded system/tool access, or a material model, data, interface, purpose or agent change: log the map change, obtain owner reassessment and escalate to the proper AIG-DEC-04 gate/AIG-DEC-03 decision when required.
A10: Validation before use | B10: The INTEGRATION INV-04 DEC-04 tab in this workbook is current supporting design guidance (not historical) and holds the detailed join notes. Controlled owners must reconcile real records, validate values and formulas in Excel, and approve migration/cutover; existing Council records remain unchanged until then.
A11: Post-adoption authority gap | B11: UNRESOLVED: AIG-AIMS-05 records requirements/change analysis, but does not name the delegated person or forum that can approve future amendments to an adopted governance suite. Confirm authority, decision record, specialist consultation, effective edition and migration controls under the current Constitution/Scheme of Delegation and AIG-GOV-06 before adoption. Governance Lead custody is not approval.
