Workbook

Sheet READ ME
A1: AIG-DEC-04 | Using the separate Gate Log
A3: Status | B3: Draft for Council review — unpopulated design draft; not adopted policy or an operational replacement.
A4: Plan ≠ event | B4: Gate plan is prospective. Only a dated Gate events row says a gate occurred. A plan cannot grant approval.
A5: Event ≠ authority | B5: An assurance opinion or review may be logged without being an approval. Record the delegated decision-maker and authoritative AIG-DEC-03 decision or approved-minutes reference for a decision event.
A6: Conditions | B6: Keep each condition as its own row linked to a dated Decision event (Outcome ‘Progress with condition’, ‘Re-authorise’ or ‘Resume’); record the action, owner, due date, state, verifier/date and closure evidence or waiver authority. Overdue is derived from the due date, never typed.
A7: Join to AIG-INV-04 | B7: Use the same controlled AIR-ID as the AIG-INV-04 Register. There are no fragile external-workbook formulas; reconcile AIG-INV-04 current status and latest Event ID to the actual AIG-DEC-04 event and decision record.
A8: Separate system map | B8: The proposed standalone Capabilities and System Map links use cases, capabilities and components to controlled AIR-IDs. It is not this Gate Log, the AIG-DEC-01 governance Gate Map or an approval source. No gate is proved by a map link.
A9: Before migration | B9: Agree field dispositions with the owners of the Council's existing (pre-suite) gate and decision logs, split legacy multi-condition cells without losing meaning, reconcile event IDs and actual delegations, test with controlled records in Excel, approve cutover and archive sources. None were migrated here.
A10: Priority override | B10: A priority override is its own Event type. Record the delegated decision-maker and the AIG-DEC-03 or approved-minutes reference; the priority before and after, reason and Assurance update reference live in that record. Leave Outcome blank or No decision: an override changes governance attention, not progress through a gate.
A11: Change 29 Sep 2026 | B11: Added Event type “Priority override” and its row check, so the override route in AIG-ASS-01 and Playbook Annex G.4 has a controlled home.
A12: One outcome per UC-ID | B12: AIG-DEC-03 (or approved minutes) is the authoritative decision record, one outcome per UC-ID. Log one Gate events row per UC-ID: where one meeting decides several uses, enter a row for each (Event ID with a suffix, e.g. EVT-0012-a, EVT-0012-b) with that use's own outcome. A row listing several UC-IDs is flagged by the Row check.
A13: Controlled lists | B13: Gate / forum uses the AIG-DEC-01 gates on the Lists sheet (configure forum names locally). Event types include Intake / registration; outcomes include Suspend, Decommission, Re-authorise and Resume (lifts a precautionary pause; allowed only in the event straight after the pause for the same use). The Lists sheet maps each outcome to the AIG-DEC-03 outcome vocabulary and each condition state to AIG-DEC-03 and the UC-ID current view.
A14: Evidence, source and time | B14: Gate events carry Time, Source and Evidence ID(s) (AIG-INV-04 Evidence index) and the event-time lifecycle stage (columns R–U). Conditions carry Verified by / date and, for monitoring conditions, the AIG-OPS-02 evidence ref needed before closure.
... A21: Change 3 Oct 2026 | B21: v3.9.8: column X (screening considered), Outcome Resume (Lists row 16) and locked row-check columns. See Document Control.

Sheet Gate plan
A1: AIG-DEC-04 / GATE PLAN — WHAT IS EXPECTED
A2: Prospective requirements only. A plan is not evidence that a gate happened or that a use was approved. | K2: Gate plans are prospective requirements, never approval. State whether the planned gate concerns named UC-ID(s) or a shared system baseline. The duplicate check keys on AIR-ID + UC-ID scope + gate: each use of a system has its own plan rows, and a system-level row (blank UC-ID) counts separately.
A3: Plan ID | B3: AIR-ID | C3: Gate / forum | D3: Trigger / stage | E3: Requirement | F3: Basis / triage ref | G3: Target date | H3: Responsible role | I3: Plan state | J3: N-A / waiver rationale and authority ref | K3: UC-ID scope(s) (blank only for explicit system baseline) | L3: Decision scope (UC-ID specific / Shared system baseline) | M3: Row check
M4: =IF(COUNTA(A4:L4)=0,"",IF(A4="","Plan ID missing",IF(COUNTIF($A$4:$A$353,A4)>1,"Duplicate Plan ID",IF(B4="","AIR-ID missing",IF(C4="","Gate / forum missing",IF(AND(I4="Planned",COUNTIFS($B$4:$B$353,B4,$C$4:$C$353,C4,$K$4:$K$353,K4&"",$I$4:$I$353,"Planned")>1),"More than one active plan for this AIR-ID, UC-ID scope and gate",IF(AND(E4="Not applicable",J4=""),"Not applicable needs rationale and authority ref",IF(AND(E4="Required",F4=""),"Required gate needs basis / triage ref",IF(L4="","Decision scope missing",IF(AND(L4="UC-ID specific",K4=""),"UC-ID required",IF(AND(L4="Shared system baseline",K4<>""),"Remove UC-ID or correct scope",IF(AND(G4<>"",NOT(ISNUMBER(G4))),"Target date is not a date",IF(E4="","Requirement missing",IF(I4="","Plan state missing","Check against source"))))))))))))))
M5: =IF(COUNTA(A5:L5)=0,"",IF(A5="","Plan ID missing",IF(COUNTIF($A$4:$A$353,A5)>1,"Duplicate Plan ID",IF(B5="","AIR-ID missing",IF(C5="","Gate / forum missing",IF(AND(I5="Planned",COUNTIFS($B$4:$B$353,B5,$C$4:$C$353,C5,$K$4:$K$353,K5&"",$I$4:$I$353,"Planned")>1),"More than one active plan for this AIR-ID, UC-ID scope and gate",IF(AND(E5="Not applicable",J5=""),"Not applicable needs rationale and authority ref",IF(AND(E5="Required",F5=""),"Required gate needs basis / triage ref",IF(L5="","Decision scope missing",IF(AND(L5="UC-ID specific",K5=""),"UC-ID required",IF(AND(L5="Shared system baseline",K5<>""),"Remove UC-ID or correct scope",IF(AND(G5<>"",NOT(ISNUMBER(G5))),"Target date is not a date",IF(E5="","Requirement missing",IF(I5="","Plan state missing","Check against source"))))))))))))))
M6: =IF(COUNTA(A6:L6)=0,"",IF(A6="","Plan ID missing",IF(COUNTIF($A$4:$A$353,A6)>1,"Duplicate Plan ID",IF(B6="","AIR-ID missing",IF(C6="","Gate / forum missing",IF(AND(I6="Planned",COUNTIFS($B$4:$B$353,B6,$C$4:$C$353,C6,$K$4:$K$353,K6&"",$I$4:$I$353,"Planned")>1),"More than one active plan for this AIR-ID, UC-ID scope and gate",IF(AND(E6="Not applicable",J6=""),"Not applicable needs rationale and authority ref",IF(AND(E6="Required",F6=""),"Required gate needs basis / triage ref",IF(L6="","Decision scope missing",IF(AND(L6="UC-ID specific",K6=""),"UC-ID required",IF(AND(L6="Shared system baseline",K6<>""),"Remove UC-ID or correct scope",IF(AND(G6<>"",NOT(ISNUMBER(G6))),"Target date is not a date",IF(E6="","Requirement missing",IF(I6="","Plan state missing","Check against source"))))))))))))))
M7: =IF(COUNTA(A7:L7)=0,"",IF(A7="","Plan ID missing",IF(COUNTIF($A$4:$A$353,A7)>1,"Duplicate Plan ID",IF(B7="","AIR-ID missing",IF(C7="","Gate / forum missing",IF(AND(I7="Planned",COUNTIFS($B$4:$B$353,B7,$C$4:$C$353,C7,$K$4:$K$353,K7&"",$I$4:$I$353,"Planned")>1),"More than one active plan for this AIR-ID, UC-ID scope and gate",IF(AND(E7="Not applicable",J7=""),"Not applicable needs rationale and authority ref",IF(AND(E7="Required",F7=""),"Required gate needs basis / triage ref",IF(L7="","Decision scope missing",IF(AND(L7="UC-ID specific",K7=""),"UC-ID required",IF(AND(L7="Shared system baseline",K7<>""),"Remove UC-ID or correct scope",IF(AND(G7<>"",NOT(ISNUMBER(G7))),"Target date is not a date",IF(E7="","Requirement missing",IF(I7="","Plan state missing","Check against source"))))))))))))))
M8: =IF(COUNTA(A8:L8)=0,"",IF(A8="","Plan ID missing",IF(COUNTIF($A$4:$A$353,A8)>1,"Duplicate Plan ID",IF(B8="","AIR-ID missing",IF(C8="","Gate / forum missing",IF(AND(I8="Planned",COUNTIFS($B$4:$B$353,B8,$C$4:$C$353,C8,$K$4:$K$353,K8&"",$I$4:$I$353,"Planned")>1),"More than one active plan for this AIR-ID, UC-ID scope and gate",IF(AND(E8="Not applicable",J8=""),"Not applicable needs rationale and authority ref",IF(AND(E8="Required",F8=""),"Required gate needs basis / triage ref",IF(L8="","Decision scope missing",IF(AND(L8="UC-ID specific",K8=""),"UC-ID required",IF(AND(L8="Shared system baseline",K8<>""),"Remove UC-ID or correct scope",IF(AND(G8<>"",NOT(ISNUMBER(G8))),"Target date is not a date",IF(E8="","Requirement missing",IF(I8="","Plan state missing","Check against source"))))))))))))))
M9: =IF(COUNTA(A9:L9)=0,"",IF(A9="","Plan ID missing",IF(COUNTIF($A$4:$A$353,A9)>1,"Duplicate Plan ID",IF(B9="","AIR-ID missing",IF(C9="","Gate / forum missing",IF(AND(I9="Planned",COUNTIFS($B$4:$B$353,B9,$C$4:$C$353,C9,$K$4:$K$353,K9&"",$I$4:$I$353,"Planned")>1),"More than one active plan for this AIR-ID, UC-ID scope and gate",IF(AND(E9="Not applicable",J9=""),"Not applicable needs rationale and authority ref",IF(AND(E9="Required",F9=""),"Required gate needs basis / triage ref",IF(L9="","Decision scope missing",IF(AND(L9="UC-ID specific",K9=""),"UC-ID required",IF(AND(L9="Shared system baseline",K9<>""),"Remove UC-ID or correct scope",IF(AND(G9<>"",NOT(ISNUMBER(G9))),"Target date is not a date",IF(E9="","Requirement missing",IF(I9="","Plan state missing","Check against source"))))))))))))))
M10: =IF(COUNTA(A10:L10)=0,"",IF(A10="","Plan ID missing",IF(COUNTIF($A$4:$A$353,A10)>1,"Duplicate Plan ID",IF(B10="","AIR-ID missing",IF(C10="","Gate / forum missing",IF(AND(I10="Planned",COUNTIFS($B$4:$B$353,B10,$C$4:$C$353,C10,$K$4:$K$353,K10&"",$I$4:$I$353,"Planned")>1),"More than one active plan for this AIR-ID, UC-ID scope and gate",IF(AND(E10="Not applicable",J10=""),"Not applicable needs rationale and authority ref",IF(AND(E10="Required",F10=""),"Required gate needs basis / triage ref",IF(L10="","Decision scope missing",IF(AND(L10="UC-ID specific",K10=""),"UC-ID required",IF(AND(L10="Shared system baseline",K10<>""),"Remove UC-ID or correct scope",IF(AND(G10<>"",NOT(ISNUMBER(G10))),"Target date is not a date",IF(E10="","Requirement missing",IF(I10="","Plan state missing","Check against source"))))))))))))))
M11: =IF(COUNTA(A11:L11)=0,"",IF(A11="","Plan ID missing",IF(COUNTIF($A$4:$A$353,A11)>1,"Duplicate Plan ID",IF(B11="","AIR-ID missing",IF(C11="","Gate / forum missing",IF(AND(I11="Planned",COUNTIFS($B$4:$B$353,B11,$C$4:$C$353,C11,$K$4:$K$353,K11&"",$I$4:$I$353,"Planned")>1),"More than one active plan for this AIR-ID, UC-ID scope and gate",IF(AND(E11="Not applicable",J11=""),"Not applicable needs rationale and authority ref",IF(AND(E11="Required",F11=""),"Required gate needs basis / triage ref",IF(L11="","Decision scope missing",IF(AND(L11="UC-ID specific",K11=""),"UC-ID required",IF(AND(L11="Shared system baseline",K11<>""),"Remove UC-ID or correct scope",IF(AND(G11<>"",NOT(ISNUMBER(G11))),"Target date is not a date",IF(E11="","Requirement missing",IF(I11="","Plan state missing","Check against source"))))))))))))))
M12: =IF(COUNTA(A12:L12)=0,"",IF(A12="","Plan ID missing",IF(COUNTIF($A$4:$A$353,A12)>1,"Duplicate Plan ID",IF(B12="","AIR-ID missing",IF(C12="","Gate / forum missing",IF(AND(I12="Planned",COUNTIFS($B$4:$B$353,B12,$C$4:$C$353,C12,$K$4:$K$353,K12&"",$I$4:$I$353,"Planned")>1),"More than one active plan for this AIR-ID, UC-ID scope and gate",IF(AND(E12="Not applicable",J12=""),"Not applicable needs rationale and authority ref",IF(AND(E12="Required",F12=""),"Required gate needs basis / triage ref",IF(L12="","Decision scope missing",IF(AND(L12="UC-ID specific",K12=""),"UC-ID required",IF(AND(L12="Shared system baseline",K12<>""),"Remove UC-ID or correct scope",IF(AND(G12<>"",NOT(ISNUMBER(G12))),"Target date is not a date",IF(E12="","Requirement missing",IF(I12="","Plan state missing","Check against source"))))))))))))))
M13: =IF(COUNTA(A13:L13)=0,"",IF(A13="","Plan ID missing",IF(COUNTIF($A$4:$A$353,A13)>1,"Duplicate Plan ID",IF(B13="","AIR-ID missing",IF(C13="","Gate / forum missing",IF(AND(I13="Planned",COUNTIFS($B$4:$B$353,B13,$C$4:$C$353,C13,$K$4:$K$353,K13&"",$I$4:$I$353,"Planned")>1),"More than one active plan for this AIR-ID, UC-ID scope and gate",IF(AND(E13="Not applicable",J13=""),"Not applicable needs rationale and authority ref",IF(AND(E13="Required",F13=""),"Required gate needs basis / triage ref",IF(L13="","Decision scope missing",IF(AND(L13="UC-ID specific",K13=""),"UC-ID required",IF(AND(L13="Shared system baseline",K13<>""),"Remove UC-ID or correct scope",IF(AND(G13<>"",NOT(ISNUMBER(G13))),"Target date is not a date",IF(E13="","Requirement missing",IF(I13="","Plan state missing","Check against source"))))))))))))))
M14: =IF(COUNTA(A14:L14)=0,"",IF(A14="","Plan ID missing",IF(COUNTIF($A$4:$A$353,A14)>1,"Duplicate Plan ID",IF(B14="","AIR-ID missing",IF(C14="","Gate / forum missing",IF(AND(I14="Planned",COUNTIFS($B$4:$B$353,B14,$C$4:$C$353,C14,$K$4:$K$353,K14&"",$I$4:$I$353,"Planned")>1),"More than one active plan for this AIR-ID, UC-ID scope and gate",IF(AND(E14="Not applicable",J14=""),"Not applicable needs rationale and authority ref",IF(AND(E14="Required",F14=""),"Required gate needs basis / triage ref",IF(L14="","Decision scope missing",IF(AND(L14="UC-ID specific",K14=""),"UC-ID required",IF(AND(L14="Shared system baseline",K14<>""),"Remove UC-ID or correct scope",IF(AND(G14<>"",NOT(ISNUMBER(G14))),"Target date is not a date",IF(E14="","Requirement missing",IF(I14="","Plan state missing","Check against source"))))))))))))))
M15: =IF(COUNTA(A15:L15)=0,"",IF(A15="","Plan ID missing",IF(COUNTIF($A$4:$A$353,A15)>1,"Duplicate Plan ID",IF(B15="","AIR-ID missing",IF(C15="","Gate / forum missing",IF(AND(I15="Planned",COUNTIFS($B$4:$B$353,B15,$C$4:$C$353,C15,$K$4:$K$353,K15&"",$I$4:$I$353,"Planned")>1),"More than one active plan for this AIR-ID, UC-ID scope and gate",IF(AND(E15="Not applicable",J15=""),"Not applicable needs rationale and authority ref",IF(AND(E15="Required",F15=""),"Required gate needs basis / triage ref",IF(L15="","Decision scope missing",IF(AND(L15="UC-ID specific",K15=""),"UC-ID required",IF(AND(L15="Shared system baseline",K15<>""),"Remove UC-ID or correct scope",IF(AND(G15<>"",NOT(ISNUMBER(G15))),"Target date is not a date",IF(E15="","Requirement missing",IF(I15="","Plan state missing","Check against source"))))))))))))))
... M353: =IF(COUNTA(A353:L353)=0,"",IF(A353="","Plan ID missing",IF(COUNTIF($A$4:$A$353,A353)>1,"Duplicate Plan ID",IF(B353="","AIR-ID missing",IF(C353="","Gate / forum missing",IF(AND(I353="Planned",COUNTIFS($B$4:$B$353,B353,$C$4:$C$353,C353,$K$4:$K$353,K353&"",$I$4:$I$353,"Planned")>1),"More than one active plan for this AIR-ID, UC-ID scope and gate",IF(AND(E353="Not applicable",J353=""),"Not applicable needs rationale and authority ref",IF(AND(E353="Required",F353=""),"Required gate needs basis / triage ref",IF(L353="","Decision scope missing",IF(AND(L353="UC-ID specific",K353=""),"UC-ID required",IF(AND(L353="Shared system baseline",K353<>""),"Remove UC-ID or correct scope",IF(AND(G353<>"",NOT(ISNUMBER(G353))),"Target date is not a date",IF(E353="","Requirement missing",IF(I353="","Plan state missing","Check against source"))))))))))))))

Sheet Gate events
A1: AIG-DEC-04 / GATE EVENTS — WHAT ACTUALLY HAPPENED
A2: One dated occurrence per row. An assurance opinion is not a delegated approval. Decision events need the authoritative AIG-DEC-03 decision or approved-minutes reference. | O2: One dated event row per UC-ID (split multi-use decisions into suffixed Event IDs). UC-ID specific scope is mandatory for use approval; a shared baseline event is not UC approval. A precautionary pause (Playbook §4.7.17) is containment, not a decision: Event type “Precautionary pause (containment)”, Outcome “Paused — pending decision”, no AIG-DEC-03 ref needed; record the AIG-OPS-03 incident ref (V) and the follow-up decision due date (W). To lift the pause with the approval unchanged, record a Decision with Outcome “Resume” in a later row for the same AIR-ID and UC-ID (AIG-DEC-03 ref needed; new conditions go on Conditions rows).
A3: Event ID | B3: AIR-ID | C3: Plan ID (if any) | D3: Gate / forum | E3: Event type | F3: Date | G3: Outcome | H3: Decision-maker / role | I3: AIG-DEC-03 / minutes ref | J3: Assurance opinion ref | K3: Technical snapshot / as-at ref | L3: Next gate / action | M3: Recorded by | N3: Row check | O3: UC-ID(s) covered by this dated event | P3: Decision scope (UC-ID specific / Shared system baseline) | Q3: Decision-scope completeness prompt | R3: Time (hh:mm) | S3: Source (minutes / decision record / system) | T3: Evidence ID(s) (AIG-INV-04 Evidence index) | U3: Event-time lifecycle stage | V3: Incident ref (AIG-OPS-03), precautionary pause | W3: Follow-up decision due date (precautionary pause) | X3: Screening considered by the decision-maker (Yes / No)
N4: =IF(COUNTA(A4:M4,O4:P4,R4:X4)=0,"",IF(OR(A4="",B4="",F4=""),"Event ID, AIR-ID or date missing",IF(COUNTIF($A$4:$A$553,A4)>1,"Duplicate Event ID",IF(E4="","Event type missing",IF(OR(NOT(ISNUMBER(F4)),F4>TODAY()),"Date is not a real date or is in the future",IF(AND(C4<>"",COUNTIF('Gate plan'!$A$4:$A$353,C4)=0),"Plan ID not found in Gate plan",IF(AND(C4<>"",COUNTIFS('Gate plan'!$A$4:$A$353,C4,'Gate plan'!$B$4:$B$353,B4)=0),"Plan AIR-ID differs from event",IF(D4="","Gate / forum missing",IF(AND(E4="Precautionary pause (containment)",G4<>"Paused — pending decision"),"Precautionary pause: Outcome must be Paused, pending decision",IF(AND(E4="Precautionary pause (containment)",V4=""),"Precautionary pause: AIG-OPS-03 incident ref missing",IF(AND(E4="Precautionary pause (containment)",NOT(ISNUMBER(W4))),"Precautionary pause: follow-up decision due date missing",IF(AND(G4="Paused — pending decision",E4<>"Precautionary pause (containment)"),"Paused, pending decision is only for a Precautionary pause event",IF(AND(E4="Decision",OR(G4="",H4="",I4="")),"Outcome / delegation / decision ref missing",IF(AND(E4="Decision",NOT(OR(G4="Progress",G4="Progress with condition",G4="Return for evidence",G4="Pause",G4="Stop",G4="Suspend",G4="Decommission",G4="Re-authorise",G4="Resume"))),"Decision event needs a decision outcome",IF(AND(E4="Priority override",OR(H4="",I4="")),"Decision-maker / AIG-DEC-03 ref missing",IF(AND(E4="Priority override",G4<>"",G4<>"No decision"),"Priority override: Outcome blank or No decision",IF(AND(E4<>"Decision",OR(G4="Progress",G4="Progress with condition",G4="Return for evidence",G4="Pause",G4="Stop",G4="Suspend",G4="Decommission",G4="Re-authorise",G4="Resume")),"Outcome implies decision",IF(OR(ISNUMBER(SEARCH(",",O4)),ISNUMBER(SEARCH(";",O4))),"One UC-ID per event row — split this event",IF(AND(E4="Decision",OR(Q4="UC-ID REQUIRED",Q4="Decision scope missing",Q4="REMOVE UC-ID OR CORRECT SCOPE")),"Decision scope missing",IF(AND(G4="Progress with condition",COUNTIF(Conditions!$B$4:$B$553,A4)=0),"Progress with condition needs at least one Conditions row",IF(AND(C4<>"",COUNTIFS('Gate plan'!$A$4:$A$353,C4,'Gate plan'!$C$4:$C$353,D4)=0),"Plan gate differs from event gate",IF(AND(C4<>"",O4<>"",COUNTIFS('Gate plan'!$A$4:$A$353,C4,'Gate plan'!$K$4:$K$353,"<>")>0,COUNTIFS('Gate plan'!$A$4:$A$353,C4,'Gate plan'!$K$4:$K$353,O4)=0),"Plan UC-ID differs from event UC-ID",IF(AND(E4="Assurance opinion",J4=""),"Assurance opinion ref missing",IF(AND(G4="Opinion only",E4<>"Assurance opinion",E4<>"Review only"),"Opinion only is for Assurance opinion or Review only events",IF(AND(G4="No decision",E4<>"Review only",E4<>"Priority override",E4<>"Intake / registration"),"No decision is for Review only, Priority override or Intake / registration events",IF(OR(ISNUMBER(SEARCH(" ",TRIM(O4))),ISNUMBER(SEARCH("/",O4))),"One UC-ID per event row: split this event",IF(AND(E4="Precautionary pause (containment)",ISNUMBER(W4),ISNUMBER(F4),W4<F4),"Follow-up decision due date is before the pause",IF(AND(G4="Resume",IFERROR(LOOKUP(2,1/(($B$3:B3=B4)*($O$3:O3=O4)),$G$3:G3),"")<>"Paused — pending decision"),"Resume is only for the event straight after a Precautionary pause on the same AIR-ID and UC-ID (in an earlier row)",IF(AND(E4="Decision",OR(G4="Progress",G4="Progress with condition",G4="Re-authorise",G4="Resume"),X4<>"Yes"),"Decision-maker has not confirmed the screening was considered (column X)","Check against source"))))))))))))))))))))))))))))) | Q4: =IF(A4="","",IF(E4<>"Decision","",IF(P4="UC-ID specific",IF(O4="","UC-ID REQUIRED","Check source decision for each UC-ID"),IF(P4="Shared system baseline",IF(O4<>"","REMOVE UC-ID OR CORRECT SCOPE","Baseline only — NOT UC approval"),"Decision scope missing"))))
N5: =IF(COUNTA(A5:M5,O5:P5,R5:X5)=0,"",IF(OR(A5="",B5="",F5=""),"Event ID, AIR-ID or date missing",IF(COUNTIF($A$4:$A$553,A5)>1,"Duplicate Event ID",IF(E5="","Event type missing",IF(OR(NOT(ISNUMBER(F5)),F5>TODAY()),"Date is not a real date or is in the future",IF(AND(C5<>"",COUNTIF('Gate plan'!$A$4:$A$353,C5)=0),"Plan ID not found in Gate plan",IF(AND(C5<>"",COUNTIFS('Gate plan'!$A$4:$A$353,C5,'Gate plan'!$B$4:$B$353,B5)=0),"Plan AIR-ID differs from event",IF(D5="","Gate / forum missing",IF(AND(E5="Precautionary pause (containment)",G5<>"Paused — pending decision"),"Precautionary pause: Outcome must be Paused, pending decision",IF(AND(E5="Precautionary pause (containment)",V5=""),"Precautionary pause: AIG-OPS-03 incident ref missing",IF(AND(E5="Precautionary pause (containment)",NOT(ISNUMBER(W5))),"Precautionary pause: follow-up decision due date missing",IF(AND(G5="Paused — pending decision",E5<>"Precautionary pause (containment)"),"Paused, pending decision is only for a Precautionary pause event",IF(AND(E5="Decision",OR(G5="",H5="",I5="")),"Outcome / delegation / decision ref missing",IF(AND(E5="Decision",NOT(OR(G5="Progress",G5="Progress with condition",G5="Return for evidence",G5="Pause",G5="Stop",G5="Suspend",G5="Decommission",G5="Re-authorise",G5="Resume"))),"Decision event needs a decision outcome",IF(AND(E5="Priority override",OR(H5="",I5="")),"Decision-maker / AIG-DEC-03 ref missing",IF(AND(E5="Priority override",G5<>"",G5<>"No decision"),"Priority override: Outcome blank or No decision",IF(AND(E5<>"Decision",OR(G5="Progress",G5="Progress with condition",G5="Return for evidence",G5="Pause",G5="Stop",G5="Suspend",G5="Decommission",G5="Re-authorise",G5="Resume")),"Outcome implies decision",IF(OR(ISNUMBER(SEARCH(",",O5)),ISNUMBER(SEARCH(";",O5))),"One UC-ID per event row — split this event",IF(AND(E5="Decision",OR(Q5="UC-ID REQUIRED",Q5="Decision scope missing",Q5="REMOVE UC-ID OR CORRECT SCOPE")),"Decision scope missing",IF(AND(G5="Progress with condition",COUNTIF(Conditions!$B$4:$B$553,A5)=0),"Progress with condition needs at least one Conditions row",IF(AND(C5<>"",COUNTIFS('Gate plan'!$A$4:$A$353,C5,'Gate plan'!$C$4:$C$353,D5)=0),"Plan gate differs from event gate",IF(AND(C5<>"",O5<>"",COUNTIFS('Gate plan'!$A$4:$A$353,C5,'Gate plan'!$K$4:$K$353,"<>")>0,COUNTIFS('Gate plan'!$A$4:$A$353,C5,'Gate plan'!$K$4:$K$353,O5)=0),"Plan UC-ID differs from event UC-ID",IF(AND(E5="Assurance opinion",J5=""),"Assurance opinion ref missing",IF(AND(G5="Opinion only",E5<>"Assurance opinion",E5<>"Review only"),"Opinion only is for Assurance opinion or Review only events",IF(AND(G5="No decision",E5<>"Review only",E5<>"Priority override",E5<>"Intake / registration"),"No decision is for Review only, Priority override or Intake / registration events",IF(OR(ISNUMBER(SEARCH(" ",TRIM(O5))),ISNUMBER(SEARCH("/",O5))),"One UC-ID per event row: split this event",IF(AND(E5="Precautionary pause (containment)",ISNUMBER(W5),ISNUMBER(F5),W5<F5),"Follow-up decision due date is before the pause",IF(AND(G5="Resume",IFERROR(LOOKUP(2,1/(($B$3:B4=B5)*($O$3:O4=O5)),$G$3:G4),"")<>"Paused — pending decision"),"Resume is only for the event straight after a Precautionary pause on the same AIR-ID and UC-ID (in an earlier row)",IF(AND(E5="Decision",OR(G5="Progress",G5="Progress with condition",G5="Re-authorise",G5="Resume"),X5<>"Yes"),"Decision-maker has not confirmed the screening was considered (column X)","Check against source"))))))))))))))))))))))))))))) | Q5: =IF(A5="","",IF(E5<>"Decision","",IF(P5="UC-ID specific",IF(O5="","UC-ID REQUIRED","Check source decision for each UC-ID"),IF(P5="Shared system baseline",IF(O5<>"","REMOVE UC-ID OR CORRECT SCOPE","Baseline only — NOT UC approval"),"Decision scope missing"))))
N6: =IF(COUNTA(A6:M6,O6:P6,R6:X6)=0,"",IF(OR(A6="",B6="",F6=""),"Event ID, AIR-ID or date missing",IF(COUNTIF($A$4:$A$553,A6)>1,"Duplicate Event ID",IF(E6="","Event type missing",IF(OR(NOT(ISNUMBER(F6)),F6>TODAY()),"Date is not a real date or is in the future",IF(AND(C6<>"",COUNTIF('Gate plan'!$A$4:$A$353,C6)=0),"Plan ID not found in Gate plan",IF(AND(C6<>"",COUNTIFS('Gate plan'!$A$4:$A$353,C6,'Gate plan'!$B$4:$B$353,B6)=0),"Plan AIR-ID differs from event",IF(D6="","Gate / forum missing",IF(AND(E6="Precautionary pause (containment)",G6<>"Paused — pending decision"),"Precautionary pause: Outcome must be Paused, pending decision",IF(AND(E6="Precautionary pause (containment)",V6=""),"Precautionary pause: AIG-OPS-03 incident ref missing",IF(AND(E6="Precautionary pause (containment)",NOT(ISNUMBER(W6))),"Precautionary pause: follow-up decision due date missing",IF(AND(G6="Paused — pending decision",E6<>"Precautionary pause (containment)"),"Paused, pending decision is only for a Precautionary pause event",IF(AND(E6="Decision",OR(G6="",H6="",I6="")),"Outcome / delegation / decision ref missing",IF(AND(E6="Decision",NOT(OR(G6="Progress",G6="Progress with condition",G6="Return for evidence",G6="Pause",G6="Stop",G6="Suspend",G6="Decommission",G6="Re-authorise",G6="Resume"))),"Decision event needs a decision outcome",IF(AND(E6="Priority override",OR(H6="",I6="")),"Decision-maker / AIG-DEC-03 ref missing",IF(AND(E6="Priority override",G6<>"",G6<>"No decision"),"Priority override: Outcome blank or No decision",IF(AND(E6<>"Decision",OR(G6="Progress",G6="Progress with condition",G6="Return for evidence",G6="Pause",G6="Stop",G6="Suspend",G6="Decommission",G6="Re-authorise",G6="Resume")),"Outcome implies decision",IF(OR(ISNUMBER(SEARCH(",",O6)),ISNUMBER(SEARCH(";",O6))),"One UC-ID per event row — split this event",IF(AND(E6="Decision",OR(Q6="UC-ID REQUIRED",Q6="Decision scope missing",Q6="REMOVE UC-ID OR CORRECT SCOPE")),"Decision scope missing",IF(AND(G6="Progress with condition",COUNTIF(Conditions!$B$4:$B$553,A6)=0),"Progress with condition needs at least one Conditions row",IF(AND(C6<>"",COUNTIFS('Gate plan'!$A$4:$A$353,C6,'Gate plan'!$C$4:$C$353,D6)=0),"Plan gate differs from event gate",IF(AND(C6<>"",O6<>"",COUNTIFS('Gate plan'!$A$4:$A$353,C6,'Gate plan'!$K$4:$K$353,"<>")>0,COUNTIFS('Gate plan'!$A$4:$A$353,C6,'Gate plan'!$K$4:$K$353,O6)=0),"Plan UC-ID differs from event UC-ID",IF(AND(E6="Assurance opinion",J6=""),"Assurance opinion ref missing",IF(AND(G6="Opinion only",E6<>"Assurance opinion",E6<>"Review only"),"Opinion only is for Assurance opinion or Review only events",IF(AND(G6="No decision",E6<>"Review only",E6<>"Priority override",E6<>"Intake / registration"),"No decision is for Review only, Priority override or Intake / registration events",IF(OR(ISNUMBER(SEARCH(" ",TRIM(O6))),ISNUMBER(SEARCH("/",O6))),"One UC-ID per event row: split this event",IF(AND(E6="Precautionary pause (containment)",ISNUMBER(W6),ISNUMBER(F6),W6<F6),"Follow-up decision due date is before the pause",IF(AND(G6="Resume",IFERROR(LOOKUP(2,1/(($B$3:B5=B6)*($O$3:O5=O6)),$G$3:G5),"")<>"Paused — pending decision"),"Resume is only for the event straight after a Precautionary pause on the same AIR-ID and UC-ID (in an earlier row)",IF(AND(E6="Decision",OR(G6="Progress",G6="Progress with condition",G6="Re-authorise",G6="Resume"),X6<>"Yes"),"Decision-maker has not confirmed the screening was considered (column X)","Check against source"))))))))))))))))))))))))))))) | Q6: =IF(A6="","",IF(E6<>"Decision","",IF(P6="UC-ID specific",IF(O6="","UC-ID REQUIRED","Check source decision for each UC-ID"),IF(P6="Shared system baseline",IF(O6<>"","REMOVE UC-ID OR CORRECT SCOPE","Baseline only — NOT UC approval"),"Decision scope missing"))))
N7: =IF(COUNTA(A7:M7,O7:P7,R7:X7)=0,"",IF(OR(A7="",B7="",F7=""),"Event ID, AIR-ID or date missing",IF(COUNTIF($A$4:$A$553,A7)>1,"Duplicate Event ID",IF(E7="","Event type missing",IF(OR(NOT(ISNUMBER(F7)),F7>TODAY()),"Date is not a real date or is in the future",IF(AND(C7<>"",COUNTIF('Gate plan'!$A$4:$A$353,C7)=0),"Plan ID not found in Gate plan",IF(AND(C7<>"",COUNTIFS('Gate plan'!$A$4:$A$353,C7,'Gate plan'!$B$4:$B$353,B7)=0),"Plan AIR-ID differs from event",IF(D7="","Gate / forum missing",IF(AND(E7="Precautionary pause (containment)",G7<>"Paused — pending decision"),"Precautionary pause: Outcome must be Paused, pending decision",IF(AND(E7="Precautionary pause (containment)",V7=""),"Precautionary pause: AIG-OPS-03 incident ref missing",IF(AND(E7="Precautionary pause (containment)",NOT(ISNUMBER(W7))),"Precautionary pause: follow-up decision due date missing",IF(AND(G7="Paused — pending decision",E7<>"Precautionary pause (containment)"),"Paused, pending decision is only for a Precautionary pause event",IF(AND(E7="Decision",OR(G7="",H7="",I7="")),"Outcome / delegation / decision ref missing",IF(AND(E7="Decision",NOT(OR(G7="Progress",G7="Progress with condition",G7="Return for evidence",G7="Pause",G7="Stop",G7="Suspend",G7="Decommission",G7="Re-authorise",G7="Resume"))),"Decision event needs a decision outcome",IF(AND(E7="Priority override",OR(H7="",I7="")),"Decision-maker / AIG-DEC-03 ref missing",IF(AND(E7="Priority override",G7<>"",G7<>"No decision"),"Priority override: Outcome blank or No decision",IF(AND(E7<>"Decision",OR(G7="Progress",G7="Progress with condition",G7="Return for evidence",G7="Pause",G7="Stop",G7="Suspend",G7="Decommission",G7="Re-authorise",G7="Resume")),"Outcome implies decision",IF(OR(ISNUMBER(SEARCH(",",O7)),ISNUMBER(SEARCH(";",O7))),"One UC-ID per event row — split this event",IF(AND(E7="Decision",OR(Q7="UC-ID REQUIRED",Q7="Decision scope missing",Q7="REMOVE UC-ID OR CORRECT SCOPE")),"Decision scope missing",IF(AND(G7="Progress with condition",COUNTIF(Conditions!$B$4:$B$553,A7)=0),"Progress with condition needs at least one Conditions row",IF(AND(C7<>"",COUNTIFS('Gate plan'!$A$4:$A$353,C7,'Gate plan'!$C$4:$C$353,D7)=0),"Plan gate differs from event gate",IF(AND(C7<>"",O7<>"",COUNTIFS('Gate plan'!$A$4:$A$353,C7,'Gate plan'!$K$4:$K$353,"<>")>0,COUNTIFS('Gate plan'!$A$4:$A$353,C7,'Gate plan'!$K$4:$K$353,O7)=0),"Plan UC-ID differs from event UC-ID",IF(AND(E7="Assurance opinion",J7=""),"Assurance opinion ref missing",IF(AND(G7="Opinion only",E7<>"Assurance opinion",E7<>"Review only"),"Opinion only is for Assurance opinion or Review only events",IF(AND(G7="No decision",E7<>"Review only",E7<>"Priority override",E7<>"Intake / registration"),"No decision is for Review only, Priority override or Intake / registration events",IF(OR(ISNUMBER(SEARCH(" ",TRIM(O7))),ISNUMBER(SEARCH("/",O7))),"One UC-ID per event row: split this event",IF(AND(E7="Precautionary pause (containment)",ISNUMBER(W7),ISNUMBER(F7),W7<F7),"Follow-up decision due date is before the pause",IF(AND(G7="Resume",IFERROR(LOOKUP(2,1/(($B$3:B6=B7)*($O$3:O6=O7)),$G$3:G6),"")<>"Paused — pending decision"),"Resume is only for the event straight after a Precautionary pause on the same AIR-ID and UC-ID (in an earlier row)",IF(AND(E7="Decision",OR(G7="Progress",G7="Progress with condition",G7="Re-authorise",G7="Resume"),X7<>"Yes"),"Decision-maker has not confirmed the screening was considered (column X)","Check against source"))))))))))))))))))))))))))))) | Q7: =IF(A7="","",IF(E7<>"Decision","",IF(P7="UC-ID specific",IF(O7="","UC-ID REQUIRED","Check source decision for each UC-ID"),IF(P7="Shared system baseline",IF(O7<>"","REMOVE UC-ID OR CORRECT SCOPE","Baseline only — NOT UC approval"),"Decision scope missing"))))
N8: =IF(COUNTA(A8:M8,O8:P8,R8:X8)=0,"",IF(OR(A8="",B8="",F8=""),"Event ID, AIR-ID or date missing",IF(COUNTIF($A$4:$A$553,A8)>1,"Duplicate Event ID",IF(E8="","Event type missing",IF(OR(NOT(ISNUMBER(F8)),F8>TODAY()),"Date is not a real date or is in the future",IF(AND(C8<>"",COUNTIF('Gate plan'!$A$4:$A$353,C8)=0),"Plan ID not found in Gate plan",IF(AND(C8<>"",COUNTIFS('Gate plan'!$A$4:$A$353,C8,'Gate plan'!$B$4:$B$353,B8)=0),"Plan AIR-ID differs from event",IF(D8="","Gate / forum missing",IF(AND(E8="Precautionary pause (containment)",G8<>"Paused — pending decision"),"Precautionary pause: Outcome must be Paused, pending decision",IF(AND(E8="Precautionary pause (containment)",V8=""),"Precautionary pause: AIG-OPS-03 incident ref missing",IF(AND(E8="Precautionary pause (containment)",NOT(ISNUMBER(W8))),"Precautionary pause: follow-up decision due date missing",IF(AND(G8="Paused — pending decision",E8<>"Precautionary pause (containment)"),"Paused, pending decision is only for a Precautionary pause event",IF(AND(E8="Decision",OR(G8="",H8="",I8="")),"Outcome / delegation / decision ref missing",IF(AND(E8="Decision",NOT(OR(G8="Progress",G8="Progress with condition",G8="Return for evidence",G8="Pause",G8="Stop",G8="Suspend",G8="Decommission",G8="Re-authorise",G8="Resume"))),"Decision event needs a decision outcome",IF(AND(E8="Priority override",OR(H8="",I8="")),"Decision-maker / AIG-DEC-03 ref missing",IF(AND(E8="Priority override",G8<>"",G8<>"No decision"),"Priority override: Outcome blank or No decision",IF(AND(E8<>"Decision",OR(G8="Progress",G8="Progress with condition",G8="Return for evidence",G8="Pause",G8="Stop",G8="Suspend",G8="Decommission",G8="Re-authorise",G8="Resume")),"Outcome implies decision",IF(OR(ISNUMBER(SEARCH(",",O8)),ISNUMBER(SEARCH(";",O8))),"One UC-ID per event row — split this event",IF(AND(E8="Decision",OR(Q8="UC-ID REQUIRED",Q8="Decision scope missing",Q8="REMOVE UC-ID OR CORRECT SCOPE")),"Decision scope missing",IF(AND(G8="Progress with condition",COUNTIF(Conditions!$B$4:$B$553,A8)=0),"Progress with condition needs at least one Conditions row",IF(AND(C8<>"",COUNTIFS('Gate plan'!$A$4:$A$353,C8,'Gate plan'!$C$4:$C$353,D8)=0),"Plan gate differs from event gate",IF(AND(C8<>"",O8<>"",COUNTIFS('Gate plan'!$A$4:$A$353,C8,'Gate plan'!$K$4:$K$353,"<>")>0,COUNTIFS('Gate plan'!$A$4:$A$353,C8,'Gate plan'!$K$4:$K$353,O8)=0),"Plan UC-ID differs from event UC-ID",IF(AND(E8="Assurance opinion",J8=""),"Assurance opinion ref missing",IF(AND(G8="Opinion only",E8<>"Assurance opinion",E8<>"Review only"),"Opinion only is for Assurance opinion or Review only events",IF(AND(G8="No decision",E8<>"Review only",E8<>"Priority override",E8<>"Intake / registration"),"No decision is for Review only, Priority override or Intake / registration events",IF(OR(ISNUMBER(SEARCH(" ",TRIM(O8))),ISNUMBER(SEARCH("/",O8))),"One UC-ID per event row: split this event",IF(AND(E8="Precautionary pause (containment)",ISNUMBER(W8),ISNUMBER(F8),W8<F8),"Follow-up decision due date is before the pause",IF(AND(G8="Resume",IFERROR(LOOKUP(2,1/(($B$3:B7=B8)*($O$3:O7=O8)),$G$3:G7),"")<>"Paused — pending decision"),"Resume is only for the event straight after a Precautionary pause on the same AIR-ID and UC-ID (in an earlier row)",IF(AND(E8="Decision",OR(G8="Progress",G8="Progress with condition",G8="Re-authorise",G8="Resume"),X8<>"Yes"),"Decision-maker has not confirmed the screening was considered (column X)","Check against source"))))))))))))))))))))))))))))) | Q8: =IF(A8="","",IF(E8<>"Decision","",IF(P8="UC-ID specific",IF(O8="","UC-ID REQUIRED","Check source decision for each UC-ID"),IF(P8="Shared system baseline",IF(O8<>"","REMOVE UC-ID OR CORRECT SCOPE","Baseline only — NOT UC approval"),"Decision scope missing"))))
N9: =IF(COUNTA(A9:M9,O9:P9,R9:X9)=0,"",IF(OR(A9="",B9="",F9=""),"Event ID, AIR-ID or date missing",IF(COUNTIF($A$4:$A$553,A9)>1,"Duplicate Event ID",IF(E9="","Event type missing",IF(OR(NOT(ISNUMBER(F9)),F9>TODAY()),"Date is not a real date or is in the future",IF(AND(C9<>"",COUNTIF('Gate plan'!$A$4:$A$353,C9)=0),"Plan ID not found in Gate plan",IF(AND(C9<>"",COUNTIFS('Gate plan'!$A$4:$A$353,C9,'Gate plan'!$B$4:$B$353,B9)=0),"Plan AIR-ID differs from event",IF(D9="","Gate / forum missing",IF(AND(E9="Precautionary pause (containment)",G9<>"Paused — pending decision"),"Precautionary pause: Outcome must be Paused, pending decision",IF(AND(E9="Precautionary pause (containment)",V9=""),"Precautionary pause: AIG-OPS-03 incident ref missing",IF(AND(E9="Precautionary pause (containment)",NOT(ISNUMBER(W9))),"Precautionary pause: follow-up decision due date missing",IF(AND(G9="Paused — pending decision",E9<>"Precautionary pause (containment)"),"Paused, pending decision is only for a Precautionary pause event",IF(AND(E9="Decision",OR(G9="",H9="",I9="")),"Outcome / delegation / decision ref missing",IF(AND(E9="Decision",NOT(OR(G9="Progress",G9="Progress with condition",G9="Return for evidence",G9="Pause",G9="Stop",G9="Suspend",G9="Decommission",G9="Re-authorise",G9="Resume"))),"Decision event needs a decision outcome",IF(AND(E9="Priority override",OR(H9="",I9="")),"Decision-maker / AIG-DEC-03 ref missing",IF(AND(E9="Priority override",G9<>"",G9<>"No decision"),"Priority override: Outcome blank or No decision",IF(AND(E9<>"Decision",OR(G9="Progress",G9="Progress with condition",G9="Return for evidence",G9="Pause",G9="Stop",G9="Suspend",G9="Decommission",G9="Re-authorise",G9="Resume")),"Outcome implies decision",IF(OR(ISNUMBER(SEARCH(",",O9)),ISNUMBER(SEARCH(";",O9))),"One UC-ID per event row — split this event",IF(AND(E9="Decision",OR(Q9="UC-ID REQUIRED",Q9="Decision scope missing",Q9="REMOVE UC-ID OR CORRECT SCOPE")),"Decision scope missing",IF(AND(G9="Progress with condition",COUNTIF(Conditions!$B$4:$B$553,A9)=0),"Progress with condition needs at least one Conditions row",IF(AND(C9<>"",COUNTIFS('Gate plan'!$A$4:$A$353,C9,'Gate plan'!$C$4:$C$353,D9)=0),"Plan gate differs from event gate",IF(AND(C9<>"",O9<>"",COUNTIFS('Gate plan'!$A$4:$A$353,C9,'Gate plan'!$K$4:$K$353,"<>")>0,COUNTIFS('Gate plan'!$A$4:$A$353,C9,'Gate plan'!$K$4:$K$353,O9)=0),"Plan UC-ID differs from event UC-ID",IF(AND(E9="Assurance opinion",J9=""),"Assurance opinion ref missing",IF(AND(G9="Opinion only",E9<>"Assurance opinion",E9<>"Review only"),"Opinion only is for Assurance opinion or Review only events",IF(AND(G9="No decision",E9<>"Review only",E9<>"Priority override",E9<>"Intake / registration"),"No decision is for Review only, Priority override or Intake / registration events",IF(OR(ISNUMBER(SEARCH(" ",TRIM(O9))),ISNUMBER(SEARCH("/",O9))),"One UC-ID per event row: split this event",IF(AND(E9="Precautionary pause (containment)",ISNUMBER(W9),ISNUMBER(F9),W9<F9),"Follow-up decision due date is before the pause",IF(AND(G9="Resume",IFERROR(LOOKUP(2,1/(($B$3:B8=B9)*($O$3:O8=O9)),$G$3:G8),"")<>"Paused — pending decision"),"Resume is only for the event straight after a Precautionary pause on the same AIR-ID and UC-ID (in an earlier row)",IF(AND(E9="Decision",OR(G9="Progress",G9="Progress with condition",G9="Re-authorise",G9="Resume"),X9<>"Yes"),"Decision-maker has not confirmed the screening was considered (column X)","Check against source"))))))))))))))))))))))))))))) | Q9: =IF(A9="","",IF(E9<>"Decision","",IF(P9="UC-ID specific",IF(O9="","UC-ID REQUIRED","Check source decision for each UC-ID"),IF(P9="Shared system baseline",IF(O9<>"","REMOVE UC-ID OR CORRECT SCOPE","Baseline only — NOT UC approval"),"Decision scope missing"))))
N10: =IF(COUNTA(A10:M10,O10:P10,R10:X10)=0,"",IF(OR(A10="",B10="",F10=""),"Event ID, AIR-ID or date missing",IF(COUNTIF($A$4:$A$553,A10)>1,"Duplicate Event ID",IF(E10="","Event type missing",IF(OR(NOT(ISNUMBER(F10)),F10>TODAY()),"Date is not a real date or is in the future",IF(AND(C10<>"",COUNTIF('Gate plan'!$A$4:$A$353,C10)=0),"Plan ID not found in Gate plan",IF(AND(C10<>"",COUNTIFS('Gate plan'!$A$4:$A$353,C10,'Gate plan'!$B$4:$B$353,B10)=0),"Plan AIR-ID differs from event",IF(D10="","Gate / forum missing",IF(AND(E10="Precautionary pause (containment)",G10<>"Paused — pending decision"),"Precautionary pause: Outcome must be Paused, pending decision",IF(AND(E10="Precautionary pause (containment)",V10=""),"Precautionary pause: AIG-OPS-03 incident ref missing",IF(AND(E10="Precautionary pause (containment)",NOT(ISNUMBER(W10))),"Precautionary pause: follow-up decision due date missing",IF(AND(G10="Paused — pending decision",E10<>"Precautionary pause (containment)"),"Paused, pending decision is only for a Precautionary pause event",IF(AND(E10="Decision",OR(G10="",H10="",I10="")),"Outcome / delegation / decision ref missing",IF(AND(E10="Decision",NOT(OR(G10="Progress",G10="Progress with condition",G10="Return for evidence",G10="Pause",G10="Stop",G10="Suspend",G10="Decommission",G10="Re-authorise",G10="Resume"))),"Decision event needs a decision outcome",IF(AND(E10="Priority override",OR(H10="",I10="")),"Decision-maker / AIG-DEC-03 ref missing",IF(AND(E10="Priority override",G10<>"",G10<>"No decision"),"Priority override: Outcome blank or No decision",IF(AND(E10<>"Decision",OR(G10="Progress",G10="Progress with condition",G10="Return for evidence",G10="Pause",G10="Stop",G10="Suspend",G10="Decommission",G10="Re-authorise",G10="Resume")),"Outcome implies decision",IF(OR(ISNUMBER(SEARCH(",",O10)),ISNUMBER(SEARCH(";",O10))),"One UC-ID per event row — split this event",IF(AND(E10="Decision",OR(Q10="UC-ID REQUIRED",Q10="Decision scope missing",Q10="REMOVE UC-ID OR CORRECT SCOPE")),"Decision scope missing",IF(AND(G10="Progress with condition",COUNTIF(Conditions!$B$4:$B$553,A10)=0),"Progress with condition needs at least one Conditions row",IF(AND(C10<>"",COUNTIFS('Gate plan'!$A$4:$A$353,C10,'Gate plan'!$C$4:$C$353,D10)=0),"Plan gate differs from event gate",IF(AND(C10<>"",O10<>"",COUNTIFS('Gate plan'!$A$4:$A$353,C10,'Gate plan'!$K$4:$K$353,"<>")>0,COUNTIFS('Gate plan'!$A$4:$A$353,C10,'Gate plan'!$K$4:$K$353,O10)=0),"Plan UC-ID differs from event UC-ID",IF(AND(E10="Assurance opinion",J10=""),"Assurance opinion ref missing",IF(AND(G10="Opinion only",E10<>"Assurance opinion",E10<>"Review only"),"Opinion only is for Assurance opinion or Review only events",IF(AND(G10="No decision",E10<>"Review only",E10<>"Priority override",E10<>"Intake / registration"),"No decision is for Review only, Priority override or Intake / registration events",IF(OR(ISNUMBER(SEARCH(" ",TRIM(O10))),ISNUMBER(SEARCH("/",O10))),"One UC-ID per event row: split this event",IF(AND(E10="Precautionary pause (containment)",ISNUMBER(W10),ISNUMBER(F10),W10<F10),"Follow-up decision due date is before the pause",IF(AND(G10="Resume",IFERROR(LOOKUP(2,1/(($B$3:B9=B10)*($O$3:O9=O10)),$G$3:G9),"")<>"Paused — pending decision"),"Resume is only for the event straight after a Precautionary pause on the same AIR-ID and UC-ID (in an earlier row)",IF(AND(E10="Decision",OR(G10="Progress",G10="Progress with condition",G10="Re-authorise",G10="Resume"),X10<>"Yes"),"Decision-maker has not confirmed the screening was considered (column X)","Check against source"))))))))))))))))))))))))))))) | Q10: =IF(A10="","",IF(E10<>"Decision","",IF(P10="UC-ID specific",IF(O10="","UC-ID REQUIRED","Check source decision for each UC-ID"),IF(P10="Shared system baseline",IF(O10<>"","REMOVE UC-ID OR CORRECT SCOPE","Baseline only — NOT UC approval"),"Decision scope missing"))))
N11: =IF(COUNTA(A11:M11,O11:P11,R11:X11)=0,"",IF(OR(A11="",B11="",F11=""),"Event ID, AIR-ID or date missing",IF(COUNTIF($A$4:$A$553,A11)>1,"Duplicate Event ID",IF(E11="","Event type missing",IF(OR(NOT(ISNUMBER(F11)),F11>TODAY()),"Date is not a real date or is in the future",IF(AND(C11<>"",COUNTIF('Gate plan'!$A$4:$A$353,C11)=0),"Plan ID not found in Gate plan",IF(AND(C11<>"",COUNTIFS('Gate plan'!$A$4:$A$353,C11,'Gate plan'!$B$4:$B$353,B11)=0),"Plan AIR-ID differs from event",IF(D11="","Gate / forum missing",IF(AND(E11="Precautionary pause (containment)",G11<>"Paused — pending decision"),"Precautionary pause: Outcome must be Paused, pending decision",IF(AND(E11="Precautionary pause (containment)",V11=""),"Precautionary pause: AIG-OPS-03 incident ref missing",IF(AND(E11="Precautionary pause (containment)",NOT(ISNUMBER(W11))),"Precautionary pause: follow-up decision due date missing",IF(AND(G11="Paused — pending decision",E11<>"Precautionary pause (containment)"),"Paused, pending decision is only for a Precautionary pause event",IF(AND(E11="Decision",OR(G11="",H11="",I11="")),"Outcome / delegation / decision ref missing",IF(AND(E11="Decision",NOT(OR(G11="Progress",G11="Progress with condition",G11="Return for evidence",G11="Pause",G11="Stop",G11="Suspend",G11="Decommission",G11="Re-authorise",G11="Resume"))),"Decision event needs a decision outcome",IF(AND(E11="Priority override",OR(H11="",I11="")),"Decision-maker / AIG-DEC-03 ref missing",IF(AND(E11="Priority override",G11<>"",G11<>"No decision"),"Priority override: Outcome blank or No decision",IF(AND(E11<>"Decision",OR(G11="Progress",G11="Progress with condition",G11="Return for evidence",G11="Pause",G11="Stop",G11="Suspend",G11="Decommission",G11="Re-authorise",G11="Resume")),"Outcome implies decision",IF(OR(ISNUMBER(SEARCH(",",O11)),ISNUMBER(SEARCH(";",O11))),"One UC-ID per event row — split this event",IF(AND(E11="Decision",OR(Q11="UC-ID REQUIRED",Q11="Decision scope missing",Q11="REMOVE UC-ID OR CORRECT SCOPE")),"Decision scope missing",IF(AND(G11="Progress with condition",COUNTIF(Conditions!$B$4:$B$553,A11)=0),"Progress with condition needs at least one Conditions row",IF(AND(C11<>"",COUNTIFS('Gate plan'!$A$4:$A$353,C11,'Gate plan'!$C$4:$C$353,D11)=0),"Plan gate differs from event gate",IF(AND(C11<>"",O11<>"",COUNTIFS('Gate plan'!$A$4:$A$353,C11,'Gate plan'!$K$4:$K$353,"<>")>0,COUNTIFS('Gate plan'!$A$4:$A$353,C11,'Gate plan'!$K$4:$K$353,O11)=0),"Plan UC-ID differs from event UC-ID",IF(AND(E11="Assurance opinion",J11=""),"Assurance opinion ref missing",IF(AND(G11="Opinion only",E11<>"Assurance opinion",E11<>"Review only"),"Opinion only is for Assurance opinion or Review only events",IF(AND(G11="No decision",E11<>"Review only",E11<>"Priority override",E11<>"Intake / registration"),"No decision is for Review only, Priority override or Intake / registration events",IF(OR(ISNUMBER(SEARCH(" ",TRIM(O11))),ISNUMBER(SEARCH("/",O11))),"One UC-ID per event row: split this event",IF(AND(E11="Precautionary pause (containment)",ISNUMBER(W11),ISNUMBER(F11),W11<F11),"Follow-up decision due date is before the pause",IF(AND(G11="Resume",IFERROR(LOOKUP(2,1/(($B$3:B10=B11)*($O$3:O10=O11)),$G$3:G10),"")<>"Paused — pending decision"),"Resume is only for the event straight after a Precautionary pause on the same AIR-ID and UC-ID (in an earlier row)",IF(AND(E11="Decision",OR(G11="Progress",G11="Progress with condition",G11="Re-authorise",G11="Resume"),X11<>"Yes"),"Decision-maker has not confirmed the screening was considered (column X)","Check against source"))))))))))))))))))))))))))))) | Q11: =IF(A11="","",IF(E11<>"Decision","",IF(P11="UC-ID specific",IF(O11="","UC-ID REQUIRED","Check source decision for each UC-ID"),IF(P11="Shared system baseline",IF(O11<>"","REMOVE UC-ID OR CORRECT SCOPE","Baseline only — NOT UC approval"),"Decision scope missing"))))
N12: =IF(COUNTA(A12:M12,O12:P12,R12:X12)=0,"",IF(OR(A12="",B12="",F12=""),"Event ID, AIR-ID or date missing",IF(COUNTIF($A$4:$A$553,A12)>1,"Duplicate Event ID",IF(E12="","Event type missing",IF(OR(NOT(ISNUMBER(F12)),F12>TODAY()),"Date is not a real date or is in the future",IF(AND(C12<>"",COUNTIF('Gate plan'!$A$4:$A$353,C12)=0),"Plan ID not found in Gate plan",IF(AND(C12<>"",COUNTIFS('Gate plan'!$A$4:$A$353,C12,'Gate plan'!$B$4:$B$353,B12)=0),"Plan AIR-ID differs from event",IF(D12="","Gate / forum missing",IF(AND(E12="Precautionary pause (containment)",G12<>"Paused — pending decision"),"Precautionary pause: Outcome must be Paused, pending decision",IF(AND(E12="Precautionary pause (containment)",V12=""),"Precautionary pause: AIG-OPS-03 incident ref missing",IF(AND(E12="Precautionary pause (containment)",NOT(ISNUMBER(W12))),"Precautionary pause: follow-up decision due date missing",IF(AND(G12="Paused — pending decision",E12<>"Precautionary pause (containment)"),"Paused, pending decision is only for a Precautionary pause event",IF(AND(E12="Decision",OR(G12="",H12="",I12="")),"Outcome / delegation / decision ref missing",IF(AND(E12="Decision",NOT(OR(G12="Progress",G12="Progress with condition",G12="Return for evidence",G12="Pause",G12="Stop",G12="Suspend",G12="Decommission",G12="Re-authorise",G12="Resume"))),"Decision event needs a decision outcome",IF(AND(E12="Priority override",OR(H12="",I12="")),"Decision-maker / AIG-DEC-03 ref missing",IF(AND(E12="Priority override",G12<>"",G12<>"No decision"),"Priority override: Outcome blank or No decision",IF(AND(E12<>"Decision",OR(G12="Progress",G12="Progress with condition",G12="Return for evidence",G12="Pause",G12="Stop",G12="Suspend",G12="Decommission",G12="Re-authorise",G12="Resume")),"Outcome implies decision",IF(OR(ISNUMBER(SEARCH(",",O12)),ISNUMBER(SEARCH(";",O12))),"One UC-ID per event row — split this event",IF(AND(E12="Decision",OR(Q12="UC-ID REQUIRED",Q12="Decision scope missing",Q12="REMOVE UC-ID OR CORRECT SCOPE")),"Decision scope missing",IF(AND(G12="Progress with condition",COUNTIF(Conditions!$B$4:$B$553,A12)=0),"Progress with condition needs at least one Conditions row",IF(AND(C12<>"",COUNTIFS('Gate plan'!$A$4:$A$353,C12,'Gate plan'!$C$4:$C$353,D12)=0),"Plan gate differs from event gate",IF(AND(C12<>"",O12<>"",COUNTIFS('Gate plan'!$A$4:$A$353,C12,'Gate plan'!$K$4:$K$353,"<>")>0,COUNTIFS('Gate plan'!$A$4:$A$353,C12,'Gate plan'!$K$4:$K$353,O12)=0),"Plan UC-ID differs from event UC-ID",IF(AND(E12="Assurance opinion",J12=""),"Assurance opinion ref missing",IF(AND(G12="Opinion only",E12<>"Assurance opinion",E12<>"Review only"),"Opinion only is for Assurance opinion or Review only events",IF(AND(G12="No decision",E12<>"Review only",E12<>"Priority override",E12<>"Intake / registration"),"No decision is for Review only, Priority override or Intake / registration events",IF(OR(ISNUMBER(SEARCH(" ",TRIM(O12))),ISNUMBER(SEARCH("/",O12))),"One UC-ID per event row: split this event",IF(AND(E12="Precautionary pause (containment)",ISNUMBER(W12),ISNUMBER(F12),W12<F12),"Follow-up decision due date is before the pause",IF(AND(G12="Resume",IFERROR(LOOKUP(2,1/(($B$3:B11=B12)*($O$3:O11=O12)),$G$3:G11),"")<>"Paused — pending decision"),"Resume is only for the event straight after a Precautionary pause on the same AIR-ID and UC-ID (in an earlier row)",IF(AND(E12="Decision",OR(G12="Progress",G12="Progress with condition",G12="Re-authorise",G12="Resume"),X12<>"Yes"),"Decision-maker has not confirmed the screening was considered (column X)","Check against source"))))))))))))))))))))))))))))) | Q12: =IF(A12="","",IF(E12<>"Decision","",IF(P12="UC-ID specific",IF(O12="","UC-ID REQUIRED","Check source decision for each UC-ID"),IF(P12="Shared system baseline",IF(O12<>"","REMOVE UC-ID OR CORRECT SCOPE","Baseline only — NOT UC approval"),"Decision scope missing"))))
N13: =IF(COUNTA(A13:M13,O13:P13,R13:X13)=0,"",IF(OR(A13="",B13="",F13=""),"Event ID, AIR-ID or date missing",IF(COUNTIF($A$4:$A$553,A13)>1,"Duplicate Event ID",IF(E13="","Event type missing",IF(OR(NOT(ISNUMBER(F13)),F13>TODAY()),"Date is not a real date or is in the future",IF(AND(C13<>"",COUNTIF('Gate plan'!$A$4:$A$353,C13)=0),"Plan ID not found in Gate plan",IF(AND(C13<>"",COUNTIFS('Gate plan'!$A$4:$A$353,C13,'Gate plan'!$B$4:$B$353,B13)=0),"Plan AIR-ID differs from event",IF(D13="","Gate / forum missing",IF(AND(E13="Precautionary pause (containment)",G13<>"Paused — pending decision"),"Precautionary pause: Outcome must be Paused, pending decision",IF(AND(E13="Precautionary pause (containment)",V13=""),"Precautionary pause: AIG-OPS-03 incident ref missing",IF(AND(E13="Precautionary pause (containment)",NOT(ISNUMBER(W13))),"Precautionary pause: follow-up decision due date missing",IF(AND(G13="Paused — pending decision",E13<>"Precautionary pause (containment)"),"Paused, pending decision is only for a Precautionary pause event",IF(AND(E13="Decision",OR(G13="",H13="",I13="")),"Outcome / delegation / decision ref missing",IF(AND(E13="Decision",NOT(OR(G13="Progress",G13="Progress with condition",G13="Return for evidence",G13="Pause",G13="Stop",G13="Suspend",G13="Decommission",G13="Re-authorise",G13="Resume"))),"Decision event needs a decision outcome",IF(AND(E13="Priority override",OR(H13="",I13="")),"Decision-maker / AIG-DEC-03 ref missing",IF(AND(E13="Priority override",G13<>"",G13<>"No decision"),"Priority override: Outcome blank or No decision",IF(AND(E13<>"Decision",OR(G13="Progress",G13="Progress with condition",G13="Return for evidence",G13="Pause",G13="Stop",G13="Suspend",G13="Decommission",G13="Re-authorise",G13="Resume")),"Outcome implies decision",IF(OR(ISNUMBER(SEARCH(",",O13)),ISNUMBER(SEARCH(";",O13))),"One UC-ID per event row — split this event",IF(AND(E13="Decision",OR(Q13="UC-ID REQUIRED",Q13="Decision scope missing",Q13="REMOVE UC-ID OR CORRECT SCOPE")),"Decision scope missing",IF(AND(G13="Progress with condition",COUNTIF(Conditions!$B$4:$B$553,A13)=0),"Progress with condition needs at least one Conditions row",IF(AND(C13<>"",COUNTIFS('Gate plan'!$A$4:$A$353,C13,'Gate plan'!$C$4:$C$353,D13)=0),"Plan gate differs from event gate",IF(AND(C13<>"",O13<>"",COUNTIFS('Gate plan'!$A$4:$A$353,C13,'Gate plan'!$K$4:$K$353,"<>")>0,COUNTIFS('Gate plan'!$A$4:$A$353,C13,'Gate plan'!$K$4:$K$353,O13)=0),"Plan UC-ID differs from event UC-ID",IF(AND(E13="Assurance opinion",J13=""),"Assurance opinion ref missing",IF(AND(G13="Opinion only",E13<>"Assurance opinion",E13<>"Review only"),"Opinion only is for Assurance opinion or Review only events",IF(AND(G13="No decision",E13<>"Review only",E13<>"Priority override",E13<>"Intake / registration"),"No decision is for Review only, Priority override or Intake / registration events",IF(OR(ISNUMBER(SEARCH(" ",TRIM(O13))),ISNUMBER(SEARCH("/",O13))),"One UC-ID per event row: split this event",IF(AND(E13="Precautionary pause (containment)",ISNUMBER(W13),ISNUMBER(F13),W13<F13),"Follow-up decision due date is before the pause",IF(AND(G13="Resume",IFERROR(LOOKUP(2,1/(($B$3:B12=B13)*($O$3:O12=O13)),$G$3:G12),"")<>"Paused — pending decision"),"Resume is only for the event straight after a Precautionary pause on the same AIR-ID and UC-ID (in an earlier row)",IF(AND(E13="Decision",OR(G13="Progress",G13="Progress with condition",G13="Re-authorise",G13="Resume"),X13<>"Yes"),"Decision-maker has not confirmed the screening was considered (column X)","Check against source"))))))))))))))))))))))))))))) | Q13: =IF(A13="","",IF(E13<>"Decision","",IF(P13="UC-ID specific",IF(O13="","UC-ID REQUIRED","Check source decision for each UC-ID"),IF(P13="Shared system baseline",IF(O13<>"","REMOVE UC-ID OR CORRECT SCOPE","Baseline only — NOT UC approval"),"Decision scope missing"))))
N14: =IF(COUNTA(A14:M14,O14:P14,R14:X14)=0,"",IF(OR(A14="",B14="",F14=""),"Event ID, AIR-ID or date missing",IF(COUNTIF($A$4:$A$553,A14)>1,"Duplicate Event ID",IF(E14="","Event type missing",IF(OR(NOT(ISNUMBER(F14)),F14>TODAY()),"Date is not a real date or is in the future",IF(AND(C14<>"",COUNTIF('Gate plan'!$A$4:$A$353,C14)=0),"Plan ID not found in Gate plan",IF(AND(C14<>"",COUNTIFS('Gate plan'!$A$4:$A$353,C14,'Gate plan'!$B$4:$B$353,B14)=0),"Plan AIR-ID differs from event",IF(D14="","Gate / forum missing",IF(AND(E14="Precautionary pause (containment)",G14<>"Paused — pending decision"),"Precautionary pause: Outcome must be Paused, pending decision",IF(AND(E14="Precautionary pause (containment)",V14=""),"Precautionary pause: AIG-OPS-03 incident ref missing",IF(AND(E14="Precautionary pause (containment)",NOT(ISNUMBER(W14))),"Precautionary pause: follow-up decision due date missing",IF(AND(G14="Paused — pending decision",E14<>"Precautionary pause (containment)"),"Paused, pending decision is only for a Precautionary pause event",IF(AND(E14="Decision",OR(G14="",H14="",I14="")),"Outcome / delegation / decision ref missing",IF(AND(E14="Decision",NOT(OR(G14="Progress",G14="Progress with condition",G14="Return for evidence",G14="Pause",G14="Stop",G14="Suspend",G14="Decommission",G14="Re-authorise",G14="Resume"))),"Decision event needs a decision outcome",IF(AND(E14="Priority override",OR(H14="",I14="")),"Decision-maker / AIG-DEC-03 ref missing",IF(AND(E14="Priority override",G14<>"",G14<>"No decision"),"Priority override: Outcome blank or No decision",IF(AND(E14<>"Decision",OR(G14="Progress",G14="Progress with condition",G14="Return for evidence",G14="Pause",G14="Stop",G14="Suspend",G14="Decommission",G14="Re-authorise",G14="Resume")),"Outcome implies decision",IF(OR(ISNUMBER(SEARCH(",",O14)),ISNUMBER(SEARCH(";",O14))),"One UC-ID per event row — split this event",IF(AND(E14="Decision",OR(Q14="UC-ID REQUIRED",Q14="Decision scope missing",Q14="REMOVE UC-ID OR CORRECT SCOPE")),"Decision scope missing",IF(AND(G14="Progress with condition",COUNTIF(Conditions!$B$4:$B$553,A14)=0),"Progress with condition needs at least one Conditions row",IF(AND(C14<>"",COUNTIFS('Gate plan'!$A$4:$A$353,C14,'Gate plan'!$C$4:$C$353,D14)=0),"Plan gate differs from event gate",IF(AND(C14<>"",O14<>"",COUNTIFS('Gate plan'!$A$4:$A$353,C14,'Gate plan'!$K$4:$K$353,"<>")>0,COUNTIFS('Gate plan'!$A$4:$A$353,C14,'Gate plan'!$K$4:$K$353,O14)=0),"Plan UC-ID differs from event UC-ID",IF(AND(E14="Assurance opinion",J14=""),"Assurance opinion ref missing",IF(AND(G14="Opinion only",E14<>"Assurance opinion",E14<>"Review only"),"Opinion only is for Assurance opinion or Review only events",IF(AND(G14="No decision",E14<>"Review only",E14<>"Priority override",E14<>"Intake / registration"),"No decision is for Review only, Priority override or Intake / registration events",IF(OR(ISNUMBER(SEARCH(" ",TRIM(O14))),ISNUMBER(SEARCH("/",O14))),"One UC-ID per event row: split this event",IF(AND(E14="Precautionary pause (containment)",ISNUMBER(W14),ISNUMBER(F14),W14<F14),"Follow-up decision due date is before the pause",IF(AND(G14="Resume",IFERROR(LOOKUP(2,1/(($B$3:B13=B14)*($O$3:O13=O14)),$G$3:G13),"")<>"Paused — pending decision"),"Resume is only for the event straight after a Precautionary pause on the same AIR-ID and UC-ID (in an earlier row)",IF(AND(E14="Decision",OR(G14="Progress",G14="Progress with condition",G14="Re-authorise",G14="Resume"),X14<>"Yes"),"Decision-maker has not confirmed the screening was considered (column X)","Check against source"))))))))))))))))))))))))))))) | Q14: =IF(A14="","",IF(E14<>"Decision","",IF(P14="UC-ID specific",IF(O14="","UC-ID REQUIRED","Check source decision for each UC-ID"),IF(P14="Shared system baseline",IF(O14<>"","REMOVE UC-ID OR CORRECT SCOPE","Baseline only — NOT UC approval"),"Decision scope missing"))))
N15: =IF(COUNTA(A15:M15,O15:P15,R15:X15)=0,"",IF(OR(A15="",B15="",F15=""),"Event ID, AIR-ID or date missing",IF(COUNTIF($A$4:$A$553,A15)>1,"Duplicate Event ID",IF(E15="","Event type missing",IF(OR(NOT(ISNUMBER(F15)),F15>TODAY()),"Date is not a real date or is in the future",IF(AND(C15<>"",COUNTIF('Gate plan'!$A$4:$A$353,C15)=0),"Plan ID not found in Gate plan",IF(AND(C15<>"",COUNTIFS('Gate plan'!$A$4:$A$353,C15,'Gate plan'!$B$4:$B$353,B15)=0),"Plan AIR-ID differs from event",IF(D15="","Gate / forum missing",IF(AND(E15="Precautionary pause (containment)",G15<>"Paused — pending decision"),"Precautionary pause: Outcome must be Paused, pending decision",IF(AND(E15="Precautionary pause (containment)",V15=""),"Precautionary pause: AIG-OPS-03 incident ref missing",IF(AND(E15="Precautionary pause (containment)",NOT(ISNUMBER(W15))),"Precautionary pause: follow-up decision due date missing",IF(AND(G15="Paused — pending decision",E15<>"Precautionary pause (containment)"),"Paused, pending decision is only for a Precautionary pause event",IF(AND(E15="Decision",OR(G15="",H15="",I15="")),"Outcome / delegation / decision ref missing",IF(AND(E15="Decision",NOT(OR(G15="Progress",G15="Progress with condition",G15="Return for evidence",G15="Pause",G15="Stop",G15="Suspend",G15="Decommission",G15="Re-authorise",G15="Resume"))),"Decision event needs a decision outcome",IF(AND(E15="Priority override",OR(H15="",I15="")),"Decision-maker / AIG-DEC-03 ref missing",IF(AND(E15="Priority override",G15<>"",G15<>"No decision"),"Priority override: Outcome blank or No decision",IF(AND(E15<>"Decision",OR(G15="Progress",G15="Progress with condition",G15="Return for evidence",G15="Pause",G15="Stop",G15="Suspend",G15="Decommission",G15="Re-authorise",G15="Resume")),"Outcome implies decision",IF(OR(ISNUMBER(SEARCH(",",O15)),ISNUMBER(SEARCH(";",O15))),"One UC-ID per event row — split this event",IF(AND(E15="Decision",OR(Q15="UC-ID REQUIRED",Q15="Decision scope missing",Q15="REMOVE UC-ID OR CORRECT SCOPE")),"Decision scope missing",IF(AND(G15="Progress with condition",COUNTIF(Conditions!$B$4:$B$553,A15)=0),"Progress with condition needs at least one Conditions row",IF(AND(C15<>"",COUNTIFS('Gate plan'!$A$4:$A$353,C15,'Gate plan'!$C$4:$C$353,D15)=0),"Plan gate differs from event gate",IF(AND(C15<>"",O15<>"",COUNTIFS('Gate plan'!$A$4:$A$353,C15,'Gate plan'!$K$4:$K$353,"<>")>0,COUNTIFS('Gate plan'!$A$4:$A$353,C15,'Gate plan'!$K$4:$K$353,O15)=0),"Plan UC-ID differs from event UC-ID",IF(AND(E15="Assurance opinion",J15=""),"Assurance opinion ref missing",IF(AND(G15="Opinion only",E15<>"Assurance opinion",E15<>"Review only"),"Opinion only is for Assurance opinion or Review only events",IF(AND(G15="No decision",E15<>"Review only",E15<>"Priority override",E15<>"Intake / registration"),"No decision is for Review only, Priority override or Intake / registration events",IF(OR(ISNUMBER(SEARCH(" ",TRIM(O15))),ISNUMBER(SEARCH("/",O15))),"One UC-ID per event row: split this event",IF(AND(E15="Precautionary pause (containment)",ISNUMBER(W15),ISNUMBER(F15),W15<F15),"Follow-up decision due date is before the pause",IF(AND(G15="Resume",IFERROR(LOOKUP(2,1/(($B$3:B14=B15)*($O$3:O14=O15)),$G$3:G14),"")<>"Paused — pending decision"),"Resume is only for the event straight after a Precautionary pause on the same AIR-ID and UC-ID (in an earlier row)",IF(AND(E15="Decision",OR(G15="Progress",G15="Progress with condition",G15="Re-authorise",G15="Resume"),X15<>"Yes"),"Decision-maker has not confirmed the screening was considered (column X)","Check against source"))))))))))))))))))))))))))))) | Q15: =IF(A15="","",IF(E15<>"Decision","",IF(P15="UC-ID specific",IF(O15="","UC-ID REQUIRED","Check source decision for each UC-ID"),IF(P15="Shared system baseline",IF(O15<>"","REMOVE UC-ID OR CORRECT SCOPE","Baseline only — NOT UC approval"),"Decision scope missing"))))
... N553: =IF(COUNTA(A553:M553,O553:P553,R553:X553)=0,"",IF(OR(A553="",B553="",F553=""),"Event ID, AIR-ID or date missing",IF(COUNTIF($A$4:$A$553,A553)>1,"Duplicate Event ID",IF(E553="","Event type missing",IF(OR(NOT(ISNUMBER(F553)),F553>TODAY()),"Date is not a real date or is in the future",IF(AND(C553<>"",COUNTIF('Gate plan'!$A$4:$A$353,C553)=0),"Plan ID not found in Gate plan",IF(AND(C553<>"",COUNTIFS('Gate plan'!$A$4:$A$353,C553,'Gate plan'!$B$4:$B$353,B553)=0),"Plan AIR-ID differs from event",IF(D553="","Gate / forum missing",IF(AND(E553="Precautionary pause (containment)",G553<>"Paused — pending decision"),"Precautionary pause: Outcome must be Paused, pending decision",IF(AND(E553="Precautionary pause (containment)",V553=""),"Precautionary pause: AIG-OPS-03 incident ref missing",IF(AND(E553="Precautionary pause (containment)",NOT(ISNUMBER(W553))),"Precautionary pause: follow-up decision due date missing",IF(AND(G553="Paused — pending decision",E553<>"Precautionary pause (containment)"),"Paused, pending decision is only for a Precautionary pause event",IF(AND(E553="Decision",OR(G553="",H553="",I553="")),"Outcome / delegation / decision ref missing",IF(AND(E553="Decision",NOT(OR(G553="Progress",G553="Progress with condition",G553="Return for evidence",G553="Pause",G553="Stop",G553="Suspend",G553="Decommission",G553="Re-authorise",G553="Resume"))),"Decision event needs a decision outcome",IF(AND(E553="Priority override",OR(H553="",I553="")),"Decision-maker / AIG-DEC-03 ref missing",IF(AND(E553="Priority override",G553<>"",G553<>"No decision"),"Priority override: Outcome blank or No decision",IF(AND(E553<>"Decision",OR(G553="Progress",G553="Progress with condition",G553="Return for evidence",G553="Pause",G553="Stop",G553="Suspend",G553="Decommission",G553="Re-authorise",G553="Resume")),"Outcome implies decision",IF(OR(ISNUMBER(SEARCH(",",O553)),ISNUMBER(SEARCH(";",O553))),"One UC-ID per event row — split this event",IF(AND(E553="Decision",OR(Q553="UC-ID REQUIRED",Q553="Decision scope missing",Q553="REMOVE UC-ID OR CORRECT SCOPE")),"Decision scope missing",IF(AND(G553="Progress with condition",COUNTIF(Conditions!$B$4:$B$553,A553)=0),"Progress with condition needs at least one Conditions row",IF(AND(C553<>"",COUNTIFS('Gate plan'!$A$4:$A$353,C553,'Gate plan'!$C$4:$C$353,D553)=0),"Plan gate differs from event gate",IF(AND(C553<>"",O553<>"",COUNTIFS('Gate plan'!$A$4:$A$353,C553,'Gate plan'!$K$4:$K$353,"<>")>0,COUNTIFS('Gate plan'!$A$4:$A$353,C553,'Gate plan'!$K$4:$K$353,O553)=0),"Plan UC-ID differs from event UC-ID",IF(AND(E553="Assurance opinion",J553=""),"Assurance opinion ref missing",IF(AND(G553="Opinion only",E553<>"Assurance opinion",E553<>"Review only"),"Opinion only is for Assurance opinion or Review only events",IF(AND(G553="No decision",E553<>"Review only",E553<>"Priority override",E553<>"Intake / registration"),"No decision is for Review only, Priority override or Intake / registration events",IF(OR(ISNUMBER(SEARCH(" ",TRIM(O553))),ISNUMBER(SEARCH("/",O553))),"One UC-ID per event row: split this event",IF(AND(E553="Precautionary pause (containment)",ISNUMBER(W553),ISNUMBER(F553),W553<F553),"Follow-up decision due date is before the pause",IF(AND(G553="Resume",IFERROR(LOOKUP(2,1/(($B$3:B552=B553)*($O$3:O552=O553)),$G$3:G552),"")<>"Paused — pending decision"),"Resume is only for the event straight after a Precautionary pause on the same AIR-ID and UC-ID (in an earlier row)",IF(AND(E553="Decision",OR(G553="Progress",G553="Progress with condition",G553="Re-authorise",G553="Resume"),X553<>"Yes"),"Decision-maker has not confirmed the screening was considered (column X)","Check against source"))))))))))))))))))))))))))))) | Q553: =IF(A553="","",IF(E553<>"Decision","",IF(P553="UC-ID specific",IF(O553="","UC-ID REQUIRED","Check source decision for each UC-ID"),IF(P553="Shared system baseline",IF(O553<>"","REMOVE UC-ID OR CORRECT SCOPE","Baseline only — NOT UC approval"),"Decision scope missing"))))

Sheet Conditions
A1: AIG-DEC-04 / CONDITIONS — WHAT REMAINS OPEN
A2: One condition per row. Parent Event ID must exist in Gate events. Evidence of closure or a properly authorised waiver is required. | K2: For UC-ID-specific conditions, enter one UC-ID per row; the parent Gate events row carries one UC-ID. Shared baseline conditions have a blank UC-ID. Overdue is derived by the Row check (Open and due date passed).
A3: Condition ID | B3: Event ID | C3: AIR-ID | D3: Required action / condition | E3: Action owner | F3: Due date | G3: State | H3: Closed / waived on | I3: Evidence / waiver authority ref | J3: Row check | K3: UC-ID scope (blank only if shared system condition) | L3: Condition scope (UC-ID specific / shared system baseline) | M3: Verified by / date | N3: Monitoring condition? (Yes / No) | O3: AIG-OPS-02 evidence ref (monitoring conditions)
J4: =IF(COUNTA(A4:I4,K4:O4)=0,"",IF(OR(A4="",B4="",C4=""),"ID / parent missing",IF(COUNTIF($A$4:$A$553,A4)>1,"Duplicate condition ID",IF(COUNTIF('Gate events'!$A$4:$A$553,B4)=0,"Event ID not found",IF(INDEX('Gate events'!$B$4:$B$553,MATCH(B4,'Gate events'!$A$4:$A$553,0))<>C4,"AIR-ID differs from event",IF(IF(INDEX('Gate events'!$P$4:$P$553,MATCH(B4,'Gate events'!$A$4:$A$553,0))="UC-ID specific",IF(OR(L4<>"UC-ID specific",K4=""),"Condition UC-ID required",IF(ISNUMBER(SEARCH(","&SUBSTITUTE(K4," ","")&",",","&SUBSTITUTE(INDEX('Gate events'!$O$4:$O$553,MATCH(B4,'Gate events'!$A$4:$A$553,0))," ","")&",")),"","UC-ID differs from decision")),IF(INDEX('Gate events'!$P$4:$P$553,MATCH(B4,'Gate events'!$A$4:$A$553,0))="Shared system baseline",IF(OR(L4<>"Shared system baseline",K4<>""),"Condition scope differs from decision",""),"Parent decision scope missing"))<>"",IF(INDEX('Gate events'!$P$4:$P$553,MATCH(B4,'Gate events'!$A$4:$A$553,0))="UC-ID specific",IF(OR(L4<>"UC-ID specific",K4=""),"Condition UC-ID required",IF(ISNUMBER(SEARCH(","&SUBSTITUTE(K4," ","")&",",","&SUBSTITUTE(INDEX('Gate events'!$O$4:$O$553,MATCH(B4,'Gate events'!$A$4:$A$553,0))," ","")&",")),"","UC-ID differs from decision")),IF(INDEX('Gate events'!$P$4:$P$553,MATCH(B4,'Gate events'!$A$4:$A$553,0))="Shared system baseline",IF(OR(L4<>"Shared system baseline",K4<>""),"Condition scope differs from decision",""),"Parent decision scope missing")),IF(OR(D4="",E4="",F4="",G4=""),"Condition, owner, due date or state missing",IF(NOT(ISNUMBER(F4)),"Due date is not a date",IF(OR(G4="Overdue",G4="Superseded"),"Legacy state — owner review (use the shared five states)",IF(INDEX('Gate events'!$E$4:$E$553,MATCH(B4,'Gate events'!$A$4:$A$553,0))<>"Decision","Parent event is not a Decision",IF(AND(INDEX('Gate events'!$G$4:$G$553,MATCH(B4,'Gate events'!$A$4:$A$553,0))<>"Progress with condition",INDEX('Gate events'!$G$4:$G$553,MATCH(B4,'Gate events'!$A$4:$A$553,0))<>"Re-authorise",INDEX('Gate events'!$G$4:$G$553,MATCH(B4,'Gate events'!$A$4:$A$553,0))<>"Resume"),"Parent outcome is not Progress with condition / Re-authorise / Resume",IF(AND(ISNUMBER(INDEX('Gate events'!$F$4:$F$553,MATCH(B4,'Gate events'!$A$4:$A$553,0))),F4<INDEX('Gate events'!$F$4:$F$553,MATCH(B4,'Gate events'!$A$4:$A$553,0))),"Due date before parent event date",IF(AND(OR(G4="Closed-verified",G4="Waived",G4="Accepted-open"),OR(H4="",I4="")),"Closure evidence missing",IF(AND(H4<>"",NOT(ISNUMBER(H4))),"Closed / waived on is not a date",IF(AND(ISNUMBER(H4),ISNUMBER(INDEX('Gate events'!$F$4:$F$553,MATCH(B4,'Gate events'!$A$4:$A$553,0))),H4<INDEX('Gate events'!$F$4:$F$553,MATCH(B4,'Gate events'!$A$4:$A$553,0))),"Closure date before parent event date",IF(AND(G4="Closed-verified",M4=""),"Verifier / date missing",IF(AND(N4="Yes",G4="Closed-verified",O4=""),"Monitoring condition needs AIG-OPS-02 evidence ref",IF(AND(G4="Open",F4<TODAY()),"OVERDUE (derived) — review",IF(G4="Unknown","State Unknown: owner to confirm","Check against source")))))))))))))))))))
J5: =IF(COUNTA(A5:I5,K5:O5)=0,"",IF(OR(A5="",B5="",C5=""),"ID / parent missing",IF(COUNTIF($A$4:$A$553,A5)>1,"Duplicate condition ID",IF(COUNTIF('Gate events'!$A$4:$A$553,B5)=0,"Event ID not found",IF(INDEX('Gate events'!$B$4:$B$553,MATCH(B5,'Gate events'!$A$4:$A$553,0))<>C5,"AIR-ID differs from event",IF(IF(INDEX('Gate events'!$P$4:$P$553,MATCH(B5,'Gate events'!$A$4:$A$553,0))="UC-ID specific",IF(OR(L5<>"UC-ID specific",K5=""),"Condition UC-ID required",IF(ISNUMBER(SEARCH(","&SUBSTITUTE(K5," ","")&",",","&SUBSTITUTE(INDEX('Gate events'!$O$4:$O$553,MATCH(B5,'Gate events'!$A$4:$A$553,0))," ","")&",")),"","UC-ID differs from decision")),IF(INDEX('Gate events'!$P$4:$P$553,MATCH(B5,'Gate events'!$A$4:$A$553,0))="Shared system baseline",IF(OR(L5<>"Shared system baseline",K5<>""),"Condition scope differs from decision",""),"Parent decision scope missing"))<>"",IF(INDEX('Gate events'!$P$4:$P$553,MATCH(B5,'Gate events'!$A$4:$A$553,0))="UC-ID specific",IF(OR(L5<>"UC-ID specific",K5=""),"Condition UC-ID required",IF(ISNUMBER(SEARCH(","&SUBSTITUTE(K5," ","")&",",","&SUBSTITUTE(INDEX('Gate events'!$O$4:$O$553,MATCH(B5,'Gate events'!$A$4:$A$553,0))," ","")&",")),"","UC-ID differs from decision")),IF(INDEX('Gate events'!$P$4:$P$553,MATCH(B5,'Gate events'!$A$4:$A$553,0))="Shared system baseline",IF(OR(L5<>"Shared system baseline",K5<>""),"Condition scope differs from decision",""),"Parent decision scope missing")),IF(OR(D5="",E5="",F5="",G5=""),"Condition, owner, due date or state missing",IF(NOT(ISNUMBER(F5)),"Due date is not a date",IF(OR(G5="Overdue",G5="Superseded"),"Legacy state — owner review (use the shared five states)",IF(INDEX('Gate events'!$E$4:$E$553,MATCH(B5,'Gate events'!$A$4:$A$553,0))<>"Decision","Parent event is not a Decision",IF(AND(INDEX('Gate events'!$G$4:$G$553,MATCH(B5,'Gate events'!$A$4:$A$553,0))<>"Progress with condition",INDEX('Gate events'!$G$4:$G$553,MATCH(B5,'Gate events'!$A$4:$A$553,0))<>"Re-authorise",INDEX('Gate events'!$G$4:$G$553,MATCH(B5,'Gate events'!$A$4:$A$553,0))<>"Resume"),"Parent outcome is not Progress with condition / Re-authorise / Resume",IF(AND(ISNUMBER(INDEX('Gate events'!$F$4:$F$553,MATCH(B5,'Gate events'!$A$4:$A$553,0))),F5<INDEX('Gate events'!$F$4:$F$553,MATCH(B5,'Gate events'!$A$4:$A$553,0))),"Due date before parent event date",IF(AND(OR(G5="Closed-verified",G5="Waived",G5="Accepted-open"),OR(H5="",I5="")),"Closure evidence missing",IF(AND(H5<>"",NOT(ISNUMBER(H5))),"Closed / waived on is not a date",IF(AND(ISNUMBER(H5),ISNUMBER(INDEX('Gate events'!$F$4:$F$553,MATCH(B5,'Gate events'!$A$4:$A$553,0))),H5<INDEX('Gate events'!$F$4:$F$553,MATCH(B5,'Gate events'!$A$4:$A$553,0))),"Closure date before parent event date",IF(AND(G5="Closed-verified",M5=""),"Verifier / date missing",IF(AND(N5="Yes",G5="Closed-verified",O5=""),"Monitoring condition needs AIG-OPS-02 evidence ref",IF(AND(G5="Open",F5<TODAY()),"OVERDUE (derived) — review",IF(G5="Unknown","State Unknown: owner to confirm","Check against source")))))))))))))))))))
J6: =IF(COUNTA(A6:I6,K6:O6)=0,"",IF(OR(A6="",B6="",C6=""),"ID / parent missing",IF(COUNTIF($A$4:$A$553,A6)>1,"Duplicate condition ID",IF(COUNTIF('Gate events'!$A$4:$A$553,B6)=0,"Event ID not found",IF(INDEX('Gate events'!$B$4:$B$553,MATCH(B6,'Gate events'!$A$4:$A$553,0))<>C6,"AIR-ID differs from event",IF(IF(INDEX('Gate events'!$P$4:$P$553,MATCH(B6,'Gate events'!$A$4:$A$553,0))="UC-ID specific",IF(OR(L6<>"UC-ID specific",K6=""),"Condition UC-ID required",IF(ISNUMBER(SEARCH(","&SUBSTITUTE(K6," ","")&",",","&SUBSTITUTE(INDEX('Gate events'!$O$4:$O$553,MATCH(B6,'Gate events'!$A$4:$A$553,0))," ","")&",")),"","UC-ID differs from decision")),IF(INDEX('Gate events'!$P$4:$P$553,MATCH(B6,'Gate events'!$A$4:$A$553,0))="Shared system baseline",IF(OR(L6<>"Shared system baseline",K6<>""),"Condition scope differs from decision",""),"Parent decision scope missing"))<>"",IF(INDEX('Gate events'!$P$4:$P$553,MATCH(B6,'Gate events'!$A$4:$A$553,0))="UC-ID specific",IF(OR(L6<>"UC-ID specific",K6=""),"Condition UC-ID required",IF(ISNUMBER(SEARCH(","&SUBSTITUTE(K6," ","")&",",","&SUBSTITUTE(INDEX('Gate events'!$O$4:$O$553,MATCH(B6,'Gate events'!$A$4:$A$553,0))," ","")&",")),"","UC-ID differs from decision")),IF(INDEX('Gate events'!$P$4:$P$553,MATCH(B6,'Gate events'!$A$4:$A$553,0))="Shared system baseline",IF(OR(L6<>"Shared system baseline",K6<>""),"Condition scope differs from decision",""),"Parent decision scope missing")),IF(OR(D6="",E6="",F6="",G6=""),"Condition, owner, due date or state missing",IF(NOT(ISNUMBER(F6)),"Due date is not a date",IF(OR(G6="Overdue",G6="Superseded"),"Legacy state — owner review (use the shared five states)",IF(INDEX('Gate events'!$E$4:$E$553,MATCH(B6,'Gate events'!$A$4:$A$553,0))<>"Decision","Parent event is not a Decision",IF(AND(INDEX('Gate events'!$G$4:$G$553,MATCH(B6,'Gate events'!$A$4:$A$553,0))<>"Progress with condition",INDEX('Gate events'!$G$4:$G$553,MATCH(B6,'Gate events'!$A$4:$A$553,0))<>"Re-authorise",INDEX('Gate events'!$G$4:$G$553,MATCH(B6,'Gate events'!$A$4:$A$553,0))<>"Resume"),"Parent outcome is not Progress with condition / Re-authorise / Resume",IF(AND(ISNUMBER(INDEX('Gate events'!$F$4:$F$553,MATCH(B6,'Gate events'!$A$4:$A$553,0))),F6<INDEX('Gate events'!$F$4:$F$553,MATCH(B6,'Gate events'!$A$4:$A$553,0))),"Due date before parent event date",IF(AND(OR(G6="Closed-verified",G6="Waived",G6="Accepted-open"),OR(H6="",I6="")),"Closure evidence missing",IF(AND(H6<>"",NOT(ISNUMBER(H6))),"Closed / waived on is not a date",IF(AND(ISNUMBER(H6),ISNUMBER(INDEX('Gate events'!$F$4:$F$553,MATCH(B6,'Gate events'!$A$4:$A$553,0))),H6<INDEX('Gate events'!$F$4:$F$553,MATCH(B6,'Gate events'!$A$4:$A$553,0))),"Closure date before parent event date",IF(AND(G6="Closed-verified",M6=""),"Verifier / date missing",IF(AND(N6="Yes",G6="Closed-verified",O6=""),"Monitoring condition needs AIG-OPS-02 evidence ref",IF(AND(G6="Open",F6<TODAY()),"OVERDUE (derived) — review",IF(G6="Unknown","State Unknown: owner to confirm","Check against source")))))))))))))))))))
J7: =IF(COUNTA(A7:I7,K7:O7)=0,"",IF(OR(A7="",B7="",C7=""),"ID / parent missing",IF(COUNTIF($A$4:$A$553,A7)>1,"Duplicate condition ID",IF(COUNTIF('Gate events'!$A$4:$A$553,B7)=0,"Event ID not found",IF(INDEX('Gate events'!$B$4:$B$553,MATCH(B7,'Gate events'!$A$4:$A$553,0))<>C7,"AIR-ID differs from event",IF(IF(INDEX('Gate events'!$P$4:$P$553,MATCH(B7,'Gate events'!$A$4:$A$553,0))="UC-ID specific",IF(OR(L7<>"UC-ID specific",K7=""),"Condition UC-ID required",IF(ISNUMBER(SEARCH(","&SUBSTITUTE(K7," ","")&",",","&SUBSTITUTE(INDEX('Gate events'!$O$4:$O$553,MATCH(B7,'Gate events'!$A$4:$A$553,0))," ","")&",")),"","UC-ID differs from decision")),IF(INDEX('Gate events'!$P$4:$P$553,MATCH(B7,'Gate events'!$A$4:$A$553,0))="Shared system baseline",IF(OR(L7<>"Shared system baseline",K7<>""),"Condition scope differs from decision",""),"Parent decision scope missing"))<>"",IF(INDEX('Gate events'!$P$4:$P$553,MATCH(B7,'Gate events'!$A$4:$A$553,0))="UC-ID specific",IF(OR(L7<>"UC-ID specific",K7=""),"Condition UC-ID required",IF(ISNUMBER(SEARCH(","&SUBSTITUTE(K7," ","")&",",","&SUBSTITUTE(INDEX('Gate events'!$O$4:$O$553,MATCH(B7,'Gate events'!$A$4:$A$553,0))," ","")&",")),"","UC-ID differs from decision")),IF(INDEX('Gate events'!$P$4:$P$553,MATCH(B7,'Gate events'!$A$4:$A$553,0))="Shared system baseline",IF(OR(L7<>"Shared system baseline",K7<>""),"Condition scope differs from decision",""),"Parent decision scope missing")),IF(OR(D7="",E7="",F7="",G7=""),"Condition, owner, due date or state missing",IF(NOT(ISNUMBER(F7)),"Due date is not a date",IF(OR(G7="Overdue",G7="Superseded"),"Legacy state — owner review (use the shared five states)",IF(INDEX('Gate events'!$E$4:$E$553,MATCH(B7,'Gate events'!$A$4:$A$553,0))<>"Decision","Parent event is not a Decision",IF(AND(INDEX('Gate events'!$G$4:$G$553,MATCH(B7,'Gate events'!$A$4:$A$553,0))<>"Progress with condition",INDEX('Gate events'!$G$4:$G$553,MATCH(B7,'Gate events'!$A$4:$A$553,0))<>"Re-authorise",INDEX('Gate events'!$G$4:$G$553,MATCH(B7,'Gate events'!$A$4:$A$553,0))<>"Resume"),"Parent outcome is not Progress with condition / Re-authorise / Resume",IF(AND(ISNUMBER(INDEX('Gate events'!$F$4:$F$553,MATCH(B7,'Gate events'!$A$4:$A$553,0))),F7<INDEX('Gate events'!$F$4:$F$553,MATCH(B7,'Gate events'!$A$4:$A$553,0))),"Due date before parent event date",IF(AND(OR(G7="Closed-verified",G7="Waived",G7="Accepted-open"),OR(H7="",I7="")),"Closure evidence missing",IF(AND(H7<>"",NOT(ISNUMBER(H7))),"Closed / waived on is not a date",IF(AND(ISNUMBER(H7),ISNUMBER(INDEX('Gate events'!$F$4:$F$553,MATCH(B7,'Gate events'!$A$4:$A$553,0))),H7<INDEX('Gate events'!$F$4:$F$553,MATCH(B7,'Gate events'!$A$4:$A$553,0))),"Closure date before parent event date",IF(AND(G7="Closed-verified",M7=""),"Verifier / date missing",IF(AND(N7="Yes",G7="Closed-verified",O7=""),"Monitoring condition needs AIG-OPS-02 evidence ref",IF(AND(G7="Open",F7<TODAY()),"OVERDUE (derived) — review",IF(G7="Unknown","State Unknown: owner to confirm","Check against source")))))))))))))))))))
J8: =IF(COUNTA(A8:I8,K8:O8)=0,"",IF(OR(A8="",B8="",C8=""),"ID / parent missing",IF(COUNTIF($A$4:$A$553,A8)>1,"Duplicate condition ID",IF(COUNTIF('Gate events'!$A$4:$A$553,B8)=0,"Event ID not found",IF(INDEX('Gate events'!$B$4:$B$553,MATCH(B8,'Gate events'!$A$4:$A$553,0))<>C8,"AIR-ID differs from event",IF(IF(INDEX('Gate events'!$P$4:$P$553,MATCH(B8,'Gate events'!$A$4:$A$553,0))="UC-ID specific",IF(OR(L8<>"UC-ID specific",K8=""),"Condition UC-ID required",IF(ISNUMBER(SEARCH(","&SUBSTITUTE(K8," ","")&",",","&SUBSTITUTE(INDEX('Gate events'!$O$4:$O$553,MATCH(B8,'Gate events'!$A$4:$A$553,0))," ","")&",")),"","UC-ID differs from decision")),IF(INDEX('Gate events'!$P$4:$P$553,MATCH(B8,'Gate events'!$A$4:$A$553,0))="Shared system baseline",IF(OR(L8<>"Shared system baseline",K8<>""),"Condition scope differs from decision",""),"Parent decision scope missing"))<>"",IF(INDEX('Gate events'!$P$4:$P$553,MATCH(B8,'Gate events'!$A$4:$A$553,0))="UC-ID specific",IF(OR(L8<>"UC-ID specific",K8=""),"Condition UC-ID required",IF(ISNUMBER(SEARCH(","&SUBSTITUTE(K8," ","")&",",","&SUBSTITUTE(INDEX('Gate events'!$O$4:$O$553,MATCH(B8,'Gate events'!$A$4:$A$553,0))," ","")&",")),"","UC-ID differs from decision")),IF(INDEX('Gate events'!$P$4:$P$553,MATCH(B8,'Gate events'!$A$4:$A$553,0))="Shared system baseline",IF(OR(L8<>"Shared system baseline",K8<>""),"Condition scope differs from decision",""),"Parent decision scope missing")),IF(OR(D8="",E8="",F8="",G8=""),"Condition, owner, due date or state missing",IF(NOT(ISNUMBER(F8)),"Due date is not a date",IF(OR(G8="Overdue",G8="Superseded"),"Legacy state — owner review (use the shared five states)",IF(INDEX('Gate events'!$E$4:$E$553,MATCH(B8,'Gate events'!$A$4:$A$553,0))<>"Decision","Parent event is not a Decision",IF(AND(INDEX('Gate events'!$G$4:$G$553,MATCH(B8,'Gate events'!$A$4:$A$553,0))<>"Progress with condition",INDEX('Gate events'!$G$4:$G$553,MATCH(B8,'Gate events'!$A$4:$A$553,0))<>"Re-authorise",INDEX('Gate events'!$G$4:$G$553,MATCH(B8,'Gate events'!$A$4:$A$553,0))<>"Resume"),"Parent outcome is not Progress with condition / Re-authorise / Resume",IF(AND(ISNUMBER(INDEX('Gate events'!$F$4:$F$553,MATCH(B8,'Gate events'!$A$4:$A$553,0))),F8<INDEX('Gate events'!$F$4:$F$553,MATCH(B8,'Gate events'!$A$4:$A$553,0))),"Due date before parent event date",IF(AND(OR(G8="Closed-verified",G8="Waived",G8="Accepted-open"),OR(H8="",I8="")),"Closure evidence missing",IF(AND(H8<>"",NOT(ISNUMBER(H8))),"Closed / waived on is not a date",IF(AND(ISNUMBER(H8),ISNUMBER(INDEX('Gate events'!$F$4:$F$553,MATCH(B8,'Gate events'!$A$4:$A$553,0))),H8<INDEX('Gate events'!$F$4:$F$553,MATCH(B8,'Gate events'!$A$4:$A$553,0))),"Closure date before parent event date",IF(AND(G8="Closed-verified",M8=""),"Verifier / date missing",IF(AND(N8="Yes",G8="Closed-verified",O8=""),"Monitoring condition needs AIG-OPS-02 evidence ref",IF(AND(G8="Open",F8<TODAY()),"OVERDUE (derived) — review",IF(G8="Unknown","State Unknown: owner to confirm","Check against source")))))))))))))))))))
J9: =IF(COUNTA(A9:I9,K9:O9)=0,"",IF(OR(A9="",B9="",C9=""),"ID / parent missing",IF(COUNTIF($A$4:$A$553,A9)>1,"Duplicate condition ID",IF(COUNTIF('Gate events'!$A$4:$A$553,B9)=0,"Event ID not found",IF(INDEX('Gate events'!$B$4:$B$553,MATCH(B9,'Gate events'!$A$4:$A$553,0))<>C9,"AIR-ID differs from event",IF(IF(INDEX('Gate events'!$P$4:$P$553,MATCH(B9,'Gate events'!$A$4:$A$553,0))="UC-ID specific",IF(OR(L9<>"UC-ID specific",K9=""),"Condition UC-ID required",IF(ISNUMBER(SEARCH(","&SUBSTITUTE(K9," ","")&",",","&SUBSTITUTE(INDEX('Gate events'!$O$4:$O$553,MATCH(B9,'Gate events'!$A$4:$A$553,0))," ","")&",")),"","UC-ID differs from decision")),IF(INDEX('Gate events'!$P$4:$P$553,MATCH(B9,'Gate events'!$A$4:$A$553,0))="Shared system baseline",IF(OR(L9<>"Shared system baseline",K9<>""),"Condition scope differs from decision",""),"Parent decision scope missing"))<>"",IF(INDEX('Gate events'!$P$4:$P$553,MATCH(B9,'Gate events'!$A$4:$A$553,0))="UC-ID specific",IF(OR(L9<>"UC-ID specific",K9=""),"Condition UC-ID required",IF(ISNUMBER(SEARCH(","&SUBSTITUTE(K9," ","")&",",","&SUBSTITUTE(INDEX('Gate events'!$O$4:$O$553,MATCH(B9,'Gate events'!$A$4:$A$553,0))," ","")&",")),"","UC-ID differs from decision")),IF(INDEX('Gate events'!$P$4:$P$553,MATCH(B9,'Gate events'!$A$4:$A$553,0))="Shared system baseline",IF(OR(L9<>"Shared system baseline",K9<>""),"Condition scope differs from decision",""),"Parent decision scope missing")),IF(OR(D9="",E9="",F9="",G9=""),"Condition, owner, due date or state missing",IF(NOT(ISNUMBER(F9)),"Due date is not a date",IF(OR(G9="Overdue",G9="Superseded"),"Legacy state — owner review (use the shared five states)",IF(INDEX('Gate events'!$E$4:$E$553,MATCH(B9,'Gate events'!$A$4:$A$553,0))<>"Decision","Parent event is not a Decision",IF(AND(INDEX('Gate events'!$G$4:$G$553,MATCH(B9,'Gate events'!$A$4:$A$553,0))<>"Progress with condition",INDEX('Gate events'!$G$4:$G$553,MATCH(B9,'Gate events'!$A$4:$A$553,0))<>"Re-authorise",INDEX('Gate events'!$G$4:$G$553,MATCH(B9,'Gate events'!$A$4:$A$553,0))<>"Resume"),"Parent outcome is not Progress with condition / Re-authorise / Resume",IF(AND(ISNUMBER(INDEX('Gate events'!$F$4:$F$553,MATCH(B9,'Gate events'!$A$4:$A$553,0))),F9<INDEX('Gate events'!$F$4:$F$553,MATCH(B9,'Gate events'!$A$4:$A$553,0))),"Due date before parent event date",IF(AND(OR(G9="Closed-verified",G9="Waived",G9="Accepted-open"),OR(H9="",I9="")),"Closure evidence missing",IF(AND(H9<>"",NOT(ISNUMBER(H9))),"Closed / waived on is not a date",IF(AND(ISNUMBER(H9),ISNUMBER(INDEX('Gate events'!$F$4:$F$553,MATCH(B9,'Gate events'!$A$4:$A$553,0))),H9<INDEX('Gate events'!$F$4:$F$553,MATCH(B9,'Gate events'!$A$4:$A$553,0))),"Closure date before parent event date",IF(AND(G9="Closed-verified",M9=""),"Verifier / date missing",IF(AND(N9="Yes",G9="Closed-verified",O9=""),"Monitoring condition needs AIG-OPS-02 evidence ref",IF(AND(G9="Open",F9<TODAY()),"OVERDUE (derived) — review",IF(G9="Unknown","State Unknown: owner to confirm","Check against source")))))))))))))))))))
J10: =IF(COUNTA(A10:I10,K10:O10)=0,"",IF(OR(A10="",B10="",C10=""),"ID / parent missing",IF(COUNTIF($A$4:$A$553,A10)>1,"Duplicate condition ID",IF(COUNTIF('Gate events'!$A$4:$A$553,B10)=0,"Event ID not found",IF(INDEX('Gate events'!$B$4:$B$553,MATCH(B10,'Gate events'!$A$4:$A$553,0))<>C10,"AIR-ID differs from event",IF(IF(INDEX('Gate events'!$P$4:$P$553,MATCH(B10,'Gate events'!$A$4:$A$553,0))="UC-ID specific",IF(OR(L10<>"UC-ID specific",K10=""),"Condition UC-ID required",IF(ISNUMBER(SEARCH(","&SUBSTITUTE(K10," ","")&",",","&SUBSTITUTE(INDEX('Gate events'!$O$4:$O$553,MATCH(B10,'Gate events'!$A$4:$A$553,0))," ","")&",")),"","UC-ID differs from decision")),IF(INDEX('Gate events'!$P$4:$P$553,MATCH(B10,'Gate events'!$A$4:$A$553,0))="Shared system baseline",IF(OR(L10<>"Shared system baseline",K10<>""),"Condition scope differs from decision",""),"Parent decision scope missing"))<>"",IF(INDEX('Gate events'!$P$4:$P$553,MATCH(B10,'Gate events'!$A$4:$A$553,0))="UC-ID specific",IF(OR(L10<>"UC-ID specific",K10=""),"Condition UC-ID required",IF(ISNUMBER(SEARCH(","&SUBSTITUTE(K10," ","")&",",","&SUBSTITUTE(INDEX('Gate events'!$O$4:$O$553,MATCH(B10,'Gate events'!$A$4:$A$553,0))," ","")&",")),"","UC-ID differs from decision")),IF(INDEX('Gate events'!$P$4:$P$553,MATCH(B10,'Gate events'!$A$4:$A$553,0))="Shared system baseline",IF(OR(L10<>"Shared system baseline",K10<>""),"Condition scope differs from decision",""),"Parent decision scope missing")),IF(OR(D10="",E10="",F10="",G10=""),"Condition, owner, due date or state missing",IF(NOT(ISNUMBER(F10)),"Due date is not a date",IF(OR(G10="Overdue",G10="Superseded"),"Legacy state — owner review (use the shared five states)",IF(INDEX('Gate events'!$E$4:$E$553,MATCH(B10,'Gate events'!$A$4:$A$553,0))<>"Decision","Parent event is not a Decision",IF(AND(INDEX('Gate events'!$G$4:$G$553,MATCH(B10,'Gate events'!$A$4:$A$553,0))<>"Progress with condition",INDEX('Gate events'!$G$4:$G$553,MATCH(B10,'Gate events'!$A$4:$A$553,0))<>"Re-authorise",INDEX('Gate events'!$G$4:$G$553,MATCH(B10,'Gate events'!$A$4:$A$553,0))<>"Resume"),"Parent outcome is not Progress with condition / Re-authorise / Resume",IF(AND(ISNUMBER(INDEX('Gate events'!$F$4:$F$553,MATCH(B10,'Gate events'!$A$4:$A$553,0))),F10<INDEX('Gate events'!$F$4:$F$553,MATCH(B10,'Gate events'!$A$4:$A$553,0))),"Due date before parent event date",IF(AND(OR(G10="Closed-verified",G10="Waived",G10="Accepted-open"),OR(H10="",I10="")),"Closure evidence missing",IF(AND(H10<>"",NOT(ISNUMBER(H10))),"Closed / waived on is not a date",IF(AND(ISNUMBER(H10),ISNUMBER(INDEX('Gate events'!$F$4:$F$553,MATCH(B10,'Gate events'!$A$4:$A$553,0))),H10<INDEX('Gate events'!$F$4:$F$553,MATCH(B10,'Gate events'!$A$4:$A$553,0))),"Closure date before parent event date",IF(AND(G10="Closed-verified",M10=""),"Verifier / date missing",IF(AND(N10="Yes",G10="Closed-verified",O10=""),"Monitoring condition needs AIG-OPS-02 evidence ref",IF(AND(G10="Open",F10<TODAY()),"OVERDUE (derived) — review",IF(G10="Unknown","State Unknown: owner to confirm","Check against source")))))))))))))))))))
J11: =IF(COUNTA(A11:I11,K11:O11)=0,"",IF(OR(A11="",B11="",C11=""),"ID / parent missing",IF(COUNTIF($A$4:$A$553,A11)>1,"Duplicate condition ID",IF(COUNTIF('Gate events'!$A$4:$A$553,B11)=0,"Event ID not found",IF(INDEX('Gate events'!$B$4:$B$553,MATCH(B11,'Gate events'!$A$4:$A$553,0))<>C11,"AIR-ID differs from event",IF(IF(INDEX('Gate events'!$P$4:$P$553,MATCH(B11,'Gate events'!$A$4:$A$553,0))="UC-ID specific",IF(OR(L11<>"UC-ID specific",K11=""),"Condition UC-ID required",IF(ISNUMBER(SEARCH(","&SUBSTITUTE(K11," ","")&",",","&SUBSTITUTE(INDEX('Gate events'!$O$4:$O$553,MATCH(B11,'Gate events'!$A$4:$A$553,0))," ","")&",")),"","UC-ID differs from decision")),IF(INDEX('Gate events'!$P$4:$P$553,MATCH(B11,'Gate events'!$A$4:$A$553,0))="Shared system baseline",IF(OR(L11<>"Shared system baseline",K11<>""),"Condition scope differs from decision",""),"Parent decision scope missing"))<>"",IF(INDEX('Gate events'!$P$4:$P$553,MATCH(B11,'Gate events'!$A$4:$A$553,0))="UC-ID specific",IF(OR(L11<>"UC-ID specific",K11=""),"Condition UC-ID required",IF(ISNUMBER(SEARCH(","&SUBSTITUTE(K11," ","")&",",","&SUBSTITUTE(INDEX('Gate events'!$O$4:$O$553,MATCH(B11,'Gate events'!$A$4:$A$553,0))," ","")&",")),"","UC-ID differs from decision")),IF(INDEX('Gate events'!$P$4:$P$553,MATCH(B11,'Gate events'!$A$4:$A$553,0))="Shared system baseline",IF(OR(L11<>"Shared system baseline",K11<>""),"Condition scope differs from decision",""),"Parent decision scope missing")),IF(OR(D11="",E11="",F11="",G11=""),"Condition, owner, due date or state missing",IF(NOT(ISNUMBER(F11)),"Due date is not a date",IF(OR(G11="Overdue",G11="Superseded"),"Legacy state — owner review (use the shared five states)",IF(INDEX('Gate events'!$E$4:$E$553,MATCH(B11,'Gate events'!$A$4:$A$553,0))<>"Decision","Parent event is not a Decision",IF(AND(INDEX('Gate events'!$G$4:$G$553,MATCH(B11,'Gate events'!$A$4:$A$553,0))<>"Progress with condition",INDEX('Gate events'!$G$4:$G$553,MATCH(B11,'Gate events'!$A$4:$A$553,0))<>"Re-authorise",INDEX('Gate events'!$G$4:$G$553,MATCH(B11,'Gate events'!$A$4:$A$553,0))<>"Resume"),"Parent outcome is not Progress with condition / Re-authorise / Resume",IF(AND(ISNUMBER(INDEX('Gate events'!$F$4:$F$553,MATCH(B11,'Gate events'!$A$4:$A$553,0))),F11<INDEX('Gate events'!$F$4:$F$553,MATCH(B11,'Gate events'!$A$4:$A$553,0))),"Due date before parent event date",IF(AND(OR(G11="Closed-verified",G11="Waived",G11="Accepted-open"),OR(H11="",I11="")),"Closure evidence missing",IF(AND(H11<>"",NOT(ISNUMBER(H11))),"Closed / waived on is not a date",IF(AND(ISNUMBER(H11),ISNUMBER(INDEX('Gate events'!$F$4:$F$553,MATCH(B11,'Gate events'!$A$4:$A$553,0))),H11<INDEX('Gate events'!$F$4:$F$553,MATCH(B11,'Gate events'!$A$4:$A$553,0))),"Closure date before parent event date",IF(AND(G11="Closed-verified",M11=""),"Verifier / date missing",IF(AND(N11="Yes",G11="Closed-verified",O11=""),"Monitoring condition needs AIG-OPS-02 evidence ref",IF(AND(G11="Open",F11<TODAY()),"OVERDUE (derived) — review",IF(G11="Unknown","State Unknown: owner to confirm","Check against source")))))))))))))))))))
J12: =IF(COUNTA(A12:I12,K12:O12)=0,"",IF(OR(A12="",B12="",C12=""),"ID / parent missing",IF(COUNTIF($A$4:$A$553,A12)>1,"Duplicate condition ID",IF(COUNTIF('Gate events'!$A$4:$A$553,B12)=0,"Event ID not found",IF(INDEX('Gate events'!$B$4:$B$553,MATCH(B12,'Gate events'!$A$4:$A$553,0))<>C12,"AIR-ID differs from event",IF(IF(INDEX('Gate events'!$P$4:$P$553,MATCH(B12,'Gate events'!$A$4:$A$553,0))="UC-ID specific",IF(OR(L12<>"UC-ID specific",K12=""),"Condition UC-ID required",IF(ISNUMBER(SEARCH(","&SUBSTITUTE(K12," ","")&",",","&SUBSTITUTE(INDEX('Gate events'!$O$4:$O$553,MATCH(B12,'Gate events'!$A$4:$A$553,0))," ","")&",")),"","UC-ID differs from decision")),IF(INDEX('Gate events'!$P$4:$P$553,MATCH(B12,'Gate events'!$A$4:$A$553,0))="Shared system baseline",IF(OR(L12<>"Shared system baseline",K12<>""),"Condition scope differs from decision",""),"Parent decision scope missing"))<>"",IF(INDEX('Gate events'!$P$4:$P$553,MATCH(B12,'Gate events'!$A$4:$A$553,0))="UC-ID specific",IF(OR(L12<>"UC-ID specific",K12=""),"Condition UC-ID required",IF(ISNUMBER(SEARCH(","&SUBSTITUTE(K12," ","")&",",","&SUBSTITUTE(INDEX('Gate events'!$O$4:$O$553,MATCH(B12,'Gate events'!$A$4:$A$553,0))," ","")&",")),"","UC-ID differs from decision")),IF(INDEX('Gate events'!$P$4:$P$553,MATCH(B12,'Gate events'!$A$4:$A$553,0))="Shared system baseline",IF(OR(L12<>"Shared system baseline",K12<>""),"Condition scope differs from decision",""),"Parent decision scope missing")),IF(OR(D12="",E12="",F12="",G12=""),"Condition, owner, due date or state missing",IF(NOT(ISNUMBER(F12)),"Due date is not a date",IF(OR(G12="Overdue",G12="Superseded"),"Legacy state — owner review (use the shared five states)",IF(INDEX('Gate events'!$E$4:$E$553,MATCH(B12,'Gate events'!$A$4:$A$553,0))<>"Decision","Parent event is not a Decision",IF(AND(INDEX('Gate events'!$G$4:$G$553,MATCH(B12,'Gate events'!$A$4:$A$553,0))<>"Progress with condition",INDEX('Gate events'!$G$4:$G$553,MATCH(B12,'Gate events'!$A$4:$A$553,0))<>"Re-authorise",INDEX('Gate events'!$G$4:$G$553,MATCH(B12,'Gate events'!$A$4:$A$553,0))<>"Resume"),"Parent outcome is not Progress with condition / Re-authorise / Resume",IF(AND(ISNUMBER(INDEX('Gate events'!$F$4:$F$553,MATCH(B12,'Gate events'!$A$4:$A$553,0))),F12<INDEX('Gate events'!$F$4:$F$553,MATCH(B12,'Gate events'!$A$4:$A$553,0))),"Due date before parent event date",IF(AND(OR(G12="Closed-verified",G12="Waived",G12="Accepted-open"),OR(H12="",I12="")),"Closure evidence missing",IF(AND(H12<>"",NOT(ISNUMBER(H12))),"Closed / waived on is not a date",IF(AND(ISNUMBER(H12),ISNUMBER(INDEX('Gate events'!$F$4:$F$553,MATCH(B12,'Gate events'!$A$4:$A$553,0))),H12<INDEX('Gate events'!$F$4:$F$553,MATCH(B12,'Gate events'!$A$4:$A$553,0))),"Closure date before parent event date",IF(AND(G12="Closed-verified",M12=""),"Verifier / date missing",IF(AND(N12="Yes",G12="Closed-verified",O12=""),"Monitoring condition needs AIG-OPS-02 evidence ref",IF(AND(G12="Open",F12<TODAY()),"OVERDUE (derived) — review",IF(G12="Unknown","State Unknown: owner to confirm","Check against source")))))))))))))))))))
J13: =IF(COUNTA(A13:I13,K13:O13)=0,"",IF(OR(A13="",B13="",C13=""),"ID / parent missing",IF(COUNTIF($A$4:$A$553,A13)>1,"Duplicate condition ID",IF(COUNTIF('Gate events'!$A$4:$A$553,B13)=0,"Event ID not found",IF(INDEX('Gate events'!$B$4:$B$553,MATCH(B13,'Gate events'!$A$4:$A$553,0))<>C13,"AIR-ID differs from event",IF(IF(INDEX('Gate events'!$P$4:$P$553,MATCH(B13,'Gate events'!$A$4:$A$553,0))="UC-ID specific",IF(OR(L13<>"UC-ID specific",K13=""),"Condition UC-ID required",IF(ISNUMBER(SEARCH(","&SUBSTITUTE(K13," ","")&",",","&SUBSTITUTE(INDEX('Gate events'!$O$4:$O$553,MATCH(B13,'Gate events'!$A$4:$A$553,0))," ","")&",")),"","UC-ID differs from decision")),IF(INDEX('Gate events'!$P$4:$P$553,MATCH(B13,'Gate events'!$A$4:$A$553,0))="Shared system baseline",IF(OR(L13<>"Shared system baseline",K13<>""),"Condition scope differs from decision",""),"Parent decision scope missing"))<>"",IF(INDEX('Gate events'!$P$4:$P$553,MATCH(B13,'Gate events'!$A$4:$A$553,0))="UC-ID specific",IF(OR(L13<>"UC-ID specific",K13=""),"Condition UC-ID required",IF(ISNUMBER(SEARCH(","&SUBSTITUTE(K13," ","")&",",","&SUBSTITUTE(INDEX('Gate events'!$O$4:$O$553,MATCH(B13,'Gate events'!$A$4:$A$553,0))," ","")&",")),"","UC-ID differs from decision")),IF(INDEX('Gate events'!$P$4:$P$553,MATCH(B13,'Gate events'!$A$4:$A$553,0))="Shared system baseline",IF(OR(L13<>"Shared system baseline",K13<>""),"Condition scope differs from decision",""),"Parent decision scope missing")),IF(OR(D13="",E13="",F13="",G13=""),"Condition, owner, due date or state missing",IF(NOT(ISNUMBER(F13)),"Due date is not a date",IF(OR(G13="Overdue",G13="Superseded"),"Legacy state — owner review (use the shared five states)",IF(INDEX('Gate events'!$E$4:$E$553,MATCH(B13,'Gate events'!$A$4:$A$553,0))<>"Decision","Parent event is not a Decision",IF(AND(INDEX('Gate events'!$G$4:$G$553,MATCH(B13,'Gate events'!$A$4:$A$553,0))<>"Progress with condition",INDEX('Gate events'!$G$4:$G$553,MATCH(B13,'Gate events'!$A$4:$A$553,0))<>"Re-authorise",INDEX('Gate events'!$G$4:$G$553,MATCH(B13,'Gate events'!$A$4:$A$553,0))<>"Resume"),"Parent outcome is not Progress with condition / Re-authorise / Resume",IF(AND(ISNUMBER(INDEX('Gate events'!$F$4:$F$553,MATCH(B13,'Gate events'!$A$4:$A$553,0))),F13<INDEX('Gate events'!$F$4:$F$553,MATCH(B13,'Gate events'!$A$4:$A$553,0))),"Due date before parent event date",IF(AND(OR(G13="Closed-verified",G13="Waived",G13="Accepted-open"),OR(H13="",I13="")),"Closure evidence missing",IF(AND(H13<>"",NOT(ISNUMBER(H13))),"Closed / waived on is not a date",IF(AND(ISNUMBER(H13),ISNUMBER(INDEX('Gate events'!$F$4:$F$553,MATCH(B13,'Gate events'!$A$4:$A$553,0))),H13<INDEX('Gate events'!$F$4:$F$553,MATCH(B13,'Gate events'!$A$4:$A$553,0))),"Closure date before parent event date",IF(AND(G13="Closed-verified",M13=""),"Verifier / date missing",IF(AND(N13="Yes",G13="Closed-verified",O13=""),"Monitoring condition needs AIG-OPS-02 evidence ref",IF(AND(G13="Open",F13<TODAY()),"OVERDUE (derived) — review",IF(G13="Unknown","State Unknown: owner to confirm","Check against source")))))))))))))))))))
J14: =IF(COUNTA(A14:I14,K14:O14)=0,"",IF(OR(A14="",B14="",C14=""),"ID / parent missing",IF(COUNTIF($A$4:$A$553,A14)>1,"Duplicate condition ID",IF(COUNTIF('Gate events'!$A$4:$A$553,B14)=0,"Event ID not found",IF(INDEX('Gate events'!$B$4:$B$553,MATCH(B14,'Gate events'!$A$4:$A$553,0))<>C14,"AIR-ID differs from event",IF(IF(INDEX('Gate events'!$P$4:$P$553,MATCH(B14,'Gate events'!$A$4:$A$553,0))="UC-ID specific",IF(OR(L14<>"UC-ID specific",K14=""),"Condition UC-ID required",IF(ISNUMBER(SEARCH(","&SUBSTITUTE(K14," ","")&",",","&SUBSTITUTE(INDEX('Gate events'!$O$4:$O$553,MATCH(B14,'Gate events'!$A$4:$A$553,0))," ","")&",")),"","UC-ID differs from decision")),IF(INDEX('Gate events'!$P$4:$P$553,MATCH(B14,'Gate events'!$A$4:$A$553,0))="Shared system baseline",IF(OR(L14<>"Shared system baseline",K14<>""),"Condition scope differs from decision",""),"Parent decision scope missing"))<>"",IF(INDEX('Gate events'!$P$4:$P$553,MATCH(B14,'Gate events'!$A$4:$A$553,0))="UC-ID specific",IF(OR(L14<>"UC-ID specific",K14=""),"Condition UC-ID required",IF(ISNUMBER(SEARCH(","&SUBSTITUTE(K14," ","")&",",","&SUBSTITUTE(INDEX('Gate events'!$O$4:$O$553,MATCH(B14,'Gate events'!$A$4:$A$553,0))," ","")&",")),"","UC-ID differs from decision")),IF(INDEX('Gate events'!$P$4:$P$553,MATCH(B14,'Gate events'!$A$4:$A$553,0))="Shared system baseline",IF(OR(L14<>"Shared system baseline",K14<>""),"Condition scope differs from decision",""),"Parent decision scope missing")),IF(OR(D14="",E14="",F14="",G14=""),"Condition, owner, due date or state missing",IF(NOT(ISNUMBER(F14)),"Due date is not a date",IF(OR(G14="Overdue",G14="Superseded"),"Legacy state — owner review (use the shared five states)",IF(INDEX('Gate events'!$E$4:$E$553,MATCH(B14,'Gate events'!$A$4:$A$553,0))<>"Decision","Parent event is not a Decision",IF(AND(INDEX('Gate events'!$G$4:$G$553,MATCH(B14,'Gate events'!$A$4:$A$553,0))<>"Progress with condition",INDEX('Gate events'!$G$4:$G$553,MATCH(B14,'Gate events'!$A$4:$A$553,0))<>"Re-authorise",INDEX('Gate events'!$G$4:$G$553,MATCH(B14,'Gate events'!$A$4:$A$553,0))<>"Resume"),"Parent outcome is not Progress with condition / Re-authorise / Resume",IF(AND(ISNUMBER(INDEX('Gate events'!$F$4:$F$553,MATCH(B14,'Gate events'!$A$4:$A$553,0))),F14<INDEX('Gate events'!$F$4:$F$553,MATCH(B14,'Gate events'!$A$4:$A$553,0))),"Due date before parent event date",IF(AND(OR(G14="Closed-verified",G14="Waived",G14="Accepted-open"),OR(H14="",I14="")),"Closure evidence missing",IF(AND(H14<>"",NOT(ISNUMBER(H14))),"Closed / waived on is not a date",IF(AND(ISNUMBER(H14),ISNUMBER(INDEX('Gate events'!$F$4:$F$553,MATCH(B14,'Gate events'!$A$4:$A$553,0))),H14<INDEX('Gate events'!$F$4:$F$553,MATCH(B14,'Gate events'!$A$4:$A$553,0))),"Closure date before parent event date",IF(AND(G14="Closed-verified",M14=""),"Verifier / date missing",IF(AND(N14="Yes",G14="Closed-verified",O14=""),"Monitoring condition needs AIG-OPS-02 evidence ref",IF(AND(G14="Open",F14<TODAY()),"OVERDUE (derived) — review",IF(G14="Unknown","State Unknown: owner to confirm","Check against source")))))))))))))))))))
J15: =IF(COUNTA(A15:I15,K15:O15)=0,"",IF(OR(A15="",B15="",C15=""),"ID / parent missing",IF(COUNTIF($A$4:$A$553,A15)>1,"Duplicate condition ID",IF(COUNTIF('Gate events'!$A$4:$A$553,B15)=0,"Event ID not found",IF(INDEX('Gate events'!$B$4:$B$553,MATCH(B15,'Gate events'!$A$4:$A$553,0))<>C15,"AIR-ID differs from event",IF(IF(INDEX('Gate events'!$P$4:$P$553,MATCH(B15,'Gate events'!$A$4:$A$553,0))="UC-ID specific",IF(OR(L15<>"UC-ID specific",K15=""),"Condition UC-ID required",IF(ISNUMBER(SEARCH(","&SUBSTITUTE(K15," ","")&",",","&SUBSTITUTE(INDEX('Gate events'!$O$4:$O$553,MATCH(B15,'Gate events'!$A$4:$A$553,0))," ","")&",")),"","UC-ID differs from decision")),IF(INDEX('Gate events'!$P$4:$P$553,MATCH(B15,'Gate events'!$A$4:$A$553,0))="Shared system baseline",IF(OR(L15<>"Shared system baseline",K15<>""),"Condition scope differs from decision",""),"Parent decision scope missing"))<>"",IF(INDEX('Gate events'!$P$4:$P$553,MATCH(B15,'Gate events'!$A$4:$A$553,0))="UC-ID specific",IF(OR(L15<>"UC-ID specific",K15=""),"Condition UC-ID required",IF(ISNUMBER(SEARCH(","&SUBSTITUTE(K15," ","")&",",","&SUBSTITUTE(INDEX('Gate events'!$O$4:$O$553,MATCH(B15,'Gate events'!$A$4:$A$553,0))," ","")&",")),"","UC-ID differs from decision")),IF(INDEX('Gate events'!$P$4:$P$553,MATCH(B15,'Gate events'!$A$4:$A$553,0))="Shared system baseline",IF(OR(L15<>"Shared system baseline",K15<>""),"Condition scope differs from decision",""),"Parent decision scope missing")),IF(OR(D15="",E15="",F15="",G15=""),"Condition, owner, due date or state missing",IF(NOT(ISNUMBER(F15)),"Due date is not a date",IF(OR(G15="Overdue",G15="Superseded"),"Legacy state — owner review (use the shared five states)",IF(INDEX('Gate events'!$E$4:$E$553,MATCH(B15,'Gate events'!$A$4:$A$553,0))<>"Decision","Parent event is not a Decision",IF(AND(INDEX('Gate events'!$G$4:$G$553,MATCH(B15,'Gate events'!$A$4:$A$553,0))<>"Progress with condition",INDEX('Gate events'!$G$4:$G$553,MATCH(B15,'Gate events'!$A$4:$A$553,0))<>"Re-authorise",INDEX('Gate events'!$G$4:$G$553,MATCH(B15,'Gate events'!$A$4:$A$553,0))<>"Resume"),"Parent outcome is not Progress with condition / Re-authorise / Resume",IF(AND(ISNUMBER(INDEX('Gate events'!$F$4:$F$553,MATCH(B15,'Gate events'!$A$4:$A$553,0))),F15<INDEX('Gate events'!$F$4:$F$553,MATCH(B15,'Gate events'!$A$4:$A$553,0))),"Due date before parent event date",IF(AND(OR(G15="Closed-verified",G15="Waived",G15="Accepted-open"),OR(H15="",I15="")),"Closure evidence missing",IF(AND(H15<>"",NOT(ISNUMBER(H15))),"Closed / waived on is not a date",IF(AND(ISNUMBER(H15),ISNUMBER(INDEX('Gate events'!$F$4:$F$553,MATCH(B15,'Gate events'!$A$4:$A$553,0))),H15<INDEX('Gate events'!$F$4:$F$553,MATCH(B15,'Gate events'!$A$4:$A$553,0))),"Closure date before parent event date",IF(AND(G15="Closed-verified",M15=""),"Verifier / date missing",IF(AND(N15="Yes",G15="Closed-verified",O15=""),"Monitoring condition needs AIG-OPS-02 evidence ref",IF(AND(G15="Open",F15<TODAY()),"OVERDUE (derived) — review",IF(G15="Unknown","State Unknown: owner to confirm","Check against source")))))))))))))))))))
... J553: =IF(COUNTA(A553:I553,K553:O553)=0,"",IF(OR(A553="",B553="",C553=""),"ID / parent missing",IF(COUNTIF($A$4:$A$553,A553)>1,"Duplicate condition ID",IF(COUNTIF('Gate events'!$A$4:$A$553,B553)=0,"Event ID not found",IF(INDEX('Gate events'!$B$4:$B$553,MATCH(B553,'Gate events'!$A$4:$A$553,0))<>C553,"AIR-ID differs from event",IF(IF(INDEX('Gate events'!$P$4:$P$553,MATCH(B553,'Gate events'!$A$4:$A$553,0))="UC-ID specific",IF(OR(L553<>"UC-ID specific",K553=""),"Condition UC-ID required",IF(ISNUMBER(SEARCH(","&SUBSTITUTE(K553," ","")&",",","&SUBSTITUTE(INDEX('Gate events'!$O$4:$O$553,MATCH(B553,'Gate events'!$A$4:$A$553,0))," ","")&",")),"","UC-ID differs from decision")),IF(INDEX('Gate events'!$P$4:$P$553,MATCH(B553,'Gate events'!$A$4:$A$553,0))="Shared system baseline",IF(OR(L553<>"Shared system baseline",K553<>""),"Condition scope differs from decision",""),"Parent decision scope missing"))<>"",IF(INDEX('Gate events'!$P$4:$P$553,MATCH(B553,'Gate events'!$A$4:$A$553,0))="UC-ID specific",IF(OR(L553<>"UC-ID specific",K553=""),"Condition UC-ID required",IF(ISNUMBER(SEARCH(","&SUBSTITUTE(K553," ","")&",",","&SUBSTITUTE(INDEX('Gate events'!$O$4:$O$553,MATCH(B553,'Gate events'!$A$4:$A$553,0))," ","")&",")),"","UC-ID differs from decision")),IF(INDEX('Gate events'!$P$4:$P$553,MATCH(B553,'Gate events'!$A$4:$A$553,0))="Shared system baseline",IF(OR(L553<>"Shared system baseline",K553<>""),"Condition scope differs from decision",""),"Parent decision scope missing")),IF(OR(D553="",E553="",F553="",G553=""),"Condition, owner, due date or state missing",IF(NOT(ISNUMBER(F553)),"Due date is not a date",IF(OR(G553="Overdue",G553="Superseded"),"Legacy state — owner review (use the shared five states)",IF(INDEX('Gate events'!$E$4:$E$553,MATCH(B553,'Gate events'!$A$4:$A$553,0))<>"Decision","Parent event is not a Decision",IF(AND(INDEX('Gate events'!$G$4:$G$553,MATCH(B553,'Gate events'!$A$4:$A$553,0))<>"Progress with condition",INDEX('Gate events'!$G$4:$G$553,MATCH(B553,'Gate events'!$A$4:$A$553,0))<>"Re-authorise",INDEX('Gate events'!$G$4:$G$553,MATCH(B553,'Gate events'!$A$4:$A$553,0))<>"Resume"),"Parent outcome is not Progress with condition / Re-authorise / Resume",IF(AND(ISNUMBER(INDEX('Gate events'!$F$4:$F$553,MATCH(B553,'Gate events'!$A$4:$A$553,0))),F553<INDEX('Gate events'!$F$4:$F$553,MATCH(B553,'Gate events'!$A$4:$A$553,0))),"Due date before parent event date",IF(AND(OR(G553="Closed-verified",G553="Waived",G553="Accepted-open"),OR(H553="",I553="")),"Closure evidence missing",IF(AND(H553<>"",NOT(ISNUMBER(H553))),"Closed / waived on is not a date",IF(AND(ISNUMBER(H553),ISNUMBER(INDEX('Gate events'!$F$4:$F$553,MATCH(B553,'Gate events'!$A$4:$A$553,0))),H553<INDEX('Gate events'!$F$4:$F$553,MATCH(B553,'Gate events'!$A$4:$A$553,0))),"Closure date before parent event date",IF(AND(G553="Closed-verified",M553=""),"Verifier / date missing",IF(AND(N553="Yes",G553="Closed-verified",O553=""),"Monitoring condition needs AIG-OPS-02 evidence ref",IF(AND(G553="Open",F553<TODAY()),"OVERDUE (derived) — review",IF(G553="Unknown","State Unknown: owner to confirm","Check against source")))))))))))))))))))

Sheet Lists
A1: AIG-DEC-04 / CONTROLLED LISTS AND OUTCOME MAPPING
A2: Controlled values used by the validations. Gate names follow the AIG-DEC-01 Gate Map (forum names configurable locally). The mapping shows how each gate outcome corresponds to the AIG-DEC-03 decision outcome used in AIG-INV-04 and the UC-ID current view.
A4: Gate (AIG-DEC-01) | B4: Lifecycle stage (Playbook §3.6) | D4: Gate event Outcome (AIG-DEC-04) | E4: AIG-DEC-03 outcome for the UC-ID | F4: Allowed Event type
A5: Gate 0 Intake / opportunity | B5: Idea and Innovation | D5: Progress | E5: Approved | F5: Decision
A6: Gate 1 Strategic prioritisation | B6: Registration and Intake | D6: Progress with condition | E6: Approved with conditions (≥1 Conditions row) | F6: Decision
A7: Gate 2 Technical design review | B7: Risk Assessment and Review | D7: Return for evidence | E7: Deferred | F7: Decision
A8: Gate 3 Case for change / strategic alignment | B8: Approval and Assurance | D8: Pause | E8: Deferred (before go-live) / Suspended (in operation) | F8: Decision
A9: Gate 4 Procurement | B9: Deployment and Operation | D9: Stop | E9: Rejected | F9: Decision
A10: Gate 5 Ethics assessment | B10: Monitoring and Review | D10: Suspend | E10: Suspended | F10: Decision
A11: Gate 6 Deployment / go-live | B11: Retirement and Decommissioning | D11: Decommission | E11: Retired | F11: Decision
A12: Gate 7 Operate, monitor, review & change | D12: Re-authorise | E12: Approved or Approved with conditions (after reassessment) | F12: Decision
A13: Gate 8 Retirement / closure | D13: Opinion only | E13: None — assurance input, not a decision (Pending) | F13: Assurance opinion / Review only
A14: Other forum (name it in Decision-maker / role) | D14: No decision (or blank) | E14: None (Pending) | F14: Review only / Priority override / Intake / registration
D15: Paused — pending decision | E15: None: containment, not a decision (the UC-ID keeps its recorded AIG-DEC-03 outcome until the follow-up decision; Playbook §4.7.17) | F15: Precautionary pause (containment)
D16: Resume | E16: Approved or Approved with conditions: the approval in force before the precautionary pause carries over (new conditions go on Conditions rows); only in the event straight after the pause for the same AIR-ID and UC-ID | F16: Decision
D17: Condition state (AIG-DEC-04) | E17: AIG-DEC-03 condition state (shared list) | F17: UC-ID current view condition state
D18: Open | E18: Open | F18: Open
D19: Closed-verified | E19: Closed-verified | F19: Closed-verified
D20: Accepted-open | E20: Accepted-open | F20: Accepted-open
D21: Waived | E21: Waived | F21: Waived
D22: Unknown | E22: Unknown | F22: Unknown
D23: Superseded (not a state) | E23: Not a state: close the old condition as Waived, citing the replacing Condition ID and the authority in the evidence / waiver ref | F23: Waived
D24: Overdue (not a state) | E24: Derived from Open + due date before today; never typed | F24: Open (overdue shown by the check)

Sheet Document Control
A1: AIG-DEC-04 — Document Control
A2: Controlled working template. Draft for Council review; not Council-adopted and not effective until formally approved.
A4: Field | B4: Controlled value
A5: Document ID | B5: AIG-DEC-04
A6: Artefact | B6: AI Governance Gate Log (proposed separate design)
A7: Version | B7: 1.3 draft
A8: Status | B8: Draft for Council review
A9: Document owner | B9: AI Governance Lead
A10: Approving body | B10: Competent Council authority under Constitution and Scheme of Delegation; AI Assurance Board provides assurance where applicable
A11: Approval date | B11: Not yet approved
A12: Effective date | B12: Not yet effective
A13: Next review date | B13: To be set on approval: 12 months after effective date or sooner following material change
A14: Classification | B14: OFFICIAL
A16: Change history
A17: Version | B17: Date | C17: Change | D17: Author / owner
A18: 1.0 draft | B18: 29 September 2026 | C18: First controlled version with document control. QA remediation — applied findings QA-095, QA-155, QA-189, QA-216, QA-224, QA-231, QA-232, QA-233, QA-234, QA-238, QA-251, QA-265, QA-266, QA-272, QA-291 (see QA change log). | D18: AI Governance Lead
A19: 1.1 draft | B19: 30 September 2026 | C19: v3.9.2: Gate plan duplicate check now keys on AIR-ID + UC-ID scope + gate, so several uses of one system no longer raise false duplicates; a system-level row with a blank UC-ID counts separately (scenario finding W-02). Gate events: new Event type “Precautionary pause (containment)” with Outcome “Paused — pending decision”, no AIG-DEC-03 ref required, and new columns V (AIG-OPS-03 incident ref) and W (follow-up decision due date) checked by the Row check; Lists row 15 maps it to no AIG-DEC-03 outcome (containment, not a decision) (W-06). Proposed — for Council confirmation. See QA change log. | D19: AI Governance Lead
A20: 1.2 draft | B20: 3 October 2026 | C20: v3.9.7: Row checks tightened so incomplete rows no longer show “Check against source”. Gate plan: Requirement and Plan state must be filled. Gate events: a linked Plan ID must match the event’s gate and (where the plan names one) its UC-ID; an Assurance opinion event needs its assurance ref; Opinion only and No decision are accepted only on the event types the Lists mapping allows; one UC-ID per row is also checked for spaces and slashes; a precautionary pause follow-up date cannot be before the pause. Conditions: state Unknown is flagged for the owner to confirm. No gate, list or column changes. Proposed, for Council confirmation. | D20: AI Governance Lead
A21: 1.3 draft | B21: 3 October 2026 | C21: v3.9.8: Gate events gains column X “Screening considered by the decision-maker (Yes / No)”. The row check flags a Decision with outcome Progress, Progress with condition or Re-authorise unless X is Yes, matching the AIG-DEC-03 screening line. New Outcome “Resume” (Lists row 16): a Decision that lifts a precautionary pause with the approval unchanged; the row check accepts it only when the last earlier row for the same AIR-ID and UC-ID is the pause, and it needs X = Yes like other go-ahead outcomes. Conditions may hang off a Resume decision. The condition-state block on Lists moves down one row. The row-check columns (Gate plan M; Gate events N and Q; Conditions J) are locked with sheet protection and no password, so they cannot be typed or pasted over; every input column stays editable and any filter buttons still work; to sort, unprotect the sheet and protect it again afterwards. Proposed, for Council confirmation. | D21: AI Governance Lead
