Workbook

Sheet START HERE
A1: AIG-INV-05 | CAPABILITIES + SYSTEM MAP
A3: Status | B3: Draft for Council review. AIG-INV-05 is the controlled-artefact ID assigned in this proposed suite. This remains an empty draft, not approved, effective or operational. Proposed control designation does not itself confer adoption or approval.
A4: Version | B4: v0.3 proposed design draft (see Document Control); formal version control begins only if adopted.
A5: Owner / custodian | B5: To be confirmed by the competent authority; proposed day-to-day custodianship is shared between the Governance function and authorised service/architecture data owners.
A6: Approving authority | B6: Not yet confirmed. Competent delegated Council authority and publication route must be verified; Governance Lead custody or assurance oversight is not approval.
A7: Approval / effective date | B7: Not approved; no effective date.
A8: Access and retention | B8: Proposed controlled access, confidentiality classification, retention period and disposal route remain to be confirmed before any real system or component records are entered.
A9: Change control | B9: Proposed changes require a dated change record, reason, owner validation, version update and delegated approval where the schema or control rules change. Design changes are recorded on the Document Control sheet; no live data change history is included.
A10: Question it answers | B10: Which outcome-led use cases need which atomic capabilities; which governed AI systems provide them; and which model, data, interface, agent and tool references those systems depend on.
A11: Workflow route | B11: 1. Discover and complete Intake (AIG-INV-03). 2. Governance issues/reconciles the stable AIR-ID in the Register (AIG-INV-04). 3. Complete risk triage and triggered assessments. 4. Record gate plans/events/conditions in AIG-DEC-04; the delegated Council forum decides and records its decision in AIG-DEC-03 or approved minutes. 5. Operate under AIG-OPS-01 and monitor through AIG-OPS-02.
A12: ID rule | B12: AIG-… IDs label suite documents; AIR-ID identifies one governed system and remains stable when documents change. AIG-INV-05 is the controlled-artefact slot in this proposed edition, but its map is descriptive only—not an approval, access grant or decision source.
A13: Read in order | B13: For map work, start with Use cases and Capabilities; enter only AIR-IDs reconciled to AIG-INV-04; record sourced component pointers in Components; link them in Relationships; review the derived System map; track uncertainty in Gaps and actions and changes in Map changes; use Dependency concentration for the whole-portfolio view of shared components and suppliers.
A14: No second Register | B14: AIG-INV-04 remains the authoritative record of AIR-ID, purpose, Service Owner and current status. System map includes only a manually reconciled label/pointer and confirmed relationship counts, not another approval status.
... A21: Dependency concentration | B21: Proposed — for Council confirmation. Whole-portfolio view (Playbook §4.5.8; AIG-AIMS-10 M-16): distinct AIR-IDs relying on each component (confirmed, QA-clean links only) and on each supplier from the controlled AIG-INV-04 extract, with share and a flag against a threshold the Council sets (blank = no flag). Zero is not absence; AIG-INV-04 does not change.

Sheet System map
A1: SYSTEM MAP / CONFIRMED COVERAGE
A2: Enter only official AIR-IDs issued through AIG-INV-04. Labels are a dated snapshot; counts use confirmed, QA-clean links only. Zero means not mapped or unconfirmed, not absent.
A3: AIR-ID (from AIG-INV-04) | B3: System label (AIG-INV-04 snapshot) | C3: AIG-INV-04 source / version | D3: AIG-INV-04 reconciled on | E3: Capabilities | F3: Models | G3: Data assets | H3: Interfaces | I3: Agents | J3: Tools | K3: Proposed links | L3: Links needing review | M3: Review state | N3: Review notes / N-A rationale | O3: Row check
E4: =IF(A4="","",COUNTIFS(Relationships!$B$4:$B$1003,"CAP",Relationships!$E$4:$E$1003,"AIR",Relationships!$F$4:$F$1003,A4,Relationships!$M$4:$M$1003,"Confirmed",Relationships!$N$4:$N$1003,"OK — verify source")) | F4: =IF(A4="","",COUNTIFS(Relationships!$B$4:$B$1003,"AIR",Relationships!$C$4:$C$1003,A4,Relationships!$E$4:$E$1003,"MOD",Relationships!$M$4:$M$1003,"Confirmed",Relationships!$N$4:$N$1003,"OK — verify source")) | G4: =IF(A4="","",COUNTIFS(Relationships!$B$4:$B$1003,"AIR",Relationships!$C$4:$C$1003,A4,Relationships!$E$4:$E$1003,"DATA",Relationships!$M$4:$M$1003,"Confirmed",Relationships!$N$4:$N$1003,"OK — verify source")) | H4: =IF(A4="","",COUNTIFS(Relationships!$B$4:$B$1003,"AIR",Relationships!$C$4:$C$1003,A4,Relationships!$E$4:$E$1003,"IF",Relationships!$M$4:$M$1003,"Confirmed",Relationships!$N$4:$N$1003,"OK — verify source")) | I4: =IF(A4="","",COUNTIFS(Relationships!$B$4:$B$1003,"AIR",Relationships!$C$4:$C$1003,A4,Relationships!$E$4:$E$1003,"AG",Relationships!$M$4:$M$1003,"Confirmed",Relationships!$N$4:$N$1003,"OK — verify source")) | J4: =IF(A4="","",COUNTIFS(Relationships!$B$4:$B$1003,"AIR",Relationships!$C$4:$C$1003,A4,Relationships!$E$4:$E$1003,"TOOL",Relationships!$M$4:$M$1003,"Confirmed",Relationships!$N$4:$N$1003,"OK — verify source")) | K4: =IF(A4="","",COUNTIFS(Relationships!$G$4:$G$1003,A4,Relationships!$M$4:$M$1003,"Proposed")) | L4: =IF(A4="","",COUNTIFS(Relationships!$G$4:$G$1003,A4,Relationships!$A$4:$A$1003,"<>",Relationships!$N$4:$N$1003,"<>OK — verify source")) | O4: =IF(COUNTA(A4:D4,M4:N4)=0,"",IF(A4="","AIR-ID missing",IF(COUNTIF($A$4:$A$203,A4)>1,"Duplicate AIR-ID",IF(OR(B4="",C4="",D4=""),"Label / source / reconciled-on missing",IF(NOT(ISNUMBER(D4)),"Reconciled-on is not a date","OK — verify source")))))
E5: =IF(A5="","",COUNTIFS(Relationships!$B$4:$B$1003,"CAP",Relationships!$E$4:$E$1003,"AIR",Relationships!$F$4:$F$1003,A5,Relationships!$M$4:$M$1003,"Confirmed",Relationships!$N$4:$N$1003,"OK — verify source")) | F5: =IF(A5="","",COUNTIFS(Relationships!$B$4:$B$1003,"AIR",Relationships!$C$4:$C$1003,A5,Relationships!$E$4:$E$1003,"MOD",Relationships!$M$4:$M$1003,"Confirmed",Relationships!$N$4:$N$1003,"OK — verify source")) | G5: =IF(A5="","",COUNTIFS(Relationships!$B$4:$B$1003,"AIR",Relationships!$C$4:$C$1003,A5,Relationships!$E$4:$E$1003,"DATA",Relationships!$M$4:$M$1003,"Confirmed",Relationships!$N$4:$N$1003,"OK — verify source")) | H5: =IF(A5="","",COUNTIFS(Relationships!$B$4:$B$1003,"AIR",Relationships!$C$4:$C$1003,A5,Relationships!$E$4:$E$1003,"IF",Relationships!$M$4:$M$1003,"Confirmed",Relationships!$N$4:$N$1003,"OK — verify source")) | I5: =IF(A5="","",COUNTIFS(Relationships!$B$4:$B$1003,"AIR",Relationships!$C$4:$C$1003,A5,Relationships!$E$4:$E$1003,"AG",Relationships!$M$4:$M$1003,"Confirmed",Relationships!$N$4:$N$1003,"OK — verify source")) | J5: =IF(A5="","",COUNTIFS(Relationships!$B$4:$B$1003,"AIR",Relationships!$C$4:$C$1003,A5,Relationships!$E$4:$E$1003,"TOOL",Relationships!$M$4:$M$1003,"Confirmed",Relationships!$N$4:$N$1003,"OK — verify source")) | K5: =IF(A5="","",COUNTIFS(Relationships!$G$4:$G$1003,A5,Relationships!$M$4:$M$1003,"Proposed")) | L5: =IF(A5="","",COUNTIFS(Relationships!$G$4:$G$1003,A5,Relationships!$A$4:$A$1003,"<>",Relationships!$N$4:$N$1003,"<>OK — verify source")) | O5: =IF(COUNTA(A5:D5,M5:N5)=0,"",IF(A5="","AIR-ID missing",IF(COUNTIF($A$4:$A$203,A5)>1,"Duplicate AIR-ID",IF(OR(B5="",C5="",D5=""),"Label / source / reconciled-on missing",IF(NOT(ISNUMBER(D5)),"Reconciled-on is not a date","OK — verify source")))))
E6: =IF(A6="","",COUNTIFS(Relationships!$B$4:$B$1003,"CAP",Relationships!$E$4:$E$1003,"AIR",Relationships!$F$4:$F$1003,A6,Relationships!$M$4:$M$1003,"Confirmed",Relationships!$N$4:$N$1003,"OK — verify source")) | F6: =IF(A6="","",COUNTIFS(Relationships!$B$4:$B$1003,"AIR",Relationships!$C$4:$C$1003,A6,Relationships!$E$4:$E$1003,"MOD",Relationships!$M$4:$M$1003,"Confirmed",Relationships!$N$4:$N$1003,"OK — verify source")) | G6: =IF(A6="","",COUNTIFS(Relationships!$B$4:$B$1003,"AIR",Relationships!$C$4:$C$1003,A6,Relationships!$E$4:$E$1003,"DATA",Relationships!$M$4:$M$1003,"Confirmed",Relationships!$N$4:$N$1003,"OK — verify source")) | H6: =IF(A6="","",COUNTIFS(Relationships!$B$4:$B$1003,"AIR",Relationships!$C$4:$C$1003,A6,Relationships!$E$4:$E$1003,"IF",Relationships!$M$4:$M$1003,"Confirmed",Relationships!$N$4:$N$1003,"OK — verify source")) | I6: =IF(A6="","",COUNTIFS(Relationships!$B$4:$B$1003,"AIR",Relationships!$C$4:$C$1003,A6,Relationships!$E$4:$E$1003,"AG",Relationships!$M$4:$M$1003,"Confirmed",Relationships!$N$4:$N$1003,"OK — verify source")) | J6: =IF(A6="","",COUNTIFS(Relationships!$B$4:$B$1003,"AIR",Relationships!$C$4:$C$1003,A6,Relationships!$E$4:$E$1003,"TOOL",Relationships!$M$4:$M$1003,"Confirmed",Relationships!$N$4:$N$1003,"OK — verify source")) | K6: =IF(A6="","",COUNTIFS(Relationships!$G$4:$G$1003,A6,Relationships!$M$4:$M$1003,"Proposed")) | L6: =IF(A6="","",COUNTIFS(Relationships!$G$4:$G$1003,A6,Relationships!$A$4:$A$1003,"<>",Relationships!$N$4:$N$1003,"<>OK — verify source")) | O6: =IF(COUNTA(A6:D6,M6:N6)=0,"",IF(A6="","AIR-ID missing",IF(COUNTIF($A$4:$A$203,A6)>1,"Duplicate AIR-ID",IF(OR(B6="",C6="",D6=""),"Label / source / reconciled-on missing",IF(NOT(ISNUMBER(D6)),"Reconciled-on is not a date","OK — verify source")))))
E7: =IF(A7="","",COUNTIFS(Relationships!$B$4:$B$1003,"CAP",Relationships!$E$4:$E$1003,"AIR",Relationships!$F$4:$F$1003,A7,Relationships!$M$4:$M$1003,"Confirmed",Relationships!$N$4:$N$1003,"OK — verify source")) | F7: =IF(A7="","",COUNTIFS(Relationships!$B$4:$B$1003,"AIR",Relationships!$C$4:$C$1003,A7,Relationships!$E$4:$E$1003,"MOD",Relationships!$M$4:$M$1003,"Confirmed",Relationships!$N$4:$N$1003,"OK — verify source")) | G7: =IF(A7="","",COUNTIFS(Relationships!$B$4:$B$1003,"AIR",Relationships!$C$4:$C$1003,A7,Relationships!$E$4:$E$1003,"DATA",Relationships!$M$4:$M$1003,"Confirmed",Relationships!$N$4:$N$1003,"OK — verify source")) | H7: =IF(A7="","",COUNTIFS(Relationships!$B$4:$B$1003,"AIR",Relationships!$C$4:$C$1003,A7,Relationships!$E$4:$E$1003,"IF",Relationships!$M$4:$M$1003,"Confirmed",Relationships!$N$4:$N$1003,"OK — verify source")) | I7: =IF(A7="","",COUNTIFS(Relationships!$B$4:$B$1003,"AIR",Relationships!$C$4:$C$1003,A7,Relationships!$E$4:$E$1003,"AG",Relationships!$M$4:$M$1003,"Confirmed",Relationships!$N$4:$N$1003,"OK — verify source")) | J7: =IF(A7="","",COUNTIFS(Relationships!$B$4:$B$1003,"AIR",Relationships!$C$4:$C$1003,A7,Relationships!$E$4:$E$1003,"TOOL",Relationships!$M$4:$M$1003,"Confirmed",Relationships!$N$4:$N$1003,"OK — verify source")) | K7: =IF(A7="","",COUNTIFS(Relationships!$G$4:$G$1003,A7,Relationships!$M$4:$M$1003,"Proposed")) | L7: =IF(A7="","",COUNTIFS(Relationships!$G$4:$G$1003,A7,Relationships!$A$4:$A$1003,"<>",Relationships!$N$4:$N$1003,"<>OK — verify source")) | O7: =IF(COUNTA(A7:D7,M7:N7)=0,"",IF(A7="","AIR-ID missing",IF(COUNTIF($A$4:$A$203,A7)>1,"Duplicate AIR-ID",IF(OR(B7="",C7="",D7=""),"Label / source / reconciled-on missing",IF(NOT(ISNUMBER(D7)),"Reconciled-on is not a date","OK — verify source")))))
E8: =IF(A8="","",COUNTIFS(Relationships!$B$4:$B$1003,"CAP",Relationships!$E$4:$E$1003,"AIR",Relationships!$F$4:$F$1003,A8,Relationships!$M$4:$M$1003,"Confirmed",Relationships!$N$4:$N$1003,"OK — verify source")) | F8: =IF(A8="","",COUNTIFS(Relationships!$B$4:$B$1003,"AIR",Relationships!$C$4:$C$1003,A8,Relationships!$E$4:$E$1003,"MOD",Relationships!$M$4:$M$1003,"Confirmed",Relationships!$N$4:$N$1003,"OK — verify source")) | G8: =IF(A8="","",COUNTIFS(Relationships!$B$4:$B$1003,"AIR",Relationships!$C$4:$C$1003,A8,Relationships!$E$4:$E$1003,"DATA",Relationships!$M$4:$M$1003,"Confirmed",Relationships!$N$4:$N$1003,"OK — verify source")) | H8: =IF(A8="","",COUNTIFS(Relationships!$B$4:$B$1003,"AIR",Relationships!$C$4:$C$1003,A8,Relationships!$E$4:$E$1003,"IF",Relationships!$M$4:$M$1003,"Confirmed",Relationships!$N$4:$N$1003,"OK — verify source")) | I8: =IF(A8="","",COUNTIFS(Relationships!$B$4:$B$1003,"AIR",Relationships!$C$4:$C$1003,A8,Relationships!$E$4:$E$1003,"AG",Relationships!$M$4:$M$1003,"Confirmed",Relationships!$N$4:$N$1003,"OK — verify source")) | J8: =IF(A8="","",COUNTIFS(Relationships!$B$4:$B$1003,"AIR",Relationships!$C$4:$C$1003,A8,Relationships!$E$4:$E$1003,"TOOL",Relationships!$M$4:$M$1003,"Confirmed",Relationships!$N$4:$N$1003,"OK — verify source")) | K8: =IF(A8="","",COUNTIFS(Relationships!$G$4:$G$1003,A8,Relationships!$M$4:$M$1003,"Proposed")) | L8: =IF(A8="","",COUNTIFS(Relationships!$G$4:$G$1003,A8,Relationships!$A$4:$A$1003,"<>",Relationships!$N$4:$N$1003,"<>OK — verify source")) | O8: =IF(COUNTA(A8:D8,M8:N8)=0,"",IF(A8="","AIR-ID missing",IF(COUNTIF($A$4:$A$203,A8)>1,"Duplicate AIR-ID",IF(OR(B8="",C8="",D8=""),"Label / source / reconciled-on missing",IF(NOT(ISNUMBER(D8)),"Reconciled-on is not a date","OK — verify source")))))
E9: =IF(A9="","",COUNTIFS(Relationships!$B$4:$B$1003,"CAP",Relationships!$E$4:$E$1003,"AIR",Relationships!$F$4:$F$1003,A9,Relationships!$M$4:$M$1003,"Confirmed",Relationships!$N$4:$N$1003,"OK — verify source")) | F9: =IF(A9="","",COUNTIFS(Relationships!$B$4:$B$1003,"AIR",Relationships!$C$4:$C$1003,A9,Relationships!$E$4:$E$1003,"MOD",Relationships!$M$4:$M$1003,"Confirmed",Relationships!$N$4:$N$1003,"OK — verify source")) | G9: =IF(A9="","",COUNTIFS(Relationships!$B$4:$B$1003,"AIR",Relationships!$C$4:$C$1003,A9,Relationships!$E$4:$E$1003,"DATA",Relationships!$M$4:$M$1003,"Confirmed",Relationships!$N$4:$N$1003,"OK — verify source")) | H9: =IF(A9="","",COUNTIFS(Relationships!$B$4:$B$1003,"AIR",Relationships!$C$4:$C$1003,A9,Relationships!$E$4:$E$1003,"IF",Relationships!$M$4:$M$1003,"Confirmed",Relationships!$N$4:$N$1003,"OK — verify source")) | I9: =IF(A9="","",COUNTIFS(Relationships!$B$4:$B$1003,"AIR",Relationships!$C$4:$C$1003,A9,Relationships!$E$4:$E$1003,"AG",Relationships!$M$4:$M$1003,"Confirmed",Relationships!$N$4:$N$1003,"OK — verify source")) | J9: =IF(A9="","",COUNTIFS(Relationships!$B$4:$B$1003,"AIR",Relationships!$C$4:$C$1003,A9,Relationships!$E$4:$E$1003,"TOOL",Relationships!$M$4:$M$1003,"Confirmed",Relationships!$N$4:$N$1003,"OK — verify source")) | K9: =IF(A9="","",COUNTIFS(Relationships!$G$4:$G$1003,A9,Relationships!$M$4:$M$1003,"Proposed")) | L9: =IF(A9="","",COUNTIFS(Relationships!$G$4:$G$1003,A9,Relationships!$A$4:$A$1003,"<>",Relationships!$N$4:$N$1003,"<>OK — verify source")) | O9: =IF(COUNTA(A9:D9,M9:N9)=0,"",IF(A9="","AIR-ID missing",IF(COUNTIF($A$4:$A$203,A9)>1,"Duplicate AIR-ID",IF(OR(B9="",C9="",D9=""),"Label / source / reconciled-on missing",IF(NOT(ISNUMBER(D9)),"Reconciled-on is not a date","OK — verify source")))))
E10: =IF(A10="","",COUNTIFS(Relationships!$B$4:$B$1003,"CAP",Relationships!$E$4:$E$1003,"AIR",Relationships!$F$4:$F$1003,A10,Relationships!$M$4:$M$1003,"Confirmed",Relationships!$N$4:$N$1003,"OK — verify source")) | F10: =IF(A10="","",COUNTIFS(Relationships!$B$4:$B$1003,"AIR",Relationships!$C$4:$C$1003,A10,Relationships!$E$4:$E$1003,"MOD",Relationships!$M$4:$M$1003,"Confirmed",Relationships!$N$4:$N$1003,"OK — verify source")) | G10: =IF(A10="","",COUNTIFS(Relationships!$B$4:$B$1003,"AIR",Relationships!$C$4:$C$1003,A10,Relationships!$E$4:$E$1003,"DATA",Relationships!$M$4:$M$1003,"Confirmed",Relationships!$N$4:$N$1003,"OK — verify source")) | H10: =IF(A10="","",COUNTIFS(Relationships!$B$4:$B$1003,"AIR",Relationships!$C$4:$C$1003,A10,Relationships!$E$4:$E$1003,"IF",Relationships!$M$4:$M$1003,"Confirmed",Relationships!$N$4:$N$1003,"OK — verify source")) | I10: =IF(A10="","",COUNTIFS(Relationships!$B$4:$B$1003,"AIR",Relationships!$C$4:$C$1003,A10,Relationships!$E$4:$E$1003,"AG",Relationships!$M$4:$M$1003,"Confirmed",Relationships!$N$4:$N$1003,"OK — verify source")) | J10: =IF(A10="","",COUNTIFS(Relationships!$B$4:$B$1003,"AIR",Relationships!$C$4:$C$1003,A10,Relationships!$E$4:$E$1003,"TOOL",Relationships!$M$4:$M$1003,"Confirmed",Relationships!$N$4:$N$1003,"OK — verify source")) | K10: =IF(A10="","",COUNTIFS(Relationships!$G$4:$G$1003,A10,Relationships!$M$4:$M$1003,"Proposed")) | L10: =IF(A10="","",COUNTIFS(Relationships!$G$4:$G$1003,A10,Relationships!$A$4:$A$1003,"<>",Relationships!$N$4:$N$1003,"<>OK — verify source")) | O10: =IF(COUNTA(A10:D10,M10:N10)=0,"",IF(A10="","AIR-ID missing",IF(COUNTIF($A$4:$A$203,A10)>1,"Duplicate AIR-ID",IF(OR(B10="",C10="",D10=""),"Label / source / reconciled-on missing",IF(NOT(ISNUMBER(D10)),"Reconciled-on is not a date","OK — verify source")))))
E11: =IF(A11="","",COUNTIFS(Relationships!$B$4:$B$1003,"CAP",Relationships!$E$4:$E$1003,"AIR",Relationships!$F$4:$F$1003,A11,Relationships!$M$4:$M$1003,"Confirmed",Relationships!$N$4:$N$1003,"OK — verify source")) | F11: =IF(A11="","",COUNTIFS(Relationships!$B$4:$B$1003,"AIR",Relationships!$C$4:$C$1003,A11,Relationships!$E$4:$E$1003,"MOD",Relationships!$M$4:$M$1003,"Confirmed",Relationships!$N$4:$N$1003,"OK — verify source")) | G11: =IF(A11="","",COUNTIFS(Relationships!$B$4:$B$1003,"AIR",Relationships!$C$4:$C$1003,A11,Relationships!$E$4:$E$1003,"DATA",Relationships!$M$4:$M$1003,"Confirmed",Relationships!$N$4:$N$1003,"OK — verify source")) | H11: =IF(A11="","",COUNTIFS(Relationships!$B$4:$B$1003,"AIR",Relationships!$C$4:$C$1003,A11,Relationships!$E$4:$E$1003,"IF",Relationships!$M$4:$M$1003,"Confirmed",Relationships!$N$4:$N$1003,"OK — verify source")) | I11: =IF(A11="","",COUNTIFS(Relationships!$B$4:$B$1003,"AIR",Relationships!$C$4:$C$1003,A11,Relationships!$E$4:$E$1003,"AG",Relationships!$M$4:$M$1003,"Confirmed",Relationships!$N$4:$N$1003,"OK — verify source")) | J11: =IF(A11="","",COUNTIFS(Relationships!$B$4:$B$1003,"AIR",Relationships!$C$4:$C$1003,A11,Relationships!$E$4:$E$1003,"TOOL",Relationships!$M$4:$M$1003,"Confirmed",Relationships!$N$4:$N$1003,"OK — verify source")) | K11: =IF(A11="","",COUNTIFS(Relationships!$G$4:$G$1003,A11,Relationships!$M$4:$M$1003,"Proposed")) | L11: =IF(A11="","",COUNTIFS(Relationships!$G$4:$G$1003,A11,Relationships!$A$4:$A$1003,"<>",Relationships!$N$4:$N$1003,"<>OK — verify source")) | O11: =IF(COUNTA(A11:D11,M11:N11)=0,"",IF(A11="","AIR-ID missing",IF(COUNTIF($A$4:$A$203,A11)>1,"Duplicate AIR-ID",IF(OR(B11="",C11="",D11=""),"Label / source / reconciled-on missing",IF(NOT(ISNUMBER(D11)),"Reconciled-on is not a date","OK — verify source")))))
E12: =IF(A12="","",COUNTIFS(Relationships!$B$4:$B$1003,"CAP",Relationships!$E$4:$E$1003,"AIR",Relationships!$F$4:$F$1003,A12,Relationships!$M$4:$M$1003,"Confirmed",Relationships!$N$4:$N$1003,"OK — verify source")) | F12: =IF(A12="","",COUNTIFS(Relationships!$B$4:$B$1003,"AIR",Relationships!$C$4:$C$1003,A12,Relationships!$E$4:$E$1003,"MOD",Relationships!$M$4:$M$1003,"Confirmed",Relationships!$N$4:$N$1003,"OK — verify source")) | G12: =IF(A12="","",COUNTIFS(Relationships!$B$4:$B$1003,"AIR",Relationships!$C$4:$C$1003,A12,Relationships!$E$4:$E$1003,"DATA",Relationships!$M$4:$M$1003,"Confirmed",Relationships!$N$4:$N$1003,"OK — verify source")) | H12: =IF(A12="","",COUNTIFS(Relationships!$B$4:$B$1003,"AIR",Relationships!$C$4:$C$1003,A12,Relationships!$E$4:$E$1003,"IF",Relationships!$M$4:$M$1003,"Confirmed",Relationships!$N$4:$N$1003,"OK — verify source")) | I12: =IF(A12="","",COUNTIFS(Relationships!$B$4:$B$1003,"AIR",Relationships!$C$4:$C$1003,A12,Relationships!$E$4:$E$1003,"AG",Relationships!$M$4:$M$1003,"Confirmed",Relationships!$N$4:$N$1003,"OK — verify source")) | J12: =IF(A12="","",COUNTIFS(Relationships!$B$4:$B$1003,"AIR",Relationships!$C$4:$C$1003,A12,Relationships!$E$4:$E$1003,"TOOL",Relationships!$M$4:$M$1003,"Confirmed",Relationships!$N$4:$N$1003,"OK — verify source")) | K12: =IF(A12="","",COUNTIFS(Relationships!$G$4:$G$1003,A12,Relationships!$M$4:$M$1003,"Proposed")) | L12: =IF(A12="","",COUNTIFS(Relationships!$G$4:$G$1003,A12,Relationships!$A$4:$A$1003,"<>",Relationships!$N$4:$N$1003,"<>OK — verify source")) | O12: =IF(COUNTA(A12:D12,M12:N12)=0,"",IF(A12="","AIR-ID missing",IF(COUNTIF($A$4:$A$203,A12)>1,"Duplicate AIR-ID",IF(OR(B12="",C12="",D12=""),"Label / source / reconciled-on missing",IF(NOT(ISNUMBER(D12)),"Reconciled-on is not a date","OK — verify source")))))
E13: =IF(A13="","",COUNTIFS(Relationships!$B$4:$B$1003,"CAP",Relationships!$E$4:$E$1003,"AIR",Relationships!$F$4:$F$1003,A13,Relationships!$M$4:$M$1003,"Confirmed",Relationships!$N$4:$N$1003,"OK — verify source")) | F13: =IF(A13="","",COUNTIFS(Relationships!$B$4:$B$1003,"AIR",Relationships!$C$4:$C$1003,A13,Relationships!$E$4:$E$1003,"MOD",Relationships!$M$4:$M$1003,"Confirmed",Relationships!$N$4:$N$1003,"OK — verify source")) | G13: =IF(A13="","",COUNTIFS(Relationships!$B$4:$B$1003,"AIR",Relationships!$C$4:$C$1003,A13,Relationships!$E$4:$E$1003,"DATA",Relationships!$M$4:$M$1003,"Confirmed",Relationships!$N$4:$N$1003,"OK — verify source")) | H13: =IF(A13="","",COUNTIFS(Relationships!$B$4:$B$1003,"AIR",Relationships!$C$4:$C$1003,A13,Relationships!$E$4:$E$1003,"IF",Relationships!$M$4:$M$1003,"Confirmed",Relationships!$N$4:$N$1003,"OK — verify source")) | I13: =IF(A13="","",COUNTIFS(Relationships!$B$4:$B$1003,"AIR",Relationships!$C$4:$C$1003,A13,Relationships!$E$4:$E$1003,"AG",Relationships!$M$4:$M$1003,"Confirmed",Relationships!$N$4:$N$1003,"OK — verify source")) | J13: =IF(A13="","",COUNTIFS(Relationships!$B$4:$B$1003,"AIR",Relationships!$C$4:$C$1003,A13,Relationships!$E$4:$E$1003,"TOOL",Relationships!$M$4:$M$1003,"Confirmed",Relationships!$N$4:$N$1003,"OK — verify source")) | K13: =IF(A13="","",COUNTIFS(Relationships!$G$4:$G$1003,A13,Relationships!$M$4:$M$1003,"Proposed")) | L13: =IF(A13="","",COUNTIFS(Relationships!$G$4:$G$1003,A13,Relationships!$A$4:$A$1003,"<>",Relationships!$N$4:$N$1003,"<>OK — verify source")) | O13: =IF(COUNTA(A13:D13,M13:N13)=0,"",IF(A13="","AIR-ID missing",IF(COUNTIF($A$4:$A$203,A13)>1,"Duplicate AIR-ID",IF(OR(B13="",C13="",D13=""),"Label / source / reconciled-on missing",IF(NOT(ISNUMBER(D13)),"Reconciled-on is not a date","OK — verify source")))))
E14: =IF(A14="","",COUNTIFS(Relationships!$B$4:$B$1003,"CAP",Relationships!$E$4:$E$1003,"AIR",Relationships!$F$4:$F$1003,A14,Relationships!$M$4:$M$1003,"Confirmed",Relationships!$N$4:$N$1003,"OK — verify source")) | F14: =IF(A14="","",COUNTIFS(Relationships!$B$4:$B$1003,"AIR",Relationships!$C$4:$C$1003,A14,Relationships!$E$4:$E$1003,"MOD",Relationships!$M$4:$M$1003,"Confirmed",Relationships!$N$4:$N$1003,"OK — verify source")) | G14: =IF(A14="","",COUNTIFS(Relationships!$B$4:$B$1003,"AIR",Relationships!$C$4:$C$1003,A14,Relationships!$E$4:$E$1003,"DATA",Relationships!$M$4:$M$1003,"Confirmed",Relationships!$N$4:$N$1003,"OK — verify source")) | H14: =IF(A14="","",COUNTIFS(Relationships!$B$4:$B$1003,"AIR",Relationships!$C$4:$C$1003,A14,Relationships!$E$4:$E$1003,"IF",Relationships!$M$4:$M$1003,"Confirmed",Relationships!$N$4:$N$1003,"OK — verify source")) | I14: =IF(A14="","",COUNTIFS(Relationships!$B$4:$B$1003,"AIR",Relationships!$C$4:$C$1003,A14,Relationships!$E$4:$E$1003,"AG",Relationships!$M$4:$M$1003,"Confirmed",Relationships!$N$4:$N$1003,"OK — verify source")) | J14: =IF(A14="","",COUNTIFS(Relationships!$B$4:$B$1003,"AIR",Relationships!$C$4:$C$1003,A14,Relationships!$E$4:$E$1003,"TOOL",Relationships!$M$4:$M$1003,"Confirmed",Relationships!$N$4:$N$1003,"OK — verify source")) | K14: =IF(A14="","",COUNTIFS(Relationships!$G$4:$G$1003,A14,Relationships!$M$4:$M$1003,"Proposed")) | L14: =IF(A14="","",COUNTIFS(Relationships!$G$4:$G$1003,A14,Relationships!$A$4:$A$1003,"<>",Relationships!$N$4:$N$1003,"<>OK — verify source")) | O14: =IF(COUNTA(A14:D14,M14:N14)=0,"",IF(A14="","AIR-ID missing",IF(COUNTIF($A$4:$A$203,A14)>1,"Duplicate AIR-ID",IF(OR(B14="",C14="",D14=""),"Label / source / reconciled-on missing",IF(NOT(ISNUMBER(D14)),"Reconciled-on is not a date","OK — verify source")))))
E15: =IF(A15="","",COUNTIFS(Relationships!$B$4:$B$1003,"CAP",Relationships!$E$4:$E$1003,"AIR",Relationships!$F$4:$F$1003,A15,Relationships!$M$4:$M$1003,"Confirmed",Relationships!$N$4:$N$1003,"OK — verify source")) | F15: =IF(A15="","",COUNTIFS(Relationships!$B$4:$B$1003,"AIR",Relationships!$C$4:$C$1003,A15,Relationships!$E$4:$E$1003,"MOD",Relationships!$M$4:$M$1003,"Confirmed",Relationships!$N$4:$N$1003,"OK — verify source")) | G15: =IF(A15="","",COUNTIFS(Relationships!$B$4:$B$1003,"AIR",Relationships!$C$4:$C$1003,A15,Relationships!$E$4:$E$1003,"DATA",Relationships!$M$4:$M$1003,"Confirmed",Relationships!$N$4:$N$1003,"OK — verify source")) | H15: =IF(A15="","",COUNTIFS(Relationships!$B$4:$B$1003,"AIR",Relationships!$C$4:$C$1003,A15,Relationships!$E$4:$E$1003,"IF",Relationships!$M$4:$M$1003,"Confirmed",Relationships!$N$4:$N$1003,"OK — verify source")) | I15: =IF(A15="","",COUNTIFS(Relationships!$B$4:$B$1003,"AIR",Relationships!$C$4:$C$1003,A15,Relationships!$E$4:$E$1003,"AG",Relationships!$M$4:$M$1003,"Confirmed",Relationships!$N$4:$N$1003,"OK — verify source")) | J15: =IF(A15="","",COUNTIFS(Relationships!$B$4:$B$1003,"AIR",Relationships!$C$4:$C$1003,A15,Relationships!$E$4:$E$1003,"TOOL",Relationships!$M$4:$M$1003,"Confirmed",Relationships!$N$4:$N$1003,"OK — verify source")) | K15: =IF(A15="","",COUNTIFS(Relationships!$G$4:$G$1003,A15,Relationships!$M$4:$M$1003,"Proposed")) | L15: =IF(A15="","",COUNTIFS(Relationships!$G$4:$G$1003,A15,Relationships!$A$4:$A$1003,"<>",Relationships!$N$4:$N$1003,"<>OK — verify source")) | O15: =IF(COUNTA(A15:D15,M15:N15)=0,"",IF(A15="","AIR-ID missing",IF(COUNTIF($A$4:$A$203,A15)>1,"Duplicate AIR-ID",IF(OR(B15="",C15="",D15=""),"Label / source / reconciled-on missing",IF(NOT(ISNUMBER(D15)),"Reconciled-on is not a date","OK — verify source")))))
... E203: =IF(A203="","",COUNTIFS(Relationships!$B$4:$B$1003,"CAP",Relationships!$E$4:$E$1003,"AIR",Relationships!$F$4:$F$1003,A203,Relationships!$M$4:$M$1003,"Confirmed",Relationships!$N$4:$N$1003,"OK — verify source")) | F203: =IF(A203="","",COUNTIFS(Relationships!$B$4:$B$1003,"AIR",Relationships!$C$4:$C$1003,A203,Relationships!$E$4:$E$1003,"MOD",Relationships!$M$4:$M$1003,"Confirmed",Relationships!$N$4:$N$1003,"OK — verify source")) | G203: =IF(A203="","",COUNTIFS(Relationships!$B$4:$B$1003,"AIR",Relationships!$C$4:$C$1003,A203,Relationships!$E$4:$E$1003,"DATA",Relationships!$M$4:$M$1003,"Confirmed",Relationships!$N$4:$N$1003,"OK — verify source")) | H203: =IF(A203="","",COUNTIFS(Relationships!$B$4:$B$1003,"AIR",Relationships!$C$4:$C$1003,A203,Relationships!$E$4:$E$1003,"IF",Relationships!$M$4:$M$1003,"Confirmed",Relationships!$N$4:$N$1003,"OK — verify source")) | I203: =IF(A203="","",COUNTIFS(Relationships!$B$4:$B$1003,"AIR",Relationships!$C$4:$C$1003,A203,Relationships!$E$4:$E$1003,"AG",Relationships!$M$4:$M$1003,"Confirmed",Relationships!$N$4:$N$1003,"OK — verify source")) | J203: =IF(A203="","",COUNTIFS(Relationships!$B$4:$B$1003,"AIR",Relationships!$C$4:$C$1003,A203,Relationships!$E$4:$E$1003,"TOOL",Relationships!$M$4:$M$1003,"Confirmed",Relationships!$N$4:$N$1003,"OK — verify source")) | K203: =IF(A203="","",COUNTIFS(Relationships!$G$4:$G$1003,A203,Relationships!$M$4:$M$1003,"Proposed")) | L203: =IF(A203="","",COUNTIFS(Relationships!$G$4:$G$1003,A203,Relationships!$A$4:$A$1003,"<>",Relationships!$N$4:$N$1003,"<>OK — verify source")) | O203: =IF(COUNTA(A203:D203,M203:N203)=0,"",IF(A203="","AIR-ID missing",IF(COUNTIF($A$4:$A$203,A203)>1,"Duplicate AIR-ID",IF(OR(B203="",C203="",D203=""),"Label / source / reconciled-on missing",IF(NOT(ISNUMBER(D203)),"Reconciled-on is not a date","OK — verify source")))))

Sheet Use cases
A1: OUTCOME-LED USE CASES
A2: Use AIG-INV-03 as intake source; keep one distinct outcome/workflow per stable UC-ID linked to one system AIR-ID when issued. Decision and monitoring fields are source pointers only; this map never grants approval.
A3: UC-ID | B3: Outcome-led use case | C3: Service / workflow | D3: Service Owner | E3: Canonical AIG-INV-03 / source ref | F3: AIR-ID (only if issued) | G3: Confidence | H3: Verified on | I3: State | J3: Row check | K3: Use-specific decision / minutes ref (pointer only) | L3: UC-specific monitoring ref (pointer only) | M3: Index role (descriptive; not approval)
J4: =IF(COUNTA(A4:I4)=0,"",IF(A4="","UC-ID missing",IF(COUNTIF($A$4:$A$253,A4)>1,"Duplicate UC-ID",IF(OR(B4="",D4="",E4=""),"Use/owner/source missing",IF(AND(F4<>"",COUNTIF('System map'!$A$4:$A$203,F4)<>1),"AIR-ID not reconciled in map",IF(AND(I4="Confirmed",OR(H4="",NOT(ISNUMBER(H4)),G4="",G4="Unknown",G4="Low")),"Confirmed use lacks verification",IF(AND(I4="Confirmed",H4>TODAY()),"Verified-on date is in the future","OK — verify source")))))))
J5: =IF(COUNTA(A5:I5)=0,"",IF(A5="","UC-ID missing",IF(COUNTIF($A$4:$A$253,A5)>1,"Duplicate UC-ID",IF(OR(B5="",D5="",E5=""),"Use/owner/source missing",IF(AND(F5<>"",COUNTIF('System map'!$A$4:$A$203,F5)<>1),"AIR-ID not reconciled in map",IF(AND(I5="Confirmed",OR(H5="",NOT(ISNUMBER(H5)),G5="",G5="Unknown",G5="Low")),"Confirmed use lacks verification",IF(AND(I5="Confirmed",H5>TODAY()),"Verified-on date is in the future","OK — verify source")))))))
J6: =IF(COUNTA(A6:I6)=0,"",IF(A6="","UC-ID missing",IF(COUNTIF($A$4:$A$253,A6)>1,"Duplicate UC-ID",IF(OR(B6="",D6="",E6=""),"Use/owner/source missing",IF(AND(F6<>"",COUNTIF('System map'!$A$4:$A$203,F6)<>1),"AIR-ID not reconciled in map",IF(AND(I6="Confirmed",OR(H6="",NOT(ISNUMBER(H6)),G6="",G6="Unknown",G6="Low")),"Confirmed use lacks verification",IF(AND(I6="Confirmed",H6>TODAY()),"Verified-on date is in the future","OK — verify source")))))))
J7: =IF(COUNTA(A7:I7)=0,"",IF(A7="","UC-ID missing",IF(COUNTIF($A$4:$A$253,A7)>1,"Duplicate UC-ID",IF(OR(B7="",D7="",E7=""),"Use/owner/source missing",IF(AND(F7<>"",COUNTIF('System map'!$A$4:$A$203,F7)<>1),"AIR-ID not reconciled in map",IF(AND(I7="Confirmed",OR(H7="",NOT(ISNUMBER(H7)),G7="",G7="Unknown",G7="Low")),"Confirmed use lacks verification",IF(AND(I7="Confirmed",H7>TODAY()),"Verified-on date is in the future","OK — verify source")))))))
J8: =IF(COUNTA(A8:I8)=0,"",IF(A8="","UC-ID missing",IF(COUNTIF($A$4:$A$253,A8)>1,"Duplicate UC-ID",IF(OR(B8="",D8="",E8=""),"Use/owner/source missing",IF(AND(F8<>"",COUNTIF('System map'!$A$4:$A$203,F8)<>1),"AIR-ID not reconciled in map",IF(AND(I8="Confirmed",OR(H8="",NOT(ISNUMBER(H8)),G8="",G8="Unknown",G8="Low")),"Confirmed use lacks verification",IF(AND(I8="Confirmed",H8>TODAY()),"Verified-on date is in the future","OK — verify source")))))))
J9: =IF(COUNTA(A9:I9)=0,"",IF(A9="","UC-ID missing",IF(COUNTIF($A$4:$A$253,A9)>1,"Duplicate UC-ID",IF(OR(B9="",D9="",E9=""),"Use/owner/source missing",IF(AND(F9<>"",COUNTIF('System map'!$A$4:$A$203,F9)<>1),"AIR-ID not reconciled in map",IF(AND(I9="Confirmed",OR(H9="",NOT(ISNUMBER(H9)),G9="",G9="Unknown",G9="Low")),"Confirmed use lacks verification",IF(AND(I9="Confirmed",H9>TODAY()),"Verified-on date is in the future","OK — verify source")))))))
J10: =IF(COUNTA(A10:I10)=0,"",IF(A10="","UC-ID missing",IF(COUNTIF($A$4:$A$253,A10)>1,"Duplicate UC-ID",IF(OR(B10="",D10="",E10=""),"Use/owner/source missing",IF(AND(F10<>"",COUNTIF('System map'!$A$4:$A$203,F10)<>1),"AIR-ID not reconciled in map",IF(AND(I10="Confirmed",OR(H10="",NOT(ISNUMBER(H10)),G10="",G10="Unknown",G10="Low")),"Confirmed use lacks verification",IF(AND(I10="Confirmed",H10>TODAY()),"Verified-on date is in the future","OK — verify source")))))))
J11: =IF(COUNTA(A11:I11)=0,"",IF(A11="","UC-ID missing",IF(COUNTIF($A$4:$A$253,A11)>1,"Duplicate UC-ID",IF(OR(B11="",D11="",E11=""),"Use/owner/source missing",IF(AND(F11<>"",COUNTIF('System map'!$A$4:$A$203,F11)<>1),"AIR-ID not reconciled in map",IF(AND(I11="Confirmed",OR(H11="",NOT(ISNUMBER(H11)),G11="",G11="Unknown",G11="Low")),"Confirmed use lacks verification",IF(AND(I11="Confirmed",H11>TODAY()),"Verified-on date is in the future","OK — verify source")))))))
J12: =IF(COUNTA(A12:I12)=0,"",IF(A12="","UC-ID missing",IF(COUNTIF($A$4:$A$253,A12)>1,"Duplicate UC-ID",IF(OR(B12="",D12="",E12=""),"Use/owner/source missing",IF(AND(F12<>"",COUNTIF('System map'!$A$4:$A$203,F12)<>1),"AIR-ID not reconciled in map",IF(AND(I12="Confirmed",OR(H12="",NOT(ISNUMBER(H12)),G12="",G12="Unknown",G12="Low")),"Confirmed use lacks verification",IF(AND(I12="Confirmed",H12>TODAY()),"Verified-on date is in the future","OK — verify source")))))))
J13: =IF(COUNTA(A13:I13)=0,"",IF(A13="","UC-ID missing",IF(COUNTIF($A$4:$A$253,A13)>1,"Duplicate UC-ID",IF(OR(B13="",D13="",E13=""),"Use/owner/source missing",IF(AND(F13<>"",COUNTIF('System map'!$A$4:$A$203,F13)<>1),"AIR-ID not reconciled in map",IF(AND(I13="Confirmed",OR(H13="",NOT(ISNUMBER(H13)),G13="",G13="Unknown",G13="Low")),"Confirmed use lacks verification",IF(AND(I13="Confirmed",H13>TODAY()),"Verified-on date is in the future","OK — verify source")))))))
J14: =IF(COUNTA(A14:I14)=0,"",IF(A14="","UC-ID missing",IF(COUNTIF($A$4:$A$253,A14)>1,"Duplicate UC-ID",IF(OR(B14="",D14="",E14=""),"Use/owner/source missing",IF(AND(F14<>"",COUNTIF('System map'!$A$4:$A$203,F14)<>1),"AIR-ID not reconciled in map",IF(AND(I14="Confirmed",OR(H14="",NOT(ISNUMBER(H14)),G14="",G14="Unknown",G14="Low")),"Confirmed use lacks verification",IF(AND(I14="Confirmed",H14>TODAY()),"Verified-on date is in the future","OK — verify source")))))))
J15: =IF(COUNTA(A15:I15)=0,"",IF(A15="","UC-ID missing",IF(COUNTIF($A$4:$A$253,A15)>1,"Duplicate UC-ID",IF(OR(B15="",D15="",E15=""),"Use/owner/source missing",IF(AND(F15<>"",COUNTIF('System map'!$A$4:$A$203,F15)<>1),"AIR-ID not reconciled in map",IF(AND(I15="Confirmed",OR(H15="",NOT(ISNUMBER(H15)),G15="",G15="Unknown",G15="Low")),"Confirmed use lacks verification",IF(AND(I15="Confirmed",H15>TODAY()),"Verified-on date is in the future","OK — verify source")))))))
... J253: =IF(COUNTA(A253:I253)=0,"",IF(A253="","UC-ID missing",IF(COUNTIF($A$4:$A$253,A253)>1,"Duplicate UC-ID",IF(OR(B253="",D253="",E253=""),"Use/owner/source missing",IF(AND(F253<>"",COUNTIF('System map'!$A$4:$A$203,F253)<>1),"AIR-ID not reconciled in map",IF(AND(I253="Confirmed",OR(H253="",NOT(ISNUMBER(H253)),G253="",G253="Unknown",G253="Low")),"Confirmed use lacks verification",IF(AND(I253="Confirmed",H253>TODAY()),"Verified-on date is in the future","OK — verify source")))))))

Sheet Capabilities
A1: ATOMIC REUSABLE CAPABILITIES
A2: Describe a function as a verb + noun, not as a vendor product, AI agent permission or project title. Reuse an existing canonical capability catalogue if agreed.
A3: CAP-ID | B3: Function (verb + noun) | C3: Inputs | D3: Outputs | E3: Boundary / excluded use | F3: Capability owner | G3: Definition source ref | H3: Confidence | I3: Verified on | J3: State | K3: Row check
K4: =IF(COUNTA(A4:J4)=0,"",IF(A4="","CAP-ID missing",IF(COUNTIF($A$4:$A$253,A4)>1,"Duplicate CAP-ID",IF(OR(B4="",C4="",D4="",E4="",F4="",G4=""),"Definition / owner / source missing",IF(AND(J4="Confirmed",OR(I4="",H4="",H4="Unknown",H4="Low")),"Confirmed capability lacks verification","OK — verify source")))))
K5: =IF(COUNTA(A5:J5)=0,"",IF(A5="","CAP-ID missing",IF(COUNTIF($A$4:$A$253,A5)>1,"Duplicate CAP-ID",IF(OR(B5="",C5="",D5="",E5="",F5="",G5=""),"Definition / owner / source missing",IF(AND(J5="Confirmed",OR(I5="",H5="",H5="Unknown",H5="Low")),"Confirmed capability lacks verification","OK — verify source")))))
K6: =IF(COUNTA(A6:J6)=0,"",IF(A6="","CAP-ID missing",IF(COUNTIF($A$4:$A$253,A6)>1,"Duplicate CAP-ID",IF(OR(B6="",C6="",D6="",E6="",F6="",G6=""),"Definition / owner / source missing",IF(AND(J6="Confirmed",OR(I6="",H6="",H6="Unknown",H6="Low")),"Confirmed capability lacks verification","OK — verify source")))))
K7: =IF(COUNTA(A7:J7)=0,"",IF(A7="","CAP-ID missing",IF(COUNTIF($A$4:$A$253,A7)>1,"Duplicate CAP-ID",IF(OR(B7="",C7="",D7="",E7="",F7="",G7=""),"Definition / owner / source missing",IF(AND(J7="Confirmed",OR(I7="",H7="",H7="Unknown",H7="Low")),"Confirmed capability lacks verification","OK — verify source")))))
K8: =IF(COUNTA(A8:J8)=0,"",IF(A8="","CAP-ID missing",IF(COUNTIF($A$4:$A$253,A8)>1,"Duplicate CAP-ID",IF(OR(B8="",C8="",D8="",E8="",F8="",G8=""),"Definition / owner / source missing",IF(AND(J8="Confirmed",OR(I8="",H8="",H8="Unknown",H8="Low")),"Confirmed capability lacks verification","OK — verify source")))))
K9: =IF(COUNTA(A9:J9)=0,"",IF(A9="","CAP-ID missing",IF(COUNTIF($A$4:$A$253,A9)>1,"Duplicate CAP-ID",IF(OR(B9="",C9="",D9="",E9="",F9="",G9=""),"Definition / owner / source missing",IF(AND(J9="Confirmed",OR(I9="",H9="",H9="Unknown",H9="Low")),"Confirmed capability lacks verification","OK — verify source")))))
K10: =IF(COUNTA(A10:J10)=0,"",IF(A10="","CAP-ID missing",IF(COUNTIF($A$4:$A$253,A10)>1,"Duplicate CAP-ID",IF(OR(B10="",C10="",D10="",E10="",F10="",G10=""),"Definition / owner / source missing",IF(AND(J10="Confirmed",OR(I10="",H10="",H10="Unknown",H10="Low")),"Confirmed capability lacks verification","OK — verify source")))))
K11: =IF(COUNTA(A11:J11)=0,"",IF(A11="","CAP-ID missing",IF(COUNTIF($A$4:$A$253,A11)>1,"Duplicate CAP-ID",IF(OR(B11="",C11="",D11="",E11="",F11="",G11=""),"Definition / owner / source missing",IF(AND(J11="Confirmed",OR(I11="",H11="",H11="Unknown",H11="Low")),"Confirmed capability lacks verification","OK — verify source")))))
K12: =IF(COUNTA(A12:J12)=0,"",IF(A12="","CAP-ID missing",IF(COUNTIF($A$4:$A$253,A12)>1,"Duplicate CAP-ID",IF(OR(B12="",C12="",D12="",E12="",F12="",G12=""),"Definition / owner / source missing",IF(AND(J12="Confirmed",OR(I12="",H12="",H12="Unknown",H12="Low")),"Confirmed capability lacks verification","OK — verify source")))))
K13: =IF(COUNTA(A13:J13)=0,"",IF(A13="","CAP-ID missing",IF(COUNTIF($A$4:$A$253,A13)>1,"Duplicate CAP-ID",IF(OR(B13="",C13="",D13="",E13="",F13="",G13=""),"Definition / owner / source missing",IF(AND(J13="Confirmed",OR(I13="",H13="",H13="Unknown",H13="Low")),"Confirmed capability lacks verification","OK — verify source")))))
K14: =IF(COUNTA(A14:J14)=0,"",IF(A14="","CAP-ID missing",IF(COUNTIF($A$4:$A$253,A14)>1,"Duplicate CAP-ID",IF(OR(B14="",C14="",D14="",E14="",F14="",G14=""),"Definition / owner / source missing",IF(AND(J14="Confirmed",OR(I14="",H14="",H14="Unknown",H14="Low")),"Confirmed capability lacks verification","OK — verify source")))))
K15: =IF(COUNTA(A15:J15)=0,"",IF(A15="","CAP-ID missing",IF(COUNTIF($A$4:$A$253,A15)>1,"Duplicate CAP-ID",IF(OR(B15="",C15="",D15="",E15="",F15="",G15=""),"Definition / owner / source missing",IF(AND(J15="Confirmed",OR(I15="",H15="",H15="Unknown",H15="Low")),"Confirmed capability lacks verification","OK — verify source")))))
... K253: =IF(COUNTA(A253:J253)=0,"",IF(A253="","CAP-ID missing",IF(COUNTIF($A$4:$A$253,A253)>1,"Duplicate CAP-ID",IF(OR(B253="",C253="",D253="",E253="",F253="",G253=""),"Definition / owner / source missing",IF(AND(J253="Confirmed",OR(I253="",H253="",H253="Unknown",H253="Low")),"Confirmed capability lacks verification","OK — verify source")))))

Sheet Components
A1: COMPONENT REFERENCES / NOT CONTROL COPIES
A2: One version-specific pointer per model, data asset, interface, agent or tool. AIG-ASS-09/AIG-AGT-04/AIG-AGT-05, catalogue and specialist sources remain authoritative; no permission is granted here.
A3: Reference ID | B3: Type | C3: Name / short label | D3: Version / config | E3: Canonical source artefact | F3: Exact source row / URI | G3: Owning AIR-ID (if any) | H3: Source owner | I3: Confidence | J3: Verified on | K3: State | L3: Row check
L4: =IF(COUNTA(A4:K4)=0,"",IF(A4="","Reference ID missing",IF(COUNTIF($A$4:$A$253,A4)>1,"Duplicate reference ID",IF(OR(B4="",C4="",E4="",F4="",H4=""),"Type / source / owner missing",IF(AND(G4<>"",COUNTIF('System map'!$A$4:$A$203,G4)<>1),"Owning AIR-ID not reconciled",IF(AND(K4="Confirmed",OR(J4="",I4="",I4="Unknown",I4="Low")),"Confirmed reference lacks verification","OK — verify source"))))))
L5: =IF(COUNTA(A5:K5)=0,"",IF(A5="","Reference ID missing",IF(COUNTIF($A$4:$A$253,A5)>1,"Duplicate reference ID",IF(OR(B5="",C5="",E5="",F5="",H5=""),"Type / source / owner missing",IF(AND(G5<>"",COUNTIF('System map'!$A$4:$A$203,G5)<>1),"Owning AIR-ID not reconciled",IF(AND(K5="Confirmed",OR(J5="",I5="",I5="Unknown",I5="Low")),"Confirmed reference lacks verification","OK — verify source"))))))
L6: =IF(COUNTA(A6:K6)=0,"",IF(A6="","Reference ID missing",IF(COUNTIF($A$4:$A$253,A6)>1,"Duplicate reference ID",IF(OR(B6="",C6="",E6="",F6="",H6=""),"Type / source / owner missing",IF(AND(G6<>"",COUNTIF('System map'!$A$4:$A$203,G6)<>1),"Owning AIR-ID not reconciled",IF(AND(K6="Confirmed",OR(J6="",I6="",I6="Unknown",I6="Low")),"Confirmed reference lacks verification","OK — verify source"))))))
L7: =IF(COUNTA(A7:K7)=0,"",IF(A7="","Reference ID missing",IF(COUNTIF($A$4:$A$253,A7)>1,"Duplicate reference ID",IF(OR(B7="",C7="",E7="",F7="",H7=""),"Type / source / owner missing",IF(AND(G7<>"",COUNTIF('System map'!$A$4:$A$203,G7)<>1),"Owning AIR-ID not reconciled",IF(AND(K7="Confirmed",OR(J7="",I7="",I7="Unknown",I7="Low")),"Confirmed reference lacks verification","OK — verify source"))))))
L8: =IF(COUNTA(A8:K8)=0,"",IF(A8="","Reference ID missing",IF(COUNTIF($A$4:$A$253,A8)>1,"Duplicate reference ID",IF(OR(B8="",C8="",E8="",F8="",H8=""),"Type / source / owner missing",IF(AND(G8<>"",COUNTIF('System map'!$A$4:$A$203,G8)<>1),"Owning AIR-ID not reconciled",IF(AND(K8="Confirmed",OR(J8="",I8="",I8="Unknown",I8="Low")),"Confirmed reference lacks verification","OK — verify source"))))))
L9: =IF(COUNTA(A9:K9)=0,"",IF(A9="","Reference ID missing",IF(COUNTIF($A$4:$A$253,A9)>1,"Duplicate reference ID",IF(OR(B9="",C9="",E9="",F9="",H9=""),"Type / source / owner missing",IF(AND(G9<>"",COUNTIF('System map'!$A$4:$A$203,G9)<>1),"Owning AIR-ID not reconciled",IF(AND(K9="Confirmed",OR(J9="",I9="",I9="Unknown",I9="Low")),"Confirmed reference lacks verification","OK — verify source"))))))
L10: =IF(COUNTA(A10:K10)=0,"",IF(A10="","Reference ID missing",IF(COUNTIF($A$4:$A$253,A10)>1,"Duplicate reference ID",IF(OR(B10="",C10="",E10="",F10="",H10=""),"Type / source / owner missing",IF(AND(G10<>"",COUNTIF('System map'!$A$4:$A$203,G10)<>1),"Owning AIR-ID not reconciled",IF(AND(K10="Confirmed",OR(J10="",I10="",I10="Unknown",I10="Low")),"Confirmed reference lacks verification","OK — verify source"))))))
L11: =IF(COUNTA(A11:K11)=0,"",IF(A11="","Reference ID missing",IF(COUNTIF($A$4:$A$253,A11)>1,"Duplicate reference ID",IF(OR(B11="",C11="",E11="",F11="",H11=""),"Type / source / owner missing",IF(AND(G11<>"",COUNTIF('System map'!$A$4:$A$203,G11)<>1),"Owning AIR-ID not reconciled",IF(AND(K11="Confirmed",OR(J11="",I11="",I11="Unknown",I11="Low")),"Confirmed reference lacks verification","OK — verify source"))))))
L12: =IF(COUNTA(A12:K12)=0,"",IF(A12="","Reference ID missing",IF(COUNTIF($A$4:$A$253,A12)>1,"Duplicate reference ID",IF(OR(B12="",C12="",E12="",F12="",H12=""),"Type / source / owner missing",IF(AND(G12<>"",COUNTIF('System map'!$A$4:$A$203,G12)<>1),"Owning AIR-ID not reconciled",IF(AND(K12="Confirmed",OR(J12="",I12="",I12="Unknown",I12="Low")),"Confirmed reference lacks verification","OK — verify source"))))))
L13: =IF(COUNTA(A13:K13)=0,"",IF(A13="","Reference ID missing",IF(COUNTIF($A$4:$A$253,A13)>1,"Duplicate reference ID",IF(OR(B13="",C13="",E13="",F13="",H13=""),"Type / source / owner missing",IF(AND(G13<>"",COUNTIF('System map'!$A$4:$A$203,G13)<>1),"Owning AIR-ID not reconciled",IF(AND(K13="Confirmed",OR(J13="",I13="",I13="Unknown",I13="Low")),"Confirmed reference lacks verification","OK — verify source"))))))
L14: =IF(COUNTA(A14:K14)=0,"",IF(A14="","Reference ID missing",IF(COUNTIF($A$4:$A$253,A14)>1,"Duplicate reference ID",IF(OR(B14="",C14="",E14="",F14="",H14=""),"Type / source / owner missing",IF(AND(G14<>"",COUNTIF('System map'!$A$4:$A$203,G14)<>1),"Owning AIR-ID not reconciled",IF(AND(K14="Confirmed",OR(J14="",I14="",I14="Unknown",I14="Low")),"Confirmed reference lacks verification","OK — verify source"))))))
L15: =IF(COUNTA(A15:K15)=0,"",IF(A15="","Reference ID missing",IF(COUNTIF($A$4:$A$253,A15)>1,"Duplicate reference ID",IF(OR(B15="",C15="",E15="",F15="",H15=""),"Type / source / owner missing",IF(AND(G15<>"",COUNTIF('System map'!$A$4:$A$203,G15)<>1),"Owning AIR-ID not reconciled",IF(AND(K15="Confirmed",OR(J15="",I15="",I15="Unknown",I15="Low")),"Confirmed reference lacks verification","OK — verify source"))))))
... L253: =IF(COUNTA(A253:K253)=0,"",IF(A253="","Reference ID missing",IF(COUNTIF($A$4:$A$253,A253)>1,"Duplicate reference ID",IF(OR(B253="",C253="",E253="",F253="",H253=""),"Type / source / owner missing",IF(AND(G253<>"",COUNTIF('System map'!$A$4:$A$203,G253)<>1),"Owning AIR-ID not reconciled",IF(AND(K253="Confirmed",OR(J253="",I253="",I253="Unknown",I253="Low")),"Confirmed reference lacks verification","OK — verify source"))))))

Sheet Relationships
A1: EVIDENCED RELATIONSHIPS / EDGES
A2: UC → CAP may be staged without AIR-ID. Other edges need official AIR context. Confirmed links require owner, source, confidence and verification date; links do not confer permissions. Superseded rows are kept as history and excluded from duplicate tests; an AIR → component edge must match the component's owning AIR-ID.
A3: Map Edge ID | B3: From type | C3: From ID | D3: Relationship | E3: To type | F3: To ID | G3: AIR context | H3: Meaning / data or action flow | I3: Link owner | J3: Evidence / source ref | K3: Confidence | L3: Verified on | M3: State | N3: Link check
N4: =IF(COUNTA(A4:M4)=0,"",IF(OR(A4="",B4="",C4="",D4="",E4="",F4="",I4="",J4="",K4="",M4=""),"Required link detail missing",IF(COUNTIF($A$4:$A$1003,A4)>1,"Duplicate Map Edge ID",IF(NOT(OR(AND(B4="UC",E4="CAP",D4="requires"),AND(B4="CAP",E4="AIR",D4="provided by"),AND(B4="AIR",OR(E4="MOD",E4="DATA",E4="IF",E4="AG",E4="TOOL"),D4="references"),AND(B4="AIR",E4="AIR",D4="depends on"))),"Invalid relationship",IF(AND(M4<>"Superseded",COUNTIFS($B$4:$B$1003,B4,$C$4:$C$1003,C4,$D$4:$D$1003,D4,$E$4:$E$1003,E4,$F$4:$F$1003,F4,$G$4:$G$1003,G4,$M$4:$M$1003,"<>Superseded")>1),"Duplicate relationship",IF(OR(IF(B4="UC",COUNTIF('Use cases'!$A$4:$A$253,C4),IF(B4="CAP",COUNTIF(Capabilities!$A$4:$A$253,C4),IF(B4="AIR",COUNTIF('System map'!$A$4:$A$203,C4),COUNTIFS(Components!$A$4:$A$253,C4,Components!$B$4:$B$253,B4))))<>1,IF(E4="UC",COUNTIF('Use cases'!$A$4:$A$253,F4),IF(E4="CAP",COUNTIF(Capabilities!$A$4:$A$253,F4),IF(E4="AIR",COUNTIF('System map'!$A$4:$A$203,F4),COUNTIFS(Components!$A$4:$A$253,F4,Components!$B$4:$B$253,E4))))<>1),"Endpoint missing or duplicated",IF(AND(NOT(AND(B4="UC",E4="CAP")),OR(G4="",COUNTIF('System map'!$A$4:$A$203,G4)<>1)),"AIR context missing / unknown",IF(AND(B4="CAP",E4="AIR",G4<>F4),"AIR context mismatch",IF(AND(B4="AIR",G4<>C4),"AIR context mismatch",IF(AND(B4="AIR",E4="AIR",C4=F4),"Self-dependency",IF(AND(B4="AIR",E4="AIR",M4<>"Superseded",COUNTIFS($B$4:$B$1003,"AIR",$C$4:$C$1003,F4,$E$4:$E$1003,"AIR",$F$4:$F$1003,C4,$M$4:$M$1003,"<>Superseded")>0),"Dependency cycle (A↔B) — review",IF(AND(B4="AIR",OR(E4="MOD",E4="DATA",E4="IF",E4="AG",E4="TOOL"),IFERROR(INDEX(Components!$G$4:$G$253,MATCH(F4,Components!$A$4:$A$253,0)),"")<>"",IFERROR(INDEX(Components!$G$4:$G$253,MATCH(F4,Components!$A$4:$A$253,0)),"")<>C4),"Component owned by another AIR-ID",IF(AND(M4="Confirmed",OR(IF(B4="UC",COUNTIFS('Use cases'!$A$4:$A$253,C4,'Use cases'!$I$4:$I$253,"Confirmed",'Use cases'!$J$4:$J$253,"OK — verify source"),IF(B4="CAP",COUNTIFS(Capabilities!$A$4:$A$253,C4,Capabilities!$J$4:$J$253,"Confirmed",Capabilities!$K$4:$K$253,"OK — verify source"),IF(B4="AIR",COUNTIFS('System map'!$A$4:$A$203,C4,'System map'!$B$4:$B$203,"<>",'System map'!$C$4:$C$203,"<>",'System map'!$D$4:$D$203,"<>"),COUNTIFS(Components!$A$4:$A$253,C4,Components!$B$4:$B$253,B4,Components!$K$4:$K$253,"Confirmed",Components!$L$4:$L$253,"OK — verify source"))))<>1,IF(E4="UC",COUNTIFS('Use cases'!$A$4:$A$253,F4,'Use cases'!$I$4:$I$253,"Confirmed",'Use cases'!$J$4:$J$253,"OK — verify source"),IF(E4="CAP",COUNTIFS(Capabilities!$A$4:$A$253,F4,Capabilities!$J$4:$J$253,"Confirmed",Capabilities!$K$4:$K$253,"OK — verify source"),IF(E4="AIR",COUNTIFS('System map'!$A$4:$A$203,F4,'System map'!$B$4:$B$203,"<>",'System map'!$C$4:$C$203,"<>",'System map'!$D$4:$D$203,"<>"),COUNTIFS(Components!$A$4:$A$253,F4,Components!$B$4:$B$253,E4,Components!$K$4:$K$253,"Confirmed",Components!$L$4:$L$253,"OK — verify source"))))<>1)),"Endpoint not source-reconciled",IF(AND(M4="Confirmed",OR(L4="",K4="",K4="Unknown",K4="Low")),"Confirmed link lacks verification","OK — verify source"))))))))))))))
N5: =IF(COUNTA(A5:M5)=0,"",IF(OR(A5="",B5="",C5="",D5="",E5="",F5="",I5="",J5="",K5="",M5=""),"Required link detail missing",IF(COUNTIF($A$4:$A$1003,A5)>1,"Duplicate Map Edge ID",IF(NOT(OR(AND(B5="UC",E5="CAP",D5="requires"),AND(B5="CAP",E5="AIR",D5="provided by"),AND(B5="AIR",OR(E5="MOD",E5="DATA",E5="IF",E5="AG",E5="TOOL"),D5="references"),AND(B5="AIR",E5="AIR",D5="depends on"))),"Invalid relationship",IF(AND(M5<>"Superseded",COUNTIFS($B$4:$B$1003,B5,$C$4:$C$1003,C5,$D$4:$D$1003,D5,$E$4:$E$1003,E5,$F$4:$F$1003,F5,$G$4:$G$1003,G5,$M$4:$M$1003,"<>Superseded")>1),"Duplicate relationship",IF(OR(IF(B5="UC",COUNTIF('Use cases'!$A$4:$A$253,C5),IF(B5="CAP",COUNTIF(Capabilities!$A$4:$A$253,C5),IF(B5="AIR",COUNTIF('System map'!$A$4:$A$203,C5),COUNTIFS(Components!$A$4:$A$253,C5,Components!$B$4:$B$253,B5))))<>1,IF(E5="UC",COUNTIF('Use cases'!$A$4:$A$253,F5),IF(E5="CAP",COUNTIF(Capabilities!$A$4:$A$253,F5),IF(E5="AIR",COUNTIF('System map'!$A$4:$A$203,F5),COUNTIFS(Components!$A$4:$A$253,F5,Components!$B$4:$B$253,E5))))<>1),"Endpoint missing or duplicated",IF(AND(NOT(AND(B5="UC",E5="CAP")),OR(G5="",COUNTIF('System map'!$A$4:$A$203,G5)<>1)),"AIR context missing / unknown",IF(AND(B5="CAP",E5="AIR",G5<>F5),"AIR context mismatch",IF(AND(B5="AIR",G5<>C5),"AIR context mismatch",IF(AND(B5="AIR",E5="AIR",C5=F5),"Self-dependency",IF(AND(B5="AIR",E5="AIR",M5<>"Superseded",COUNTIFS($B$4:$B$1003,"AIR",$C$4:$C$1003,F5,$E$4:$E$1003,"AIR",$F$4:$F$1003,C5,$M$4:$M$1003,"<>Superseded")>0),"Dependency cycle (A↔B) — review",IF(AND(B5="AIR",OR(E5="MOD",E5="DATA",E5="IF",E5="AG",E5="TOOL"),IFERROR(INDEX(Components!$G$4:$G$253,MATCH(F5,Components!$A$4:$A$253,0)),"")<>"",IFERROR(INDEX(Components!$G$4:$G$253,MATCH(F5,Components!$A$4:$A$253,0)),"")<>C5),"Component owned by another AIR-ID",IF(AND(M5="Confirmed",OR(IF(B5="UC",COUNTIFS('Use cases'!$A$4:$A$253,C5,'Use cases'!$I$4:$I$253,"Confirmed",'Use cases'!$J$4:$J$253,"OK — verify source"),IF(B5="CAP",COUNTIFS(Capabilities!$A$4:$A$253,C5,Capabilities!$J$4:$J$253,"Confirmed",Capabilities!$K$4:$K$253,"OK — verify source"),IF(B5="AIR",COUNTIFS('System map'!$A$4:$A$203,C5,'System map'!$B$4:$B$203,"<>",'System map'!$C$4:$C$203,"<>",'System map'!$D$4:$D$203,"<>"),COUNTIFS(Components!$A$4:$A$253,C5,Components!$B$4:$B$253,B5,Components!$K$4:$K$253,"Confirmed",Components!$L$4:$L$253,"OK — verify source"))))<>1,IF(E5="UC",COUNTIFS('Use cases'!$A$4:$A$253,F5,'Use cases'!$I$4:$I$253,"Confirmed",'Use cases'!$J$4:$J$253,"OK — verify source"),IF(E5="CAP",COUNTIFS(Capabilities!$A$4:$A$253,F5,Capabilities!$J$4:$J$253,"Confirmed",Capabilities!$K$4:$K$253,"OK — verify source"),IF(E5="AIR",COUNTIFS('System map'!$A$4:$A$203,F5,'System map'!$B$4:$B$203,"<>",'System map'!$C$4:$C$203,"<>",'System map'!$D$4:$D$203,"<>"),COUNTIFS(Components!$A$4:$A$253,F5,Components!$B$4:$B$253,E5,Components!$K$4:$K$253,"Confirmed",Components!$L$4:$L$253,"OK — verify source"))))<>1)),"Endpoint not source-reconciled",IF(AND(M5="Confirmed",OR(L5="",K5="",K5="Unknown",K5="Low")),"Confirmed link lacks verification","OK — verify source"))))))))))))))
N6: =IF(COUNTA(A6:M6)=0,"",IF(OR(A6="",B6="",C6="",D6="",E6="",F6="",I6="",J6="",K6="",M6=""),"Required link detail missing",IF(COUNTIF($A$4:$A$1003,A6)>1,"Duplicate Map Edge ID",IF(NOT(OR(AND(B6="UC",E6="CAP",D6="requires"),AND(B6="CAP",E6="AIR",D6="provided by"),AND(B6="AIR",OR(E6="MOD",E6="DATA",E6="IF",E6="AG",E6="TOOL"),D6="references"),AND(B6="AIR",E6="AIR",D6="depends on"))),"Invalid relationship",IF(AND(M6<>"Superseded",COUNTIFS($B$4:$B$1003,B6,$C$4:$C$1003,C6,$D$4:$D$1003,D6,$E$4:$E$1003,E6,$F$4:$F$1003,F6,$G$4:$G$1003,G6,$M$4:$M$1003,"<>Superseded")>1),"Duplicate relationship",IF(OR(IF(B6="UC",COUNTIF('Use cases'!$A$4:$A$253,C6),IF(B6="CAP",COUNTIF(Capabilities!$A$4:$A$253,C6),IF(B6="AIR",COUNTIF('System map'!$A$4:$A$203,C6),COUNTIFS(Components!$A$4:$A$253,C6,Components!$B$4:$B$253,B6))))<>1,IF(E6="UC",COUNTIF('Use cases'!$A$4:$A$253,F6),IF(E6="CAP",COUNTIF(Capabilities!$A$4:$A$253,F6),IF(E6="AIR",COUNTIF('System map'!$A$4:$A$203,F6),COUNTIFS(Components!$A$4:$A$253,F6,Components!$B$4:$B$253,E6))))<>1),"Endpoint missing or duplicated",IF(AND(NOT(AND(B6="UC",E6="CAP")),OR(G6="",COUNTIF('System map'!$A$4:$A$203,G6)<>1)),"AIR context missing / unknown",IF(AND(B6="CAP",E6="AIR",G6<>F6),"AIR context mismatch",IF(AND(B6="AIR",G6<>C6),"AIR context mismatch",IF(AND(B6="AIR",E6="AIR",C6=F6),"Self-dependency",IF(AND(B6="AIR",E6="AIR",M6<>"Superseded",COUNTIFS($B$4:$B$1003,"AIR",$C$4:$C$1003,F6,$E$4:$E$1003,"AIR",$F$4:$F$1003,C6,$M$4:$M$1003,"<>Superseded")>0),"Dependency cycle (A↔B) — review",IF(AND(B6="AIR",OR(E6="MOD",E6="DATA",E6="IF",E6="AG",E6="TOOL"),IFERROR(INDEX(Components!$G$4:$G$253,MATCH(F6,Components!$A$4:$A$253,0)),"")<>"",IFERROR(INDEX(Components!$G$4:$G$253,MATCH(F6,Components!$A$4:$A$253,0)),"")<>C6),"Component owned by another AIR-ID",IF(AND(M6="Confirmed",OR(IF(B6="UC",COUNTIFS('Use cases'!$A$4:$A$253,C6,'Use cases'!$I$4:$I$253,"Confirmed",'Use cases'!$J$4:$J$253,"OK — verify source"),IF(B6="CAP",COUNTIFS(Capabilities!$A$4:$A$253,C6,Capabilities!$J$4:$J$253,"Confirmed",Capabilities!$K$4:$K$253,"OK — verify source"),IF(B6="AIR",COUNTIFS('System map'!$A$4:$A$203,C6,'System map'!$B$4:$B$203,"<>",'System map'!$C$4:$C$203,"<>",'System map'!$D$4:$D$203,"<>"),COUNTIFS(Components!$A$4:$A$253,C6,Components!$B$4:$B$253,B6,Components!$K$4:$K$253,"Confirmed",Components!$L$4:$L$253,"OK — verify source"))))<>1,IF(E6="UC",COUNTIFS('Use cases'!$A$4:$A$253,F6,'Use cases'!$I$4:$I$253,"Confirmed",'Use cases'!$J$4:$J$253,"OK — verify source"),IF(E6="CAP",COUNTIFS(Capabilities!$A$4:$A$253,F6,Capabilities!$J$4:$J$253,"Confirmed",Capabilities!$K$4:$K$253,"OK — verify source"),IF(E6="AIR",COUNTIFS('System map'!$A$4:$A$203,F6,'System map'!$B$4:$B$203,"<>",'System map'!$C$4:$C$203,"<>",'System map'!$D$4:$D$203,"<>"),COUNTIFS(Components!$A$4:$A$253,F6,Components!$B$4:$B$253,E6,Components!$K$4:$K$253,"Confirmed",Components!$L$4:$L$253,"OK — verify source"))))<>1)),"Endpoint not source-reconciled",IF(AND(M6="Confirmed",OR(L6="",K6="",K6="Unknown",K6="Low")),"Confirmed link lacks verification","OK — verify source"))))))))))))))
N7: =IF(COUNTA(A7:M7)=0,"",IF(OR(A7="",B7="",C7="",D7="",E7="",F7="",I7="",J7="",K7="",M7=""),"Required link detail missing",IF(COUNTIF($A$4:$A$1003,A7)>1,"Duplicate Map Edge ID",IF(NOT(OR(AND(B7="UC",E7="CAP",D7="requires"),AND(B7="CAP",E7="AIR",D7="provided by"),AND(B7="AIR",OR(E7="MOD",E7="DATA",E7="IF",E7="AG",E7="TOOL"),D7="references"),AND(B7="AIR",E7="AIR",D7="depends on"))),"Invalid relationship",IF(AND(M7<>"Superseded",COUNTIFS($B$4:$B$1003,B7,$C$4:$C$1003,C7,$D$4:$D$1003,D7,$E$4:$E$1003,E7,$F$4:$F$1003,F7,$G$4:$G$1003,G7,$M$4:$M$1003,"<>Superseded")>1),"Duplicate relationship",IF(OR(IF(B7="UC",COUNTIF('Use cases'!$A$4:$A$253,C7),IF(B7="CAP",COUNTIF(Capabilities!$A$4:$A$253,C7),IF(B7="AIR",COUNTIF('System map'!$A$4:$A$203,C7),COUNTIFS(Components!$A$4:$A$253,C7,Components!$B$4:$B$253,B7))))<>1,IF(E7="UC",COUNTIF('Use cases'!$A$4:$A$253,F7),IF(E7="CAP",COUNTIF(Capabilities!$A$4:$A$253,F7),IF(E7="AIR",COUNTIF('System map'!$A$4:$A$203,F7),COUNTIFS(Components!$A$4:$A$253,F7,Components!$B$4:$B$253,E7))))<>1),"Endpoint missing or duplicated",IF(AND(NOT(AND(B7="UC",E7="CAP")),OR(G7="",COUNTIF('System map'!$A$4:$A$203,G7)<>1)),"AIR context missing / unknown",IF(AND(B7="CAP",E7="AIR",G7<>F7),"AIR context mismatch",IF(AND(B7="AIR",G7<>C7),"AIR context mismatch",IF(AND(B7="AIR",E7="AIR",C7=F7),"Self-dependency",IF(AND(B7="AIR",E7="AIR",M7<>"Superseded",COUNTIFS($B$4:$B$1003,"AIR",$C$4:$C$1003,F7,$E$4:$E$1003,"AIR",$F$4:$F$1003,C7,$M$4:$M$1003,"<>Superseded")>0),"Dependency cycle (A↔B) — review",IF(AND(B7="AIR",OR(E7="MOD",E7="DATA",E7="IF",E7="AG",E7="TOOL"),IFERROR(INDEX(Components!$G$4:$G$253,MATCH(F7,Components!$A$4:$A$253,0)),"")<>"",IFERROR(INDEX(Components!$G$4:$G$253,MATCH(F7,Components!$A$4:$A$253,0)),"")<>C7),"Component owned by another AIR-ID",IF(AND(M7="Confirmed",OR(IF(B7="UC",COUNTIFS('Use cases'!$A$4:$A$253,C7,'Use cases'!$I$4:$I$253,"Confirmed",'Use cases'!$J$4:$J$253,"OK — verify source"),IF(B7="CAP",COUNTIFS(Capabilities!$A$4:$A$253,C7,Capabilities!$J$4:$J$253,"Confirmed",Capabilities!$K$4:$K$253,"OK — verify source"),IF(B7="AIR",COUNTIFS('System map'!$A$4:$A$203,C7,'System map'!$B$4:$B$203,"<>",'System map'!$C$4:$C$203,"<>",'System map'!$D$4:$D$203,"<>"),COUNTIFS(Components!$A$4:$A$253,C7,Components!$B$4:$B$253,B7,Components!$K$4:$K$253,"Confirmed",Components!$L$4:$L$253,"OK — verify source"))))<>1,IF(E7="UC",COUNTIFS('Use cases'!$A$4:$A$253,F7,'Use cases'!$I$4:$I$253,"Confirmed",'Use cases'!$J$4:$J$253,"OK — verify source"),IF(E7="CAP",COUNTIFS(Capabilities!$A$4:$A$253,F7,Capabilities!$J$4:$J$253,"Confirmed",Capabilities!$K$4:$K$253,"OK — verify source"),IF(E7="AIR",COUNTIFS('System map'!$A$4:$A$203,F7,'System map'!$B$4:$B$203,"<>",'System map'!$C$4:$C$203,"<>",'System map'!$D$4:$D$203,"<>"),COUNTIFS(Components!$A$4:$A$253,F7,Components!$B$4:$B$253,E7,Components!$K$4:$K$253,"Confirmed",Components!$L$4:$L$253,"OK — verify source"))))<>1)),"Endpoint not source-reconciled",IF(AND(M7="Confirmed",OR(L7="",K7="",K7="Unknown",K7="Low")),"Confirmed link lacks verification","OK — verify source"))))))))))))))
N8: =IF(COUNTA(A8:M8)=0,"",IF(OR(A8="",B8="",C8="",D8="",E8="",F8="",I8="",J8="",K8="",M8=""),"Required link detail missing",IF(COUNTIF($A$4:$A$1003,A8)>1,"Duplicate Map Edge ID",IF(NOT(OR(AND(B8="UC",E8="CAP",D8="requires"),AND(B8="CAP",E8="AIR",D8="provided by"),AND(B8="AIR",OR(E8="MOD",E8="DATA",E8="IF",E8="AG",E8="TOOL"),D8="references"),AND(B8="AIR",E8="AIR",D8="depends on"))),"Invalid relationship",IF(AND(M8<>"Superseded",COUNTIFS($B$4:$B$1003,B8,$C$4:$C$1003,C8,$D$4:$D$1003,D8,$E$4:$E$1003,E8,$F$4:$F$1003,F8,$G$4:$G$1003,G8,$M$4:$M$1003,"<>Superseded")>1),"Duplicate relationship",IF(OR(IF(B8="UC",COUNTIF('Use cases'!$A$4:$A$253,C8),IF(B8="CAP",COUNTIF(Capabilities!$A$4:$A$253,C8),IF(B8="AIR",COUNTIF('System map'!$A$4:$A$203,C8),COUNTIFS(Components!$A$4:$A$253,C8,Components!$B$4:$B$253,B8))))<>1,IF(E8="UC",COUNTIF('Use cases'!$A$4:$A$253,F8),IF(E8="CAP",COUNTIF(Capabilities!$A$4:$A$253,F8),IF(E8="AIR",COUNTIF('System map'!$A$4:$A$203,F8),COUNTIFS(Components!$A$4:$A$253,F8,Components!$B$4:$B$253,E8))))<>1),"Endpoint missing or duplicated",IF(AND(NOT(AND(B8="UC",E8="CAP")),OR(G8="",COUNTIF('System map'!$A$4:$A$203,G8)<>1)),"AIR context missing / unknown",IF(AND(B8="CAP",E8="AIR",G8<>F8),"AIR context mismatch",IF(AND(B8="AIR",G8<>C8),"AIR context mismatch",IF(AND(B8="AIR",E8="AIR",C8=F8),"Self-dependency",IF(AND(B8="AIR",E8="AIR",M8<>"Superseded",COUNTIFS($B$4:$B$1003,"AIR",$C$4:$C$1003,F8,$E$4:$E$1003,"AIR",$F$4:$F$1003,C8,$M$4:$M$1003,"<>Superseded")>0),"Dependency cycle (A↔B) — review",IF(AND(B8="AIR",OR(E8="MOD",E8="DATA",E8="IF",E8="AG",E8="TOOL"),IFERROR(INDEX(Components!$G$4:$G$253,MATCH(F8,Components!$A$4:$A$253,0)),"")<>"",IFERROR(INDEX(Components!$G$4:$G$253,MATCH(F8,Components!$A$4:$A$253,0)),"")<>C8),"Component owned by another AIR-ID",IF(AND(M8="Confirmed",OR(IF(B8="UC",COUNTIFS('Use cases'!$A$4:$A$253,C8,'Use cases'!$I$4:$I$253,"Confirmed",'Use cases'!$J$4:$J$253,"OK — verify source"),IF(B8="CAP",COUNTIFS(Capabilities!$A$4:$A$253,C8,Capabilities!$J$4:$J$253,"Confirmed",Capabilities!$K$4:$K$253,"OK — verify source"),IF(B8="AIR",COUNTIFS('System map'!$A$4:$A$203,C8,'System map'!$B$4:$B$203,"<>",'System map'!$C$4:$C$203,"<>",'System map'!$D$4:$D$203,"<>"),COUNTIFS(Components!$A$4:$A$253,C8,Components!$B$4:$B$253,B8,Components!$K$4:$K$253,"Confirmed",Components!$L$4:$L$253,"OK — verify source"))))<>1,IF(E8="UC",COUNTIFS('Use cases'!$A$4:$A$253,F8,'Use cases'!$I$4:$I$253,"Confirmed",'Use cases'!$J$4:$J$253,"OK — verify source"),IF(E8="CAP",COUNTIFS(Capabilities!$A$4:$A$253,F8,Capabilities!$J$4:$J$253,"Confirmed",Capabilities!$K$4:$K$253,"OK — verify source"),IF(E8="AIR",COUNTIFS('System map'!$A$4:$A$203,F8,'System map'!$B$4:$B$203,"<>",'System map'!$C$4:$C$203,"<>",'System map'!$D$4:$D$203,"<>"),COUNTIFS(Components!$A$4:$A$253,F8,Components!$B$4:$B$253,E8,Components!$K$4:$K$253,"Confirmed",Components!$L$4:$L$253,"OK — verify source"))))<>1)),"Endpoint not source-reconciled",IF(AND(M8="Confirmed",OR(L8="",K8="",K8="Unknown",K8="Low")),"Confirmed link lacks verification","OK — verify source"))))))))))))))
N9: =IF(COUNTA(A9:M9)=0,"",IF(OR(A9="",B9="",C9="",D9="",E9="",F9="",I9="",J9="",K9="",M9=""),"Required link detail missing",IF(COUNTIF($A$4:$A$1003,A9)>1,"Duplicate Map Edge ID",IF(NOT(OR(AND(B9="UC",E9="CAP",D9="requires"),AND(B9="CAP",E9="AIR",D9="provided by"),AND(B9="AIR",OR(E9="MOD",E9="DATA",E9="IF",E9="AG",E9="TOOL"),D9="references"),AND(B9="AIR",E9="AIR",D9="depends on"))),"Invalid relationship",IF(AND(M9<>"Superseded",COUNTIFS($B$4:$B$1003,B9,$C$4:$C$1003,C9,$D$4:$D$1003,D9,$E$4:$E$1003,E9,$F$4:$F$1003,F9,$G$4:$G$1003,G9,$M$4:$M$1003,"<>Superseded")>1),"Duplicate relationship",IF(OR(IF(B9="UC",COUNTIF('Use cases'!$A$4:$A$253,C9),IF(B9="CAP",COUNTIF(Capabilities!$A$4:$A$253,C9),IF(B9="AIR",COUNTIF('System map'!$A$4:$A$203,C9),COUNTIFS(Components!$A$4:$A$253,C9,Components!$B$4:$B$253,B9))))<>1,IF(E9="UC",COUNTIF('Use cases'!$A$4:$A$253,F9),IF(E9="CAP",COUNTIF(Capabilities!$A$4:$A$253,F9),IF(E9="AIR",COUNTIF('System map'!$A$4:$A$203,F9),COUNTIFS(Components!$A$4:$A$253,F9,Components!$B$4:$B$253,E9))))<>1),"Endpoint missing or duplicated",IF(AND(NOT(AND(B9="UC",E9="CAP")),OR(G9="",COUNTIF('System map'!$A$4:$A$203,G9)<>1)),"AIR context missing / unknown",IF(AND(B9="CAP",E9="AIR",G9<>F9),"AIR context mismatch",IF(AND(B9="AIR",G9<>C9),"AIR context mismatch",IF(AND(B9="AIR",E9="AIR",C9=F9),"Self-dependency",IF(AND(B9="AIR",E9="AIR",M9<>"Superseded",COUNTIFS($B$4:$B$1003,"AIR",$C$4:$C$1003,F9,$E$4:$E$1003,"AIR",$F$4:$F$1003,C9,$M$4:$M$1003,"<>Superseded")>0),"Dependency cycle (A↔B) — review",IF(AND(B9="AIR",OR(E9="MOD",E9="DATA",E9="IF",E9="AG",E9="TOOL"),IFERROR(INDEX(Components!$G$4:$G$253,MATCH(F9,Components!$A$4:$A$253,0)),"")<>"",IFERROR(INDEX(Components!$G$4:$G$253,MATCH(F9,Components!$A$4:$A$253,0)),"")<>C9),"Component owned by another AIR-ID",IF(AND(M9="Confirmed",OR(IF(B9="UC",COUNTIFS('Use cases'!$A$4:$A$253,C9,'Use cases'!$I$4:$I$253,"Confirmed",'Use cases'!$J$4:$J$253,"OK — verify source"),IF(B9="CAP",COUNTIFS(Capabilities!$A$4:$A$253,C9,Capabilities!$J$4:$J$253,"Confirmed",Capabilities!$K$4:$K$253,"OK — verify source"),IF(B9="AIR",COUNTIFS('System map'!$A$4:$A$203,C9,'System map'!$B$4:$B$203,"<>",'System map'!$C$4:$C$203,"<>",'System map'!$D$4:$D$203,"<>"),COUNTIFS(Components!$A$4:$A$253,C9,Components!$B$4:$B$253,B9,Components!$K$4:$K$253,"Confirmed",Components!$L$4:$L$253,"OK — verify source"))))<>1,IF(E9="UC",COUNTIFS('Use cases'!$A$4:$A$253,F9,'Use cases'!$I$4:$I$253,"Confirmed",'Use cases'!$J$4:$J$253,"OK — verify source"),IF(E9="CAP",COUNTIFS(Capabilities!$A$4:$A$253,F9,Capabilities!$J$4:$J$253,"Confirmed",Capabilities!$K$4:$K$253,"OK — verify source"),IF(E9="AIR",COUNTIFS('System map'!$A$4:$A$203,F9,'System map'!$B$4:$B$203,"<>",'System map'!$C$4:$C$203,"<>",'System map'!$D$4:$D$203,"<>"),COUNTIFS(Components!$A$4:$A$253,F9,Components!$B$4:$B$253,E9,Components!$K$4:$K$253,"Confirmed",Components!$L$4:$L$253,"OK — verify source"))))<>1)),"Endpoint not source-reconciled",IF(AND(M9="Confirmed",OR(L9="",K9="",K9="Unknown",K9="Low")),"Confirmed link lacks verification","OK — verify source"))))))))))))))
N10: =IF(COUNTA(A10:M10)=0,"",IF(OR(A10="",B10="",C10="",D10="",E10="",F10="",I10="",J10="",K10="",M10=""),"Required link detail missing",IF(COUNTIF($A$4:$A$1003,A10)>1,"Duplicate Map Edge ID",IF(NOT(OR(AND(B10="UC",E10="CAP",D10="requires"),AND(B10="CAP",E10="AIR",D10="provided by"),AND(B10="AIR",OR(E10="MOD",E10="DATA",E10="IF",E10="AG",E10="TOOL"),D10="references"),AND(B10="AIR",E10="AIR",D10="depends on"))),"Invalid relationship",IF(AND(M10<>"Superseded",COUNTIFS($B$4:$B$1003,B10,$C$4:$C$1003,C10,$D$4:$D$1003,D10,$E$4:$E$1003,E10,$F$4:$F$1003,F10,$G$4:$G$1003,G10,$M$4:$M$1003,"<>Superseded")>1),"Duplicate relationship",IF(OR(IF(B10="UC",COUNTIF('Use cases'!$A$4:$A$253,C10),IF(B10="CAP",COUNTIF(Capabilities!$A$4:$A$253,C10),IF(B10="AIR",COUNTIF('System map'!$A$4:$A$203,C10),COUNTIFS(Components!$A$4:$A$253,C10,Components!$B$4:$B$253,B10))))<>1,IF(E10="UC",COUNTIF('Use cases'!$A$4:$A$253,F10),IF(E10="CAP",COUNTIF(Capabilities!$A$4:$A$253,F10),IF(E10="AIR",COUNTIF('System map'!$A$4:$A$203,F10),COUNTIFS(Components!$A$4:$A$253,F10,Components!$B$4:$B$253,E10))))<>1),"Endpoint missing or duplicated",IF(AND(NOT(AND(B10="UC",E10="CAP")),OR(G10="",COUNTIF('System map'!$A$4:$A$203,G10)<>1)),"AIR context missing / unknown",IF(AND(B10="CAP",E10="AIR",G10<>F10),"AIR context mismatch",IF(AND(B10="AIR",G10<>C10),"AIR context mismatch",IF(AND(B10="AIR",E10="AIR",C10=F10),"Self-dependency",IF(AND(B10="AIR",E10="AIR",M10<>"Superseded",COUNTIFS($B$4:$B$1003,"AIR",$C$4:$C$1003,F10,$E$4:$E$1003,"AIR",$F$4:$F$1003,C10,$M$4:$M$1003,"<>Superseded")>0),"Dependency cycle (A↔B) — review",IF(AND(B10="AIR",OR(E10="MOD",E10="DATA",E10="IF",E10="AG",E10="TOOL"),IFERROR(INDEX(Components!$G$4:$G$253,MATCH(F10,Components!$A$4:$A$253,0)),"")<>"",IFERROR(INDEX(Components!$G$4:$G$253,MATCH(F10,Components!$A$4:$A$253,0)),"")<>C10),"Component owned by another AIR-ID",IF(AND(M10="Confirmed",OR(IF(B10="UC",COUNTIFS('Use cases'!$A$4:$A$253,C10,'Use cases'!$I$4:$I$253,"Confirmed",'Use cases'!$J$4:$J$253,"OK — verify source"),IF(B10="CAP",COUNTIFS(Capabilities!$A$4:$A$253,C10,Capabilities!$J$4:$J$253,"Confirmed",Capabilities!$K$4:$K$253,"OK — verify source"),IF(B10="AIR",COUNTIFS('System map'!$A$4:$A$203,C10,'System map'!$B$4:$B$203,"<>",'System map'!$C$4:$C$203,"<>",'System map'!$D$4:$D$203,"<>"),COUNTIFS(Components!$A$4:$A$253,C10,Components!$B$4:$B$253,B10,Components!$K$4:$K$253,"Confirmed",Components!$L$4:$L$253,"OK — verify source"))))<>1,IF(E10="UC",COUNTIFS('Use cases'!$A$4:$A$253,F10,'Use cases'!$I$4:$I$253,"Confirmed",'Use cases'!$J$4:$J$253,"OK — verify source"),IF(E10="CAP",COUNTIFS(Capabilities!$A$4:$A$253,F10,Capabilities!$J$4:$J$253,"Confirmed",Capabilities!$K$4:$K$253,"OK — verify source"),IF(E10="AIR",COUNTIFS('System map'!$A$4:$A$203,F10,'System map'!$B$4:$B$203,"<>",'System map'!$C$4:$C$203,"<>",'System map'!$D$4:$D$203,"<>"),COUNTIFS(Components!$A$4:$A$253,F10,Components!$B$4:$B$253,E10,Components!$K$4:$K$253,"Confirmed",Components!$L$4:$L$253,"OK — verify source"))))<>1)),"Endpoint not source-reconciled",IF(AND(M10="Confirmed",OR(L10="",K10="",K10="Unknown",K10="Low")),"Confirmed link lacks verification","OK — verify source"))))))))))))))
N11: =IF(COUNTA(A11:M11)=0,"",IF(OR(A11="",B11="",C11="",D11="",E11="",F11="",I11="",J11="",K11="",M11=""),"Required link detail missing",IF(COUNTIF($A$4:$A$1003,A11)>1,"Duplicate Map Edge ID",IF(NOT(OR(AND(B11="UC",E11="CAP",D11="requires"),AND(B11="CAP",E11="AIR",D11="provided by"),AND(B11="AIR",OR(E11="MOD",E11="DATA",E11="IF",E11="AG",E11="TOOL"),D11="references"),AND(B11="AIR",E11="AIR",D11="depends on"))),"Invalid relationship",IF(AND(M11<>"Superseded",COUNTIFS($B$4:$B$1003,B11,$C$4:$C$1003,C11,$D$4:$D$1003,D11,$E$4:$E$1003,E11,$F$4:$F$1003,F11,$G$4:$G$1003,G11,$M$4:$M$1003,"<>Superseded")>1),"Duplicate relationship",IF(OR(IF(B11="UC",COUNTIF('Use cases'!$A$4:$A$253,C11),IF(B11="CAP",COUNTIF(Capabilities!$A$4:$A$253,C11),IF(B11="AIR",COUNTIF('System map'!$A$4:$A$203,C11),COUNTIFS(Components!$A$4:$A$253,C11,Components!$B$4:$B$253,B11))))<>1,IF(E11="UC",COUNTIF('Use cases'!$A$4:$A$253,F11),IF(E11="CAP",COUNTIF(Capabilities!$A$4:$A$253,F11),IF(E11="AIR",COUNTIF('System map'!$A$4:$A$203,F11),COUNTIFS(Components!$A$4:$A$253,F11,Components!$B$4:$B$253,E11))))<>1),"Endpoint missing or duplicated",IF(AND(NOT(AND(B11="UC",E11="CAP")),OR(G11="",COUNTIF('System map'!$A$4:$A$203,G11)<>1)),"AIR context missing / unknown",IF(AND(B11="CAP",E11="AIR",G11<>F11),"AIR context mismatch",IF(AND(B11="AIR",G11<>C11),"AIR context mismatch",IF(AND(B11="AIR",E11="AIR",C11=F11),"Self-dependency",IF(AND(B11="AIR",E11="AIR",M11<>"Superseded",COUNTIFS($B$4:$B$1003,"AIR",$C$4:$C$1003,F11,$E$4:$E$1003,"AIR",$F$4:$F$1003,C11,$M$4:$M$1003,"<>Superseded")>0),"Dependency cycle (A↔B) — review",IF(AND(B11="AIR",OR(E11="MOD",E11="DATA",E11="IF",E11="AG",E11="TOOL"),IFERROR(INDEX(Components!$G$4:$G$253,MATCH(F11,Components!$A$4:$A$253,0)),"")<>"",IFERROR(INDEX(Components!$G$4:$G$253,MATCH(F11,Components!$A$4:$A$253,0)),"")<>C11),"Component owned by another AIR-ID",IF(AND(M11="Confirmed",OR(IF(B11="UC",COUNTIFS('Use cases'!$A$4:$A$253,C11,'Use cases'!$I$4:$I$253,"Confirmed",'Use cases'!$J$4:$J$253,"OK — verify source"),IF(B11="CAP",COUNTIFS(Capabilities!$A$4:$A$253,C11,Capabilities!$J$4:$J$253,"Confirmed",Capabilities!$K$4:$K$253,"OK — verify source"),IF(B11="AIR",COUNTIFS('System map'!$A$4:$A$203,C11,'System map'!$B$4:$B$203,"<>",'System map'!$C$4:$C$203,"<>",'System map'!$D$4:$D$203,"<>"),COUNTIFS(Components!$A$4:$A$253,C11,Components!$B$4:$B$253,B11,Components!$K$4:$K$253,"Confirmed",Components!$L$4:$L$253,"OK — verify source"))))<>1,IF(E11="UC",COUNTIFS('Use cases'!$A$4:$A$253,F11,'Use cases'!$I$4:$I$253,"Confirmed",'Use cases'!$J$4:$J$253,"OK — verify source"),IF(E11="CAP",COUNTIFS(Capabilities!$A$4:$A$253,F11,Capabilities!$J$4:$J$253,"Confirmed",Capabilities!$K$4:$K$253,"OK — verify source"),IF(E11="AIR",COUNTIFS('System map'!$A$4:$A$203,F11,'System map'!$B$4:$B$203,"<>",'System map'!$C$4:$C$203,"<>",'System map'!$D$4:$D$203,"<>"),COUNTIFS(Components!$A$4:$A$253,F11,Components!$B$4:$B$253,E11,Components!$K$4:$K$253,"Confirmed",Components!$L$4:$L$253,"OK — verify source"))))<>1)),"Endpoint not source-reconciled",IF(AND(M11="Confirmed",OR(L11="",K11="",K11="Unknown",K11="Low")),"Confirmed link lacks verification","OK — verify source"))))))))))))))
N12: =IF(COUNTA(A12:M12)=0,"",IF(OR(A12="",B12="",C12="",D12="",E12="",F12="",I12="",J12="",K12="",M12=""),"Required link detail missing",IF(COUNTIF($A$4:$A$1003,A12)>1,"Duplicate Map Edge ID",IF(NOT(OR(AND(B12="UC",E12="CAP",D12="requires"),AND(B12="CAP",E12="AIR",D12="provided by"),AND(B12="AIR",OR(E12="MOD",E12="DATA",E12="IF",E12="AG",E12="TOOL"),D12="references"),AND(B12="AIR",E12="AIR",D12="depends on"))),"Invalid relationship",IF(AND(M12<>"Superseded",COUNTIFS($B$4:$B$1003,B12,$C$4:$C$1003,C12,$D$4:$D$1003,D12,$E$4:$E$1003,E12,$F$4:$F$1003,F12,$G$4:$G$1003,G12,$M$4:$M$1003,"<>Superseded")>1),"Duplicate relationship",IF(OR(IF(B12="UC",COUNTIF('Use cases'!$A$4:$A$253,C12),IF(B12="CAP",COUNTIF(Capabilities!$A$4:$A$253,C12),IF(B12="AIR",COUNTIF('System map'!$A$4:$A$203,C12),COUNTIFS(Components!$A$4:$A$253,C12,Components!$B$4:$B$253,B12))))<>1,IF(E12="UC",COUNTIF('Use cases'!$A$4:$A$253,F12),IF(E12="CAP",COUNTIF(Capabilities!$A$4:$A$253,F12),IF(E12="AIR",COUNTIF('System map'!$A$4:$A$203,F12),COUNTIFS(Components!$A$4:$A$253,F12,Components!$B$4:$B$253,E12))))<>1),"Endpoint missing or duplicated",IF(AND(NOT(AND(B12="UC",E12="CAP")),OR(G12="",COUNTIF('System map'!$A$4:$A$203,G12)<>1)),"AIR context missing / unknown",IF(AND(B12="CAP",E12="AIR",G12<>F12),"AIR context mismatch",IF(AND(B12="AIR",G12<>C12),"AIR context mismatch",IF(AND(B12="AIR",E12="AIR",C12=F12),"Self-dependency",IF(AND(B12="AIR",E12="AIR",M12<>"Superseded",COUNTIFS($B$4:$B$1003,"AIR",$C$4:$C$1003,F12,$E$4:$E$1003,"AIR",$F$4:$F$1003,C12,$M$4:$M$1003,"<>Superseded")>0),"Dependency cycle (A↔B) — review",IF(AND(B12="AIR",OR(E12="MOD",E12="DATA",E12="IF",E12="AG",E12="TOOL"),IFERROR(INDEX(Components!$G$4:$G$253,MATCH(F12,Components!$A$4:$A$253,0)),"")<>"",IFERROR(INDEX(Components!$G$4:$G$253,MATCH(F12,Components!$A$4:$A$253,0)),"")<>C12),"Component owned by another AIR-ID",IF(AND(M12="Confirmed",OR(IF(B12="UC",COUNTIFS('Use cases'!$A$4:$A$253,C12,'Use cases'!$I$4:$I$253,"Confirmed",'Use cases'!$J$4:$J$253,"OK — verify source"),IF(B12="CAP",COUNTIFS(Capabilities!$A$4:$A$253,C12,Capabilities!$J$4:$J$253,"Confirmed",Capabilities!$K$4:$K$253,"OK — verify source"),IF(B12="AIR",COUNTIFS('System map'!$A$4:$A$203,C12,'System map'!$B$4:$B$203,"<>",'System map'!$C$4:$C$203,"<>",'System map'!$D$4:$D$203,"<>"),COUNTIFS(Components!$A$4:$A$253,C12,Components!$B$4:$B$253,B12,Components!$K$4:$K$253,"Confirmed",Components!$L$4:$L$253,"OK — verify source"))))<>1,IF(E12="UC",COUNTIFS('Use cases'!$A$4:$A$253,F12,'Use cases'!$I$4:$I$253,"Confirmed",'Use cases'!$J$4:$J$253,"OK — verify source"),IF(E12="CAP",COUNTIFS(Capabilities!$A$4:$A$253,F12,Capabilities!$J$4:$J$253,"Confirmed",Capabilities!$K$4:$K$253,"OK — verify source"),IF(E12="AIR",COUNTIFS('System map'!$A$4:$A$203,F12,'System map'!$B$4:$B$203,"<>",'System map'!$C$4:$C$203,"<>",'System map'!$D$4:$D$203,"<>"),COUNTIFS(Components!$A$4:$A$253,F12,Components!$B$4:$B$253,E12,Components!$K$4:$K$253,"Confirmed",Components!$L$4:$L$253,"OK — verify source"))))<>1)),"Endpoint not source-reconciled",IF(AND(M12="Confirmed",OR(L12="",K12="",K12="Unknown",K12="Low")),"Confirmed link lacks verification","OK — verify source"))))))))))))))
N13: =IF(COUNTA(A13:M13)=0,"",IF(OR(A13="",B13="",C13="",D13="",E13="",F13="",I13="",J13="",K13="",M13=""),"Required link detail missing",IF(COUNTIF($A$4:$A$1003,A13)>1,"Duplicate Map Edge ID",IF(NOT(OR(AND(B13="UC",E13="CAP",D13="requires"),AND(B13="CAP",E13="AIR",D13="provided by"),AND(B13="AIR",OR(E13="MOD",E13="DATA",E13="IF",E13="AG",E13="TOOL"),D13="references"),AND(B13="AIR",E13="AIR",D13="depends on"))),"Invalid relationship",IF(AND(M13<>"Superseded",COUNTIFS($B$4:$B$1003,B13,$C$4:$C$1003,C13,$D$4:$D$1003,D13,$E$4:$E$1003,E13,$F$4:$F$1003,F13,$G$4:$G$1003,G13,$M$4:$M$1003,"<>Superseded")>1),"Duplicate relationship",IF(OR(IF(B13="UC",COUNTIF('Use cases'!$A$4:$A$253,C13),IF(B13="CAP",COUNTIF(Capabilities!$A$4:$A$253,C13),IF(B13="AIR",COUNTIF('System map'!$A$4:$A$203,C13),COUNTIFS(Components!$A$4:$A$253,C13,Components!$B$4:$B$253,B13))))<>1,IF(E13="UC",COUNTIF('Use cases'!$A$4:$A$253,F13),IF(E13="CAP",COUNTIF(Capabilities!$A$4:$A$253,F13),IF(E13="AIR",COUNTIF('System map'!$A$4:$A$203,F13),COUNTIFS(Components!$A$4:$A$253,F13,Components!$B$4:$B$253,E13))))<>1),"Endpoint missing or duplicated",IF(AND(NOT(AND(B13="UC",E13="CAP")),OR(G13="",COUNTIF('System map'!$A$4:$A$203,G13)<>1)),"AIR context missing / unknown",IF(AND(B13="CAP",E13="AIR",G13<>F13),"AIR context mismatch",IF(AND(B13="AIR",G13<>C13),"AIR context mismatch",IF(AND(B13="AIR",E13="AIR",C13=F13),"Self-dependency",IF(AND(B13="AIR",E13="AIR",M13<>"Superseded",COUNTIFS($B$4:$B$1003,"AIR",$C$4:$C$1003,F13,$E$4:$E$1003,"AIR",$F$4:$F$1003,C13,$M$4:$M$1003,"<>Superseded")>0),"Dependency cycle (A↔B) — review",IF(AND(B13="AIR",OR(E13="MOD",E13="DATA",E13="IF",E13="AG",E13="TOOL"),IFERROR(INDEX(Components!$G$4:$G$253,MATCH(F13,Components!$A$4:$A$253,0)),"")<>"",IFERROR(INDEX(Components!$G$4:$G$253,MATCH(F13,Components!$A$4:$A$253,0)),"")<>C13),"Component owned by another AIR-ID",IF(AND(M13="Confirmed",OR(IF(B13="UC",COUNTIFS('Use cases'!$A$4:$A$253,C13,'Use cases'!$I$4:$I$253,"Confirmed",'Use cases'!$J$4:$J$253,"OK — verify source"),IF(B13="CAP",COUNTIFS(Capabilities!$A$4:$A$253,C13,Capabilities!$J$4:$J$253,"Confirmed",Capabilities!$K$4:$K$253,"OK — verify source"),IF(B13="AIR",COUNTIFS('System map'!$A$4:$A$203,C13,'System map'!$B$4:$B$203,"<>",'System map'!$C$4:$C$203,"<>",'System map'!$D$4:$D$203,"<>"),COUNTIFS(Components!$A$4:$A$253,C13,Components!$B$4:$B$253,B13,Components!$K$4:$K$253,"Confirmed",Components!$L$4:$L$253,"OK — verify source"))))<>1,IF(E13="UC",COUNTIFS('Use cases'!$A$4:$A$253,F13,'Use cases'!$I$4:$I$253,"Confirmed",'Use cases'!$J$4:$J$253,"OK — verify source"),IF(E13="CAP",COUNTIFS(Capabilities!$A$4:$A$253,F13,Capabilities!$J$4:$J$253,"Confirmed",Capabilities!$K$4:$K$253,"OK — verify source"),IF(E13="AIR",COUNTIFS('System map'!$A$4:$A$203,F13,'System map'!$B$4:$B$203,"<>",'System map'!$C$4:$C$203,"<>",'System map'!$D$4:$D$203,"<>"),COUNTIFS(Components!$A$4:$A$253,F13,Components!$B$4:$B$253,E13,Components!$K$4:$K$253,"Confirmed",Components!$L$4:$L$253,"OK — verify source"))))<>1)),"Endpoint not source-reconciled",IF(AND(M13="Confirmed",OR(L13="",K13="",K13="Unknown",K13="Low")),"Confirmed link lacks verification","OK — verify source"))))))))))))))
N14: =IF(COUNTA(A14:M14)=0,"",IF(OR(A14="",B14="",C14="",D14="",E14="",F14="",I14="",J14="",K14="",M14=""),"Required link detail missing",IF(COUNTIF($A$4:$A$1003,A14)>1,"Duplicate Map Edge ID",IF(NOT(OR(AND(B14="UC",E14="CAP",D14="requires"),AND(B14="CAP",E14="AIR",D14="provided by"),AND(B14="AIR",OR(E14="MOD",E14="DATA",E14="IF",E14="AG",E14="TOOL"),D14="references"),AND(B14="AIR",E14="AIR",D14="depends on"))),"Invalid relationship",IF(AND(M14<>"Superseded",COUNTIFS($B$4:$B$1003,B14,$C$4:$C$1003,C14,$D$4:$D$1003,D14,$E$4:$E$1003,E14,$F$4:$F$1003,F14,$G$4:$G$1003,G14,$M$4:$M$1003,"<>Superseded")>1),"Duplicate relationship",IF(OR(IF(B14="UC",COUNTIF('Use cases'!$A$4:$A$253,C14),IF(B14="CAP",COUNTIF(Capabilities!$A$4:$A$253,C14),IF(B14="AIR",COUNTIF('System map'!$A$4:$A$203,C14),COUNTIFS(Components!$A$4:$A$253,C14,Components!$B$4:$B$253,B14))))<>1,IF(E14="UC",COUNTIF('Use cases'!$A$4:$A$253,F14),IF(E14="CAP",COUNTIF(Capabilities!$A$4:$A$253,F14),IF(E14="AIR",COUNTIF('System map'!$A$4:$A$203,F14),COUNTIFS(Components!$A$4:$A$253,F14,Components!$B$4:$B$253,E14))))<>1),"Endpoint missing or duplicated",IF(AND(NOT(AND(B14="UC",E14="CAP")),OR(G14="",COUNTIF('System map'!$A$4:$A$203,G14)<>1)),"AIR context missing / unknown",IF(AND(B14="CAP",E14="AIR",G14<>F14),"AIR context mismatch",IF(AND(B14="AIR",G14<>C14),"AIR context mismatch",IF(AND(B14="AIR",E14="AIR",C14=F14),"Self-dependency",IF(AND(B14="AIR",E14="AIR",M14<>"Superseded",COUNTIFS($B$4:$B$1003,"AIR",$C$4:$C$1003,F14,$E$4:$E$1003,"AIR",$F$4:$F$1003,C14,$M$4:$M$1003,"<>Superseded")>0),"Dependency cycle (A↔B) — review",IF(AND(B14="AIR",OR(E14="MOD",E14="DATA",E14="IF",E14="AG",E14="TOOL"),IFERROR(INDEX(Components!$G$4:$G$253,MATCH(F14,Components!$A$4:$A$253,0)),"")<>"",IFERROR(INDEX(Components!$G$4:$G$253,MATCH(F14,Components!$A$4:$A$253,0)),"")<>C14),"Component owned by another AIR-ID",IF(AND(M14="Confirmed",OR(IF(B14="UC",COUNTIFS('Use cases'!$A$4:$A$253,C14,'Use cases'!$I$4:$I$253,"Confirmed",'Use cases'!$J$4:$J$253,"OK — verify source"),IF(B14="CAP",COUNTIFS(Capabilities!$A$4:$A$253,C14,Capabilities!$J$4:$J$253,"Confirmed",Capabilities!$K$4:$K$253,"OK — verify source"),IF(B14="AIR",COUNTIFS('System map'!$A$4:$A$203,C14,'System map'!$B$4:$B$203,"<>",'System map'!$C$4:$C$203,"<>",'System map'!$D$4:$D$203,"<>"),COUNTIFS(Components!$A$4:$A$253,C14,Components!$B$4:$B$253,B14,Components!$K$4:$K$253,"Confirmed",Components!$L$4:$L$253,"OK — verify source"))))<>1,IF(E14="UC",COUNTIFS('Use cases'!$A$4:$A$253,F14,'Use cases'!$I$4:$I$253,"Confirmed",'Use cases'!$J$4:$J$253,"OK — verify source"),IF(E14="CAP",COUNTIFS(Capabilities!$A$4:$A$253,F14,Capabilities!$J$4:$J$253,"Confirmed",Capabilities!$K$4:$K$253,"OK — verify source"),IF(E14="AIR",COUNTIFS('System map'!$A$4:$A$203,F14,'System map'!$B$4:$B$203,"<>",'System map'!$C$4:$C$203,"<>",'System map'!$D$4:$D$203,"<>"),COUNTIFS(Components!$A$4:$A$253,F14,Components!$B$4:$B$253,E14,Components!$K$4:$K$253,"Confirmed",Components!$L$4:$L$253,"OK — verify source"))))<>1)),"Endpoint not source-reconciled",IF(AND(M14="Confirmed",OR(L14="",K14="",K14="Unknown",K14="Low")),"Confirmed link lacks verification","OK — verify source"))))))))))))))
N15: =IF(COUNTA(A15:M15)=0,"",IF(OR(A15="",B15="",C15="",D15="",E15="",F15="",I15="",J15="",K15="",M15=""),"Required link detail missing",IF(COUNTIF($A$4:$A$1003,A15)>1,"Duplicate Map Edge ID",IF(NOT(OR(AND(B15="UC",E15="CAP",D15="requires"),AND(B15="CAP",E15="AIR",D15="provided by"),AND(B15="AIR",OR(E15="MOD",E15="DATA",E15="IF",E15="AG",E15="TOOL"),D15="references"),AND(B15="AIR",E15="AIR",D15="depends on"))),"Invalid relationship",IF(AND(M15<>"Superseded",COUNTIFS($B$4:$B$1003,B15,$C$4:$C$1003,C15,$D$4:$D$1003,D15,$E$4:$E$1003,E15,$F$4:$F$1003,F15,$G$4:$G$1003,G15,$M$4:$M$1003,"<>Superseded")>1),"Duplicate relationship",IF(OR(IF(B15="UC",COUNTIF('Use cases'!$A$4:$A$253,C15),IF(B15="CAP",COUNTIF(Capabilities!$A$4:$A$253,C15),IF(B15="AIR",COUNTIF('System map'!$A$4:$A$203,C15),COUNTIFS(Components!$A$4:$A$253,C15,Components!$B$4:$B$253,B15))))<>1,IF(E15="UC",COUNTIF('Use cases'!$A$4:$A$253,F15),IF(E15="CAP",COUNTIF(Capabilities!$A$4:$A$253,F15),IF(E15="AIR",COUNTIF('System map'!$A$4:$A$203,F15),COUNTIFS(Components!$A$4:$A$253,F15,Components!$B$4:$B$253,E15))))<>1),"Endpoint missing or duplicated",IF(AND(NOT(AND(B15="UC",E15="CAP")),OR(G15="",COUNTIF('System map'!$A$4:$A$203,G15)<>1)),"AIR context missing / unknown",IF(AND(B15="CAP",E15="AIR",G15<>F15),"AIR context mismatch",IF(AND(B15="AIR",G15<>C15),"AIR context mismatch",IF(AND(B15="AIR",E15="AIR",C15=F15),"Self-dependency",IF(AND(B15="AIR",E15="AIR",M15<>"Superseded",COUNTIFS($B$4:$B$1003,"AIR",$C$4:$C$1003,F15,$E$4:$E$1003,"AIR",$F$4:$F$1003,C15,$M$4:$M$1003,"<>Superseded")>0),"Dependency cycle (A↔B) — review",IF(AND(B15="AIR",OR(E15="MOD",E15="DATA",E15="IF",E15="AG",E15="TOOL"),IFERROR(INDEX(Components!$G$4:$G$253,MATCH(F15,Components!$A$4:$A$253,0)),"")<>"",IFERROR(INDEX(Components!$G$4:$G$253,MATCH(F15,Components!$A$4:$A$253,0)),"")<>C15),"Component owned by another AIR-ID",IF(AND(M15="Confirmed",OR(IF(B15="UC",COUNTIFS('Use cases'!$A$4:$A$253,C15,'Use cases'!$I$4:$I$253,"Confirmed",'Use cases'!$J$4:$J$253,"OK — verify source"),IF(B15="CAP",COUNTIFS(Capabilities!$A$4:$A$253,C15,Capabilities!$J$4:$J$253,"Confirmed",Capabilities!$K$4:$K$253,"OK — verify source"),IF(B15="AIR",COUNTIFS('System map'!$A$4:$A$203,C15,'System map'!$B$4:$B$203,"<>",'System map'!$C$4:$C$203,"<>",'System map'!$D$4:$D$203,"<>"),COUNTIFS(Components!$A$4:$A$253,C15,Components!$B$4:$B$253,B15,Components!$K$4:$K$253,"Confirmed",Components!$L$4:$L$253,"OK — verify source"))))<>1,IF(E15="UC",COUNTIFS('Use cases'!$A$4:$A$253,F15,'Use cases'!$I$4:$I$253,"Confirmed",'Use cases'!$J$4:$J$253,"OK — verify source"),IF(E15="CAP",COUNTIFS(Capabilities!$A$4:$A$253,F15,Capabilities!$J$4:$J$253,"Confirmed",Capabilities!$K$4:$K$253,"OK — verify source"),IF(E15="AIR",COUNTIFS('System map'!$A$4:$A$203,F15,'System map'!$B$4:$B$203,"<>",'System map'!$C$4:$C$203,"<>",'System map'!$D$4:$D$203,"<>"),COUNTIFS(Components!$A$4:$A$253,F15,Components!$B$4:$B$253,E15,Components!$K$4:$K$253,"Confirmed",Components!$L$4:$L$253,"OK — verify source"))))<>1)),"Endpoint not source-reconciled",IF(AND(M15="Confirmed",OR(L15="",K15="",K15="Unknown",K15="Low")),"Confirmed link lacks verification","OK — verify source"))))))))))))))
... N1003: =IF(COUNTA(A1003:M1003)=0,"",IF(OR(A1003="",B1003="",C1003="",D1003="",E1003="",F1003="",I1003="",J1003="",K1003="",M1003=""),"Required link detail missing",IF(COUNTIF($A$4:$A$1003,A1003)>1,"Duplicate Map Edge ID",IF(NOT(OR(AND(B1003="UC",E1003="CAP",D1003="requires"),AND(B1003="CAP",E1003="AIR",D1003="provided by"),AND(B1003="AIR",OR(E1003="MOD",E1003="DATA",E1003="IF",E1003="AG",E1003="TOOL"),D1003="references"),AND(B1003="AIR",E1003="AIR",D1003="depends on"))),"Invalid relationship",IF(AND(M1003<>"Superseded",COUNTIFS($B$4:$B$1003,B1003,$C$4:$C$1003,C1003,$D$4:$D$1003,D1003,$E$4:$E$1003,E1003,$F$4:$F$1003,F1003,$G$4:$G$1003,G1003,$M$4:$M$1003,"<>Superseded")>1),"Duplicate relationship",IF(OR(IF(B1003="UC",COUNTIF('Use cases'!$A$4:$A$253,C1003),IF(B1003="CAP",COUNTIF(Capabilities!$A$4:$A$253,C1003),IF(B1003="AIR",COUNTIF('System map'!$A$4:$A$203,C1003),COUNTIFS(Components!$A$4:$A$253,C1003,Components!$B$4:$B$253,B1003))))<>1,IF(E1003="UC",COUNTIF('Use cases'!$A$4:$A$253,F1003),IF(E1003="CAP",COUNTIF(Capabilities!$A$4:$A$253,F1003),IF(E1003="AIR",COUNTIF('System map'!$A$4:$A$203,F1003),COUNTIFS(Components!$A$4:$A$253,F1003,Components!$B$4:$B$253,E1003))))<>1),"Endpoint missing or duplicated",IF(AND(NOT(AND(B1003="UC",E1003="CAP")),OR(G1003="",COUNTIF('System map'!$A$4:$A$203,G1003)<>1)),"AIR context missing / unknown",IF(AND(B1003="CAP",E1003="AIR",G1003<>F1003),"AIR context mismatch",IF(AND(B1003="AIR",G1003<>C1003),"AIR context mismatch",IF(AND(B1003="AIR",E1003="AIR",C1003=F1003),"Self-dependency",IF(AND(B1003="AIR",E1003="AIR",M1003<>"Superseded",COUNTIFS($B$4:$B$1003,"AIR",$C$4:$C$1003,F1003,$E$4:$E$1003,"AIR",$F$4:$F$1003,C1003,$M$4:$M$1003,"<>Superseded")>0),"Dependency cycle (A↔B) — review",IF(AND(B1003="AIR",OR(E1003="MOD",E1003="DATA",E1003="IF",E1003="AG",E1003="TOOL"),IFERROR(INDEX(Components!$G$4:$G$253,MATCH(F1003,Components!$A$4:$A$253,0)),"")<>"",IFERROR(INDEX(Components!$G$4:$G$253,MATCH(F1003,Components!$A$4:$A$253,0)),"")<>C1003),"Component owned by another AIR-ID",IF(AND(M1003="Confirmed",OR(IF(B1003="UC",COUNTIFS('Use cases'!$A$4:$A$253,C1003,'Use cases'!$I$4:$I$253,"Confirmed",'Use cases'!$J$4:$J$253,"OK — verify source"),IF(B1003="CAP",COUNTIFS(Capabilities!$A$4:$A$253,C1003,Capabilities!$J$4:$J$253,"Confirmed",Capabilities!$K$4:$K$253,"OK — verify source"),IF(B1003="AIR",COUNTIFS('System map'!$A$4:$A$203,C1003,'System map'!$B$4:$B$203,"<>",'System map'!$C$4:$C$203,"<>",'System map'!$D$4:$D$203,"<>"),COUNTIFS(Components!$A$4:$A$253,C1003,Components!$B$4:$B$253,B1003,Components!$K$4:$K$253,"Confirmed",Components!$L$4:$L$253,"OK — verify source"))))<>1,IF(E1003="UC",COUNTIFS('Use cases'!$A$4:$A$253,F1003,'Use cases'!$I$4:$I$253,"Confirmed",'Use cases'!$J$4:$J$253,"OK — verify source"),IF(E1003="CAP",COUNTIFS(Capabilities!$A$4:$A$253,F1003,Capabilities!$J$4:$J$253,"Confirmed",Capabilities!$K$4:$K$253,"OK — verify source"),IF(E1003="AIR",COUNTIFS('System map'!$A$4:$A$203,F1003,'System map'!$B$4:$B$203,"<>",'System map'!$C$4:$C$203,"<>",'System map'!$D$4:$D$203,"<>"),COUNTIFS(Components!$A$4:$A$253,F1003,Components!$B$4:$B$253,E1003,Components!$K$4:$K$253,"Confirmed",Components!$L$4:$L$253,"OK — verify source"))))<>1)),"Endpoint not source-reconciled",IF(AND(M1003="Confirmed",OR(L1003="",K1003="",K1003="Unknown",K1003="Low")),"Confirmed link lacks verification","OK — verify source"))))))))))))))

Sheet Dependency concentration
A1: DEPENDENCY CONCENTRATION / PORTFOLIO VIEW (Proposed — for Council confirmation)
A2: Whole-portfolio view of shared dependencies. Counts distinct AIR-IDs relying on each model, data asset, interface, agent or tool (confirmed, QA-clean links only) and on each supplier or source. Derived view only: it does not change the AI Register (AIG-INV-04), grant approval or set the threshold, which the Council sets.
A4: Threshold and portfolio summary | H4: Notes (Proposed — for Council confirmation)
A5: Threshold for concern (set by the Council) | E5: Blank by default. Enter a share (for example 25%) only once the Council sets it; while blank, no flag is shown. | H5: Purpose: supports the Playbook portfolio view of AI risk (§4.5.8) and measure M-16 in AIG-AIMS-10 (dependency concentration); the result is reported through AIG-OPS-06 and the AI Assurance Board Report (AIG-OPS-05).
A6: Mapped AIR-IDs on System map (distinct) | D6: =IF(COUNTIF('System map'!$A$4:$A$203,"?*")=0,"",SUMPRODUCT(('System map'!$A$4:$A$203<>"")/COUNTIF('System map'!$A$4:$A$203,'System map'!$A$4:$A$203&""))) | E6: Denominator for component shares. Blank until AIR-IDs are entered on System map. | H6: Zero is not absence: a zero or blank count means no confirmed, QA-clean link or extract row has been recorded. It does NOT prove that no AIR-ID relies on the model, data asset, interface, tool or supplier.
A7: Largest component share | D7: =IF(COUNT($E$15:$E$264)=0,"",MAX($E$15:$E$264)) | E7: =IF(D7="","",IF(D7=0,"No confirmed links recorded (zero is not absence)",INDEX($A$15:$A$264,MATCH(D7,$E$15:$E$264,0))&" ("&INDEX($C$15:$C$264,MATCH(D7,$E$15:$E$264,0))&")"&IF(COUNTIF($E$15:$E$264,D7)>1," (and "&(COUNTIF($E$15:$E$264,D7)-1)&" more at the same share)",""))) | H7: Source of truth: AIG-INV-04 is authoritative for AIR-ID identity and supplier; AIG-INV-05 Components and Relationships hold the links. This sheet is derived: it does not change the Register and grants no access, approval or decision.
A8: AIR-IDs in supplier extract (distinct) | D8: =IF(COUNTIF($H$15:$H$264,"?*")=0,"",SUMPRODUCT(($H$15:$H$264<>"")/COUNTIF($H$15:$H$264,$H$15:$H$264&""))) | E8: Denominator for supplier shares. Blank until the AIG-INV-04 extract is pasted. | H8: Component method: counts Relationships rows with From type AIR, Relationship "references", To ID = the component, State Confirmed and Link check OK (the same confirmed-state test as System map). A duplicated live link fails the link check and is excluded from the count until it is resolved (zero is not absence); once resolved, each AIR-ID counts once per component. A shared component must leave "Owning AIR-ID" blank on Components, or other AIR-IDs' links fail the check.
A9: Largest supplier share | D9: =IF(COUNT($N$15:$N$64)=0,"",MAX($N$15:$N$64)) | E9: =IF(D9="","",IF(D9=0,"No supplier links recorded (zero is not absence)",INDEX($L$15:$L$64,MATCH(D9,$N$15:$N$64,0))&IF(COUNTIF($N$15:$N$64,D9)>1," (and "&(COUNTIF($N$15:$N$64,D9)-1)&" more at the same share)",""))) | H9: Supplier method: paste AIR-ID and supplier / source from the controlled AIG-INV-04 extract, then type each supplier name once in the summary (same spelling as the extract). Each AIR-ID counts once per supplier (duplicate rows are ignored).
A10: Largest share overall (AIG-AIMS-10 M-16) | D10: =IF(COUNT(D7,D9)=0,"",MAX(D7,D9)) | E10: =IF(D10="","",IF(AND(ISNUMBER(D7),D7=D10),"Component: "&E7,"Supplier: "&E9)) | H10: Flag: "Review: concentration" shows when a share is at or above the Council's threshold and at least one AIR-ID relies on the dependency. The High/Critical UC-IDs relying on a flagged dependency are named in the AI Assurance Board Report.
A11: Dependencies flagged for review | D11: =IF(NOT(ISNUMBER(D5)),"",COUNTIF($F$15:$F$264,"Review: concentration")+COUNTIF($O$15:$O$64,"Review: concentration")) | E11: Blank while no threshold is set. Name the High/Critical UC-IDs relying on each flagged dependency in the AI Assurance Board Report (AIG-OPS-05). | H11: Before use: confirm the threshold, supplier naming and the extract date; record the as-at dates of the Components, Relationships and AIG-INV-04 extract used for each report.
A13: Table 1: Components (derived from Components and Relationships) | H13: Table 2a: Supplier extract (paste from the controlled AIG-INV-04 extract) | L13: Table 2b: Suppliers (type each supplier once)
A14: Reference ID (from Components) | B14: Type | C14: Name / short label | D14: AIR-IDs relying on it | E14: Share of mapped AIR-IDs | F14: Concentration flag | H14: AIR-ID | I14: Supplier / source (from the controlled AIG-INV-04 extract) | J14: Row check | L14: Supplier / source | M14: AIR-IDs relying on it | N14: Share of AIR-IDs in extract | O14: Concentration flag
A15: =IF(Components!A4="","",Components!A4) | B15: =IF(OR(A15="",Components!B4=""),"",Components!B4) | C15: =IF(OR(A15="",Components!C4=""),"",Components!C4) | D15: =IF(A15="","",COUNTIFS(Relationships!$B$4:$B$1003,"AIR",Relationships!$D$4:$D$1003,"references",Relationships!$F$4:$F$1003,A15,Relationships!$M$4:$M$1003,"Confirmed",Relationships!$N$4:$N$1003,"OK — verify source")) | E15: =IF(OR(A15="",NOT(ISNUMBER($D$6))),"",D15/$D$6) | F15: =IF(OR(NOT(ISNUMBER(E15)),NOT(ISNUMBER($D$5))),"",IF(AND(D15>0,E15>=$D$5),"Review: concentration","")) | J15: =IF(COUNTA(H15:I15)=0,"",IF(OR(H15="",I15=""),"AIR-ID or supplier missing",IF(COUNTIFS($H$15:$H$264,H15,$I$15:$I$264,I15)>1,"Duplicate row (counted once)",IF(COUNTIF('System map'!$A$4:$A$203,H15)=0,"AIR-ID not on System map",IF(COUNTIF($L$15:$L$64,I15)=0,"Supplier not listed in Table 2b","OK — verify source"))))) | M15: =IF(L15="","",IFERROR(SUMPRODUCT(($I$15:$I$264=L15)*($H$15:$H$264<>"")/COUNTIFS($H$15:$H$264,$H$15:$H$264&"",$I$15:$I$264,$I$15:$I$264&"")),"Check extract")) | N15: =IF(OR(L15="",NOT(ISNUMBER(M15)),NOT(ISNUMBER($D$8))),"",M15/$D$8) | O15: =IF(L15="","",IF(COUNTIF($L$15:$L$64,L15)>1,"Duplicate supplier name",IF(OR(NOT(ISNUMBER(N15)),NOT(ISNUMBER($D$5))),"",IF(AND(M15>0,N15>=$D$5),"Review: concentration",""))))
A16: =IF(Components!A5="","",Components!A5) | B16: =IF(OR(A16="",Components!B5=""),"",Components!B5) | C16: =IF(OR(A16="",Components!C5=""),"",Components!C5) | D16: =IF(A16="","",COUNTIFS(Relationships!$B$4:$B$1003,"AIR",Relationships!$D$4:$D$1003,"references",Relationships!$F$4:$F$1003,A16,Relationships!$M$4:$M$1003,"Confirmed",Relationships!$N$4:$N$1003,"OK — verify source")) | E16: =IF(OR(A16="",NOT(ISNUMBER($D$6))),"",D16/$D$6) | F16: =IF(OR(NOT(ISNUMBER(E16)),NOT(ISNUMBER($D$5))),"",IF(AND(D16>0,E16>=$D$5),"Review: concentration","")) | J16: =IF(COUNTA(H16:I16)=0,"",IF(OR(H16="",I16=""),"AIR-ID or supplier missing",IF(COUNTIFS($H$15:$H$264,H16,$I$15:$I$264,I16)>1,"Duplicate row (counted once)",IF(COUNTIF('System map'!$A$4:$A$203,H16)=0,"AIR-ID not on System map",IF(COUNTIF($L$15:$L$64,I16)=0,"Supplier not listed in Table 2b","OK — verify source"))))) | M16: =IF(L16="","",IFERROR(SUMPRODUCT(($I$15:$I$264=L16)*($H$15:$H$264<>"")/COUNTIFS($H$15:$H$264,$H$15:$H$264&"",$I$15:$I$264,$I$15:$I$264&"")),"Check extract")) | N16: =IF(OR(L16="",NOT(ISNUMBER(M16)),NOT(ISNUMBER($D$8))),"",M16/$D$8) | O16: =IF(L16="","",IF(COUNTIF($L$15:$L$64,L16)>1,"Duplicate supplier name",IF(OR(NOT(ISNUMBER(N16)),NOT(ISNUMBER($D$5))),"",IF(AND(M16>0,N16>=$D$5),"Review: concentration",""))))
A17: =IF(Components!A6="","",Components!A6) | B17: =IF(OR(A17="",Components!B6=""),"",Components!B6) | C17: =IF(OR(A17="",Components!C6=""),"",Components!C6) | D17: =IF(A17="","",COUNTIFS(Relationships!$B$4:$B$1003,"AIR",Relationships!$D$4:$D$1003,"references",Relationships!$F$4:$F$1003,A17,Relationships!$M$4:$M$1003,"Confirmed",Relationships!$N$4:$N$1003,"OK — verify source")) | E17: =IF(OR(A17="",NOT(ISNUMBER($D$6))),"",D17/$D$6) | F17: =IF(OR(NOT(ISNUMBER(E17)),NOT(ISNUMBER($D$5))),"",IF(AND(D17>0,E17>=$D$5),"Review: concentration","")) | J17: =IF(COUNTA(H17:I17)=0,"",IF(OR(H17="",I17=""),"AIR-ID or supplier missing",IF(COUNTIFS($H$15:$H$264,H17,$I$15:$I$264,I17)>1,"Duplicate row (counted once)",IF(COUNTIF('System map'!$A$4:$A$203,H17)=0,"AIR-ID not on System map",IF(COUNTIF($L$15:$L$64,I17)=0,"Supplier not listed in Table 2b","OK — verify source"))))) | M17: =IF(L17="","",IFERROR(SUMPRODUCT(($I$15:$I$264=L17)*($H$15:$H$264<>"")/COUNTIFS($H$15:$H$264,$H$15:$H$264&"",$I$15:$I$264,$I$15:$I$264&"")),"Check extract")) | N17: =IF(OR(L17="",NOT(ISNUMBER(M17)),NOT(ISNUMBER($D$8))),"",M17/$D$8) | O17: =IF(L17="","",IF(COUNTIF($L$15:$L$64,L17)>1,"Duplicate supplier name",IF(OR(NOT(ISNUMBER(N17)),NOT(ISNUMBER($D$5))),"",IF(AND(M17>0,N17>=$D$5),"Review: concentration",""))))
A18: =IF(Components!A7="","",Components!A7) | B18: =IF(OR(A18="",Components!B7=""),"",Components!B7) | C18: =IF(OR(A18="",Components!C7=""),"",Components!C7) | D18: =IF(A18="","",COUNTIFS(Relationships!$B$4:$B$1003,"AIR",Relationships!$D$4:$D$1003,"references",Relationships!$F$4:$F$1003,A18,Relationships!$M$4:$M$1003,"Confirmed",Relationships!$N$4:$N$1003,"OK — verify source")) | E18: =IF(OR(A18="",NOT(ISNUMBER($D$6))),"",D18/$D$6) | F18: =IF(OR(NOT(ISNUMBER(E18)),NOT(ISNUMBER($D$5))),"",IF(AND(D18>0,E18>=$D$5),"Review: concentration","")) | J18: =IF(COUNTA(H18:I18)=0,"",IF(OR(H18="",I18=""),"AIR-ID or supplier missing",IF(COUNTIFS($H$15:$H$264,H18,$I$15:$I$264,I18)>1,"Duplicate row (counted once)",IF(COUNTIF('System map'!$A$4:$A$203,H18)=0,"AIR-ID not on System map",IF(COUNTIF($L$15:$L$64,I18)=0,"Supplier not listed in Table 2b","OK — verify source"))))) | M18: =IF(L18="","",IFERROR(SUMPRODUCT(($I$15:$I$264=L18)*($H$15:$H$264<>"")/COUNTIFS($H$15:$H$264,$H$15:$H$264&"",$I$15:$I$264,$I$15:$I$264&"")),"Check extract")) | N18: =IF(OR(L18="",NOT(ISNUMBER(M18)),NOT(ISNUMBER($D$8))),"",M18/$D$8) | O18: =IF(L18="","",IF(COUNTIF($L$15:$L$64,L18)>1,"Duplicate supplier name",IF(OR(NOT(ISNUMBER(N18)),NOT(ISNUMBER($D$5))),"",IF(AND(M18>0,N18>=$D$5),"Review: concentration",""))))
A19: =IF(Components!A8="","",Components!A8) | B19: =IF(OR(A19="",Components!B8=""),"",Components!B8) | C19: =IF(OR(A19="",Components!C8=""),"",Components!C8) | D19: =IF(A19="","",COUNTIFS(Relationships!$B$4:$B$1003,"AIR",Relationships!$D$4:$D$1003,"references",Relationships!$F$4:$F$1003,A19,Relationships!$M$4:$M$1003,"Confirmed",Relationships!$N$4:$N$1003,"OK — verify source")) | E19: =IF(OR(A19="",NOT(ISNUMBER($D$6))),"",D19/$D$6) | F19: =IF(OR(NOT(ISNUMBER(E19)),NOT(ISNUMBER($D$5))),"",IF(AND(D19>0,E19>=$D$5),"Review: concentration","")) | J19: =IF(COUNTA(H19:I19)=0,"",IF(OR(H19="",I19=""),"AIR-ID or supplier missing",IF(COUNTIFS($H$15:$H$264,H19,$I$15:$I$264,I19)>1,"Duplicate row (counted once)",IF(COUNTIF('System map'!$A$4:$A$203,H19)=0,"AIR-ID not on System map",IF(COUNTIF($L$15:$L$64,I19)=0,"Supplier not listed in Table 2b","OK — verify source"))))) | M19: =IF(L19="","",IFERROR(SUMPRODUCT(($I$15:$I$264=L19)*($H$15:$H$264<>"")/COUNTIFS($H$15:$H$264,$H$15:$H$264&"",$I$15:$I$264,$I$15:$I$264&"")),"Check extract")) | N19: =IF(OR(L19="",NOT(ISNUMBER(M19)),NOT(ISNUMBER($D$8))),"",M19/$D$8) | O19: =IF(L19="","",IF(COUNTIF($L$15:$L$64,L19)>1,"Duplicate supplier name",IF(OR(NOT(ISNUMBER(N19)),NOT(ISNUMBER($D$5))),"",IF(AND(M19>0,N19>=$D$5),"Review: concentration",""))))
A20: =IF(Components!A9="","",Components!A9) | B20: =IF(OR(A20="",Components!B9=""),"",Components!B9) | C20: =IF(OR(A20="",Components!C9=""),"",Components!C9) | D20: =IF(A20="","",COUNTIFS(Relationships!$B$4:$B$1003,"AIR",Relationships!$D$4:$D$1003,"references",Relationships!$F$4:$F$1003,A20,Relationships!$M$4:$M$1003,"Confirmed",Relationships!$N$4:$N$1003,"OK — verify source")) | E20: =IF(OR(A20="",NOT(ISNUMBER($D$6))),"",D20/$D$6) | F20: =IF(OR(NOT(ISNUMBER(E20)),NOT(ISNUMBER($D$5))),"",IF(AND(D20>0,E20>=$D$5),"Review: concentration","")) | J20: =IF(COUNTA(H20:I20)=0,"",IF(OR(H20="",I20=""),"AIR-ID or supplier missing",IF(COUNTIFS($H$15:$H$264,H20,$I$15:$I$264,I20)>1,"Duplicate row (counted once)",IF(COUNTIF('System map'!$A$4:$A$203,H20)=0,"AIR-ID not on System map",IF(COUNTIF($L$15:$L$64,I20)=0,"Supplier not listed in Table 2b","OK — verify source"))))) | M20: =IF(L20="","",IFERROR(SUMPRODUCT(($I$15:$I$264=L20)*($H$15:$H$264<>"")/COUNTIFS($H$15:$H$264,$H$15:$H$264&"",$I$15:$I$264,$I$15:$I$264&"")),"Check extract")) | N20: =IF(OR(L20="",NOT(ISNUMBER(M20)),NOT(ISNUMBER($D$8))),"",M20/$D$8) | O20: =IF(L20="","",IF(COUNTIF($L$15:$L$64,L20)>1,"Duplicate supplier name",IF(OR(NOT(ISNUMBER(N20)),NOT(ISNUMBER($D$5))),"",IF(AND(M20>0,N20>=$D$5),"Review: concentration",""))))
A21: =IF(Components!A10="","",Components!A10) | B21: =IF(OR(A21="",Components!B10=""),"",Components!B10) | C21: =IF(OR(A21="",Components!C10=""),"",Components!C10) | D21: =IF(A21="","",COUNTIFS(Relationships!$B$4:$B$1003,"AIR",Relationships!$D$4:$D$1003,"references",Relationships!$F$4:$F$1003,A21,Relationships!$M$4:$M$1003,"Confirmed",Relationships!$N$4:$N$1003,"OK — verify source")) | E21: =IF(OR(A21="",NOT(ISNUMBER($D$6))),"",D21/$D$6) | F21: =IF(OR(NOT(ISNUMBER(E21)),NOT(ISNUMBER($D$5))),"",IF(AND(D21>0,E21>=$D$5),"Review: concentration","")) | J21: =IF(COUNTA(H21:I21)=0,"",IF(OR(H21="",I21=""),"AIR-ID or supplier missing",IF(COUNTIFS($H$15:$H$264,H21,$I$15:$I$264,I21)>1,"Duplicate row (counted once)",IF(COUNTIF('System map'!$A$4:$A$203,H21)=0,"AIR-ID not on System map",IF(COUNTIF($L$15:$L$64,I21)=0,"Supplier not listed in Table 2b","OK — verify source"))))) | M21: =IF(L21="","",IFERROR(SUMPRODUCT(($I$15:$I$264=L21)*($H$15:$H$264<>"")/COUNTIFS($H$15:$H$264,$H$15:$H$264&"",$I$15:$I$264,$I$15:$I$264&"")),"Check extract")) | N21: =IF(OR(L21="",NOT(ISNUMBER(M21)),NOT(ISNUMBER($D$8))),"",M21/$D$8) | O21: =IF(L21="","",IF(COUNTIF($L$15:$L$64,L21)>1,"Duplicate supplier name",IF(OR(NOT(ISNUMBER(N21)),NOT(ISNUMBER($D$5))),"",IF(AND(M21>0,N21>=$D$5),"Review: concentration",""))))
A22: =IF(Components!A11="","",Components!A11) | B22: =IF(OR(A22="",Components!B11=""),"",Components!B11) | C22: =IF(OR(A22="",Components!C11=""),"",Components!C11) | D22: =IF(A22="","",COUNTIFS(Relationships!$B$4:$B$1003,"AIR",Relationships!$D$4:$D$1003,"references",Relationships!$F$4:$F$1003,A22,Relationships!$M$4:$M$1003,"Confirmed",Relationships!$N$4:$N$1003,"OK — verify source")) | E22: =IF(OR(A22="",NOT(ISNUMBER($D$6))),"",D22/$D$6) | F22: =IF(OR(NOT(ISNUMBER(E22)),NOT(ISNUMBER($D$5))),"",IF(AND(D22>0,E22>=$D$5),"Review: concentration","")) | J22: =IF(COUNTA(H22:I22)=0,"",IF(OR(H22="",I22=""),"AIR-ID or supplier missing",IF(COUNTIFS($H$15:$H$264,H22,$I$15:$I$264,I22)>1,"Duplicate row (counted once)",IF(COUNTIF('System map'!$A$4:$A$203,H22)=0,"AIR-ID not on System map",IF(COUNTIF($L$15:$L$64,I22)=0,"Supplier not listed in Table 2b","OK — verify source"))))) | M22: =IF(L22="","",IFERROR(SUMPRODUCT(($I$15:$I$264=L22)*($H$15:$H$264<>"")/COUNTIFS($H$15:$H$264,$H$15:$H$264&"",$I$15:$I$264,$I$15:$I$264&"")),"Check extract")) | N22: =IF(OR(L22="",NOT(ISNUMBER(M22)),NOT(ISNUMBER($D$8))),"",M22/$D$8) | O22: =IF(L22="","",IF(COUNTIF($L$15:$L$64,L22)>1,"Duplicate supplier name",IF(OR(NOT(ISNUMBER(N22)),NOT(ISNUMBER($D$5))),"",IF(AND(M22>0,N22>=$D$5),"Review: concentration",""))))
A23: =IF(Components!A12="","",Components!A12) | B23: =IF(OR(A23="",Components!B12=""),"",Components!B12) | C23: =IF(OR(A23="",Components!C12=""),"",Components!C12) | D23: =IF(A23="","",COUNTIFS(Relationships!$B$4:$B$1003,"AIR",Relationships!$D$4:$D$1003,"references",Relationships!$F$4:$F$1003,A23,Relationships!$M$4:$M$1003,"Confirmed",Relationships!$N$4:$N$1003,"OK — verify source")) | E23: =IF(OR(A23="",NOT(ISNUMBER($D$6))),"",D23/$D$6) | F23: =IF(OR(NOT(ISNUMBER(E23)),NOT(ISNUMBER($D$5))),"",IF(AND(D23>0,E23>=$D$5),"Review: concentration","")) | J23: =IF(COUNTA(H23:I23)=0,"",IF(OR(H23="",I23=""),"AIR-ID or supplier missing",IF(COUNTIFS($H$15:$H$264,H23,$I$15:$I$264,I23)>1,"Duplicate row (counted once)",IF(COUNTIF('System map'!$A$4:$A$203,H23)=0,"AIR-ID not on System map",IF(COUNTIF($L$15:$L$64,I23)=0,"Supplier not listed in Table 2b","OK — verify source"))))) | M23: =IF(L23="","",IFERROR(SUMPRODUCT(($I$15:$I$264=L23)*($H$15:$H$264<>"")/COUNTIFS($H$15:$H$264,$H$15:$H$264&"",$I$15:$I$264,$I$15:$I$264&"")),"Check extract")) | N23: =IF(OR(L23="",NOT(ISNUMBER(M23)),NOT(ISNUMBER($D$8))),"",M23/$D$8) | O23: =IF(L23="","",IF(COUNTIF($L$15:$L$64,L23)>1,"Duplicate supplier name",IF(OR(NOT(ISNUMBER(N23)),NOT(ISNUMBER($D$5))),"",IF(AND(M23>0,N23>=$D$5),"Review: concentration",""))))
A24: =IF(Components!A13="","",Components!A13) | B24: =IF(OR(A24="",Components!B13=""),"",Components!B13) | C24: =IF(OR(A24="",Components!C13=""),"",Components!C13) | D24: =IF(A24="","",COUNTIFS(Relationships!$B$4:$B$1003,"AIR",Relationships!$D$4:$D$1003,"references",Relationships!$F$4:$F$1003,A24,Relationships!$M$4:$M$1003,"Confirmed",Relationships!$N$4:$N$1003,"OK — verify source")) | E24: =IF(OR(A24="",NOT(ISNUMBER($D$6))),"",D24/$D$6) | F24: =IF(OR(NOT(ISNUMBER(E24)),NOT(ISNUMBER($D$5))),"",IF(AND(D24>0,E24>=$D$5),"Review: concentration","")) | J24: =IF(COUNTA(H24:I24)=0,"",IF(OR(H24="",I24=""),"AIR-ID or supplier missing",IF(COUNTIFS($H$15:$H$264,H24,$I$15:$I$264,I24)>1,"Duplicate row (counted once)",IF(COUNTIF('System map'!$A$4:$A$203,H24)=0,"AIR-ID not on System map",IF(COUNTIF($L$15:$L$64,I24)=0,"Supplier not listed in Table 2b","OK — verify source"))))) | M24: =IF(L24="","",IFERROR(SUMPRODUCT(($I$15:$I$264=L24)*($H$15:$H$264<>"")/COUNTIFS($H$15:$H$264,$H$15:$H$264&"",$I$15:$I$264,$I$15:$I$264&"")),"Check extract")) | N24: =IF(OR(L24="",NOT(ISNUMBER(M24)),NOT(ISNUMBER($D$8))),"",M24/$D$8) | O24: =IF(L24="","",IF(COUNTIF($L$15:$L$64,L24)>1,"Duplicate supplier name",IF(OR(NOT(ISNUMBER(N24)),NOT(ISNUMBER($D$5))),"",IF(AND(M24>0,N24>=$D$5),"Review: concentration",""))))
A25: =IF(Components!A14="","",Components!A14) | B25: =IF(OR(A25="",Components!B14=""),"",Components!B14) | C25: =IF(OR(A25="",Components!C14=""),"",Components!C14) | D25: =IF(A25="","",COUNTIFS(Relationships!$B$4:$B$1003,"AIR",Relationships!$D$4:$D$1003,"references",Relationships!$F$4:$F$1003,A25,Relationships!$M$4:$M$1003,"Confirmed",Relationships!$N$4:$N$1003,"OK — verify source")) | E25: =IF(OR(A25="",NOT(ISNUMBER($D$6))),"",D25/$D$6) | F25: =IF(OR(NOT(ISNUMBER(E25)),NOT(ISNUMBER($D$5))),"",IF(AND(D25>0,E25>=$D$5),"Review: concentration","")) | J25: =IF(COUNTA(H25:I25)=0,"",IF(OR(H25="",I25=""),"AIR-ID or supplier missing",IF(COUNTIFS($H$15:$H$264,H25,$I$15:$I$264,I25)>1,"Duplicate row (counted once)",IF(COUNTIF('System map'!$A$4:$A$203,H25)=0,"AIR-ID not on System map",IF(COUNTIF($L$15:$L$64,I25)=0,"Supplier not listed in Table 2b","OK — verify source"))))) | M25: =IF(L25="","",IFERROR(SUMPRODUCT(($I$15:$I$264=L25)*($H$15:$H$264<>"")/COUNTIFS($H$15:$H$264,$H$15:$H$264&"",$I$15:$I$264,$I$15:$I$264&"")),"Check extract")) | N25: =IF(OR(L25="",NOT(ISNUMBER(M25)),NOT(ISNUMBER($D$8))),"",M25/$D$8) | O25: =IF(L25="","",IF(COUNTIF($L$15:$L$64,L25)>1,"Duplicate supplier name",IF(OR(NOT(ISNUMBER(N25)),NOT(ISNUMBER($D$5))),"",IF(AND(M25>0,N25>=$D$5),"Review: concentration",""))))
A26: =IF(Components!A15="","",Components!A15) | B26: =IF(OR(A26="",Components!B15=""),"",Components!B15) | C26: =IF(OR(A26="",Components!C15=""),"",Components!C15) | D26: =IF(A26="","",COUNTIFS(Relationships!$B$4:$B$1003,"AIR",Relationships!$D$4:$D$1003,"references",Relationships!$F$4:$F$1003,A26,Relationships!$M$4:$M$1003,"Confirmed",Relationships!$N$4:$N$1003,"OK — verify source")) | E26: =IF(OR(A26="",NOT(ISNUMBER($D$6))),"",D26/$D$6) | F26: =IF(OR(NOT(ISNUMBER(E26)),NOT(ISNUMBER($D$5))),"",IF(AND(D26>0,E26>=$D$5),"Review: concentration","")) | J26: =IF(COUNTA(H26:I26)=0,"",IF(OR(H26="",I26=""),"AIR-ID or supplier missing",IF(COUNTIFS($H$15:$H$264,H26,$I$15:$I$264,I26)>1,"Duplicate row (counted once)",IF(COUNTIF('System map'!$A$4:$A$203,H26)=0,"AIR-ID not on System map",IF(COUNTIF($L$15:$L$64,I26)=0,"Supplier not listed in Table 2b","OK — verify source"))))) | M26: =IF(L26="","",IFERROR(SUMPRODUCT(($I$15:$I$264=L26)*($H$15:$H$264<>"")/COUNTIFS($H$15:$H$264,$H$15:$H$264&"",$I$15:$I$264,$I$15:$I$264&"")),"Check extract")) | N26: =IF(OR(L26="",NOT(ISNUMBER(M26)),NOT(ISNUMBER($D$8))),"",M26/$D$8) | O26: =IF(L26="","",IF(COUNTIF($L$15:$L$64,L26)>1,"Duplicate supplier name",IF(OR(NOT(ISNUMBER(N26)),NOT(ISNUMBER($D$5))),"",IF(AND(M26>0,N26>=$D$5),"Review: concentration",""))))
... A64: =IF(Components!A53="","",Components!A53) | B64: =IF(OR(A64="",Components!B53=""),"",Components!B53) | C64: =IF(OR(A64="",Components!C53=""),"",Components!C53) | D64: =IF(A64="","",COUNTIFS(Relationships!$B$4:$B$1003,"AIR",Relationships!$D$4:$D$1003,"references",Relationships!$F$4:$F$1003,A64,Relationships!$M$4:$M$1003,"Confirmed",Relationships!$N$4:$N$1003,"OK — verify source")) | E64: =IF(OR(A64="",NOT(ISNUMBER($D$6))),"",D64/$D$6) | F64: =IF(OR(NOT(ISNUMBER(E64)),NOT(ISNUMBER($D$5))),"",IF(AND(D64>0,E64>=$D$5),"Review: concentration","")) | J64: =IF(COUNTA(H64:I64)=0,"",IF(OR(H64="",I64=""),"AIR-ID or supplier missing",IF(COUNTIFS($H$15:$H$264,H64,$I$15:$I$264,I64)>1,"Duplicate row (counted once)",IF(COUNTIF('System map'!$A$4:$A$203,H64)=0,"AIR-ID not on System map",IF(COUNTIF($L$15:$L$64,I64)=0,"Supplier not listed in Table 2b","OK — verify source"))))) | M64: =IF(L64="","",IFERROR(SUMPRODUCT(($I$15:$I$264=L64)*($H$15:$H$264<>"")/COUNTIFS($H$15:$H$264,$H$15:$H$264&"",$I$15:$I$264,$I$15:$I$264&"")),"Check extract")) | N64: =IF(OR(L64="",NOT(ISNUMBER(M64)),NOT(ISNUMBER($D$8))),"",M64/$D$8) | O64: =IF(L64="","",IF(COUNTIF($L$15:$L$64,L64)>1,"Duplicate supplier name",IF(OR(NOT(ISNUMBER(N64)),NOT(ISNUMBER($D$5))),"",IF(AND(M64>0,N64>=$D$5),"Review: concentration",""))))
A65: =IF(Components!A54="","",Components!A54) | B65: =IF(OR(A65="",Components!B54=""),"",Components!B54) | C65: =IF(OR(A65="",Components!C54=""),"",Components!C54) | D65: =IF(A65="","",COUNTIFS(Relationships!$B$4:$B$1003,"AIR",Relationships!$D$4:$D$1003,"references",Relationships!$F$4:$F$1003,A65,Relationships!$M$4:$M$1003,"Confirmed",Relationships!$N$4:$N$1003,"OK — verify source")) | E65: =IF(OR(A65="",NOT(ISNUMBER($D$6))),"",D65/$D$6) | F65: =IF(OR(NOT(ISNUMBER(E65)),NOT(ISNUMBER($D$5))),"",IF(AND(D65>0,E65>=$D$5),"Review: concentration","")) | J65: =IF(COUNTA(H65:I65)=0,"",IF(OR(H65="",I65=""),"AIR-ID or supplier missing",IF(COUNTIFS($H$15:$H$264,H65,$I$15:$I$264,I65)>1,"Duplicate row (counted once)",IF(COUNTIF('System map'!$A$4:$A$203,H65)=0,"AIR-ID not on System map",IF(COUNTIF($L$15:$L$64,I65)=0,"Supplier not listed in Table 2b","OK — verify source")))))
A66: =IF(Components!A55="","",Components!A55) | B66: =IF(OR(A66="",Components!B55=""),"",Components!B55) | C66: =IF(OR(A66="",Components!C55=""),"",Components!C55) | D66: =IF(A66="","",COUNTIFS(Relationships!$B$4:$B$1003,"AIR",Relationships!$D$4:$D$1003,"references",Relationships!$F$4:$F$1003,A66,Relationships!$M$4:$M$1003,"Confirmed",Relationships!$N$4:$N$1003,"OK — verify source")) | E66: =IF(OR(A66="",NOT(ISNUMBER($D$6))),"",D66/$D$6) | F66: =IF(OR(NOT(ISNUMBER(E66)),NOT(ISNUMBER($D$5))),"",IF(AND(D66>0,E66>=$D$5),"Review: concentration","")) | J66: =IF(COUNTA(H66:I66)=0,"",IF(OR(H66="",I66=""),"AIR-ID or supplier missing",IF(COUNTIFS($H$15:$H$264,H66,$I$15:$I$264,I66)>1,"Duplicate row (counted once)",IF(COUNTIF('System map'!$A$4:$A$203,H66)=0,"AIR-ID not on System map",IF(COUNTIF($L$15:$L$64,I66)=0,"Supplier not listed in Table 2b","OK — verify source")))))
A67: =IF(Components!A56="","",Components!A56) | B67: =IF(OR(A67="",Components!B56=""),"",Components!B56) | C67: =IF(OR(A67="",Components!C56=""),"",Components!C56) | D67: =IF(A67="","",COUNTIFS(Relationships!$B$4:$B$1003,"AIR",Relationships!$D$4:$D$1003,"references",Relationships!$F$4:$F$1003,A67,Relationships!$M$4:$M$1003,"Confirmed",Relationships!$N$4:$N$1003,"OK — verify source")) | E67: =IF(OR(A67="",NOT(ISNUMBER($D$6))),"",D67/$D$6) | F67: =IF(OR(NOT(ISNUMBER(E67)),NOT(ISNUMBER($D$5))),"",IF(AND(D67>0,E67>=$D$5),"Review: concentration","")) | J67: =IF(COUNTA(H67:I67)=0,"",IF(OR(H67="",I67=""),"AIR-ID or supplier missing",IF(COUNTIFS($H$15:$H$264,H67,$I$15:$I$264,I67)>1,"Duplicate row (counted once)",IF(COUNTIF('System map'!$A$4:$A$203,H67)=0,"AIR-ID not on System map",IF(COUNTIF($L$15:$L$64,I67)=0,"Supplier not listed in Table 2b","OK — verify source")))))
A68: =IF(Components!A57="","",Components!A57) | B68: =IF(OR(A68="",Components!B57=""),"",Components!B57) | C68: =IF(OR(A68="",Components!C57=""),"",Components!C57) | D68: =IF(A68="","",COUNTIFS(Relationships!$B$4:$B$1003,"AIR",Relationships!$D$4:$D$1003,"references",Relationships!$F$4:$F$1003,A68,Relationships!$M$4:$M$1003,"Confirmed",Relationships!$N$4:$N$1003,"OK — verify source")) | E68: =IF(OR(A68="",NOT(ISNUMBER($D$6))),"",D68/$D$6) | F68: =IF(OR(NOT(ISNUMBER(E68)),NOT(ISNUMBER($D$5))),"",IF(AND(D68>0,E68>=$D$5),"Review: concentration","")) | J68: =IF(COUNTA(H68:I68)=0,"",IF(OR(H68="",I68=""),"AIR-ID or supplier missing",IF(COUNTIFS($H$15:$H$264,H68,$I$15:$I$264,I68)>1,"Duplicate row (counted once)",IF(COUNTIF('System map'!$A$4:$A$203,H68)=0,"AIR-ID not on System map",IF(COUNTIF($L$15:$L$64,I68)=0,"Supplier not listed in Table 2b","OK — verify source")))))
A69: =IF(Components!A58="","",Components!A58) | B69: =IF(OR(A69="",Components!B58=""),"",Components!B58) | C69: =IF(OR(A69="",Components!C58=""),"",Components!C58) | D69: =IF(A69="","",COUNTIFS(Relationships!$B$4:$B$1003,"AIR",Relationships!$D$4:$D$1003,"references",Relationships!$F$4:$F$1003,A69,Relationships!$M$4:$M$1003,"Confirmed",Relationships!$N$4:$N$1003,"OK — verify source")) | E69: =IF(OR(A69="",NOT(ISNUMBER($D$6))),"",D69/$D$6) | F69: =IF(OR(NOT(ISNUMBER(E69)),NOT(ISNUMBER($D$5))),"",IF(AND(D69>0,E69>=$D$5),"Review: concentration","")) | J69: =IF(COUNTA(H69:I69)=0,"",IF(OR(H69="",I69=""),"AIR-ID or supplier missing",IF(COUNTIFS($H$15:$H$264,H69,$I$15:$I$264,I69)>1,"Duplicate row (counted once)",IF(COUNTIF('System map'!$A$4:$A$203,H69)=0,"AIR-ID not on System map",IF(COUNTIF($L$15:$L$64,I69)=0,"Supplier not listed in Table 2b","OK — verify source")))))
A70: =IF(Components!A59="","",Components!A59) | B70: =IF(OR(A70="",Components!B59=""),"",Components!B59) | C70: =IF(OR(A70="",Components!C59=""),"",Components!C59) | D70: =IF(A70="","",COUNTIFS(Relationships!$B$4:$B$1003,"AIR",Relationships!$D$4:$D$1003,"references",Relationships!$F$4:$F$1003,A70,Relationships!$M$4:$M$1003,"Confirmed",Relationships!$N$4:$N$1003,"OK — verify source")) | E70: =IF(OR(A70="",NOT(ISNUMBER($D$6))),"",D70/$D$6) | F70: =IF(OR(NOT(ISNUMBER(E70)),NOT(ISNUMBER($D$5))),"",IF(AND(D70>0,E70>=$D$5),"Review: concentration","")) | J70: =IF(COUNTA(H70:I70)=0,"",IF(OR(H70="",I70=""),"AIR-ID or supplier missing",IF(COUNTIFS($H$15:$H$264,H70,$I$15:$I$264,I70)>1,"Duplicate row (counted once)",IF(COUNTIF('System map'!$A$4:$A$203,H70)=0,"AIR-ID not on System map",IF(COUNTIF($L$15:$L$64,I70)=0,"Supplier not listed in Table 2b","OK — verify source")))))
A71: =IF(Components!A60="","",Components!A60) | B71: =IF(OR(A71="",Components!B60=""),"",Components!B60) | C71: =IF(OR(A71="",Components!C60=""),"",Components!C60) | D71: =IF(A71="","",COUNTIFS(Relationships!$B$4:$B$1003,"AIR",Relationships!$D$4:$D$1003,"references",Relationships!$F$4:$F$1003,A71,Relationships!$M$4:$M$1003,"Confirmed",Relationships!$N$4:$N$1003,"OK — verify source")) | E71: =IF(OR(A71="",NOT(ISNUMBER($D$6))),"",D71/$D$6) | F71: =IF(OR(NOT(ISNUMBER(E71)),NOT(ISNUMBER($D$5))),"",IF(AND(D71>0,E71>=$D$5),"Review: concentration","")) | J71: =IF(COUNTA(H71:I71)=0,"",IF(OR(H71="",I71=""),"AIR-ID or supplier missing",IF(COUNTIFS($H$15:$H$264,H71,$I$15:$I$264,I71)>1,"Duplicate row (counted once)",IF(COUNTIF('System map'!$A$4:$A$203,H71)=0,"AIR-ID not on System map",IF(COUNTIF($L$15:$L$64,I71)=0,"Supplier not listed in Table 2b","OK — verify source")))))
A72: =IF(Components!A61="","",Components!A61) | B72: =IF(OR(A72="",Components!B61=""),"",Components!B61) | C72: =IF(OR(A72="",Components!C61=""),"",Components!C61) | D72: =IF(A72="","",COUNTIFS(Relationships!$B$4:$B$1003,"AIR",Relationships!$D$4:$D$1003,"references",Relationships!$F$4:$F$1003,A72,Relationships!$M$4:$M$1003,"Confirmed",Relationships!$N$4:$N$1003,"OK — verify source")) | E72: =IF(OR(A72="",NOT(ISNUMBER($D$6))),"",D72/$D$6) | F72: =IF(OR(NOT(ISNUMBER(E72)),NOT(ISNUMBER($D$5))),"",IF(AND(D72>0,E72>=$D$5),"Review: concentration","")) | J72: =IF(COUNTA(H72:I72)=0,"",IF(OR(H72="",I72=""),"AIR-ID or supplier missing",IF(COUNTIFS($H$15:$H$264,H72,$I$15:$I$264,I72)>1,"Duplicate row (counted once)",IF(COUNTIF('System map'!$A$4:$A$203,H72)=0,"AIR-ID not on System map",IF(COUNTIF($L$15:$L$64,I72)=0,"Supplier not listed in Table 2b","OK — verify source")))))
A73: =IF(Components!A62="","",Components!A62) | B73: =IF(OR(A73="",Components!B62=""),"",Components!B62) | C73: =IF(OR(A73="",Components!C62=""),"",Components!C62) | D73: =IF(A73="","",COUNTIFS(Relationships!$B$4:$B$1003,"AIR",Relationships!$D$4:$D$1003,"references",Relationships!$F$4:$F$1003,A73,Relationships!$M$4:$M$1003,"Confirmed",Relationships!$N$4:$N$1003,"OK — verify source")) | E73: =IF(OR(A73="",NOT(ISNUMBER($D$6))),"",D73/$D$6) | F73: =IF(OR(NOT(ISNUMBER(E73)),NOT(ISNUMBER($D$5))),"",IF(AND(D73>0,E73>=$D$5),"Review: concentration","")) | J73: =IF(COUNTA(H73:I73)=0,"",IF(OR(H73="",I73=""),"AIR-ID or supplier missing",IF(COUNTIFS($H$15:$H$264,H73,$I$15:$I$264,I73)>1,"Duplicate row (counted once)",IF(COUNTIF('System map'!$A$4:$A$203,H73)=0,"AIR-ID not on System map",IF(COUNTIF($L$15:$L$64,I73)=0,"Supplier not listed in Table 2b","OK — verify source")))))
A74: =IF(Components!A63="","",Components!A63) | B74: =IF(OR(A74="",Components!B63=""),"",Components!B63) | C74: =IF(OR(A74="",Components!C63=""),"",Components!C63) | D74: =IF(A74="","",COUNTIFS(Relationships!$B$4:$B$1003,"AIR",Relationships!$D$4:$D$1003,"references",Relationships!$F$4:$F$1003,A74,Relationships!$M$4:$M$1003,"Confirmed",Relationships!$N$4:$N$1003,"OK — verify source")) | E74: =IF(OR(A74="",NOT(ISNUMBER($D$6))),"",D74/$D$6) | F74: =IF(OR(NOT(ISNUMBER(E74)),NOT(ISNUMBER($D$5))),"",IF(AND(D74>0,E74>=$D$5),"Review: concentration","")) | J74: =IF(COUNTA(H74:I74)=0,"",IF(OR(H74="",I74=""),"AIR-ID or supplier missing",IF(COUNTIFS($H$15:$H$264,H74,$I$15:$I$264,I74)>1,"Duplicate row (counted once)",IF(COUNTIF('System map'!$A$4:$A$203,H74)=0,"AIR-ID not on System map",IF(COUNTIF($L$15:$L$64,I74)=0,"Supplier not listed in Table 2b","OK — verify source")))))
A75: =IF(Components!A64="","",Components!A64) | B75: =IF(OR(A75="",Components!B64=""),"",Components!B64) | C75: =IF(OR(A75="",Components!C64=""),"",Components!C64) | D75: =IF(A75="","",COUNTIFS(Relationships!$B$4:$B$1003,"AIR",Relationships!$D$4:$D$1003,"references",Relationships!$F$4:$F$1003,A75,Relationships!$M$4:$M$1003,"Confirmed",Relationships!$N$4:$N$1003,"OK — verify source")) | E75: =IF(OR(A75="",NOT(ISNUMBER($D$6))),"",D75/$D$6) | F75: =IF(OR(NOT(ISNUMBER(E75)),NOT(ISNUMBER($D$5))),"",IF(AND(D75>0,E75>=$D$5),"Review: concentration","")) | J75: =IF(COUNTA(H75:I75)=0,"",IF(OR(H75="",I75=""),"AIR-ID or supplier missing",IF(COUNTIFS($H$15:$H$264,H75,$I$15:$I$264,I75)>1,"Duplicate row (counted once)",IF(COUNTIF('System map'!$A$4:$A$203,H75)=0,"AIR-ID not on System map",IF(COUNTIF($L$15:$L$64,I75)=0,"Supplier not listed in Table 2b","OK — verify source")))))
A76: =IF(Components!A65="","",Components!A65) | B76: =IF(OR(A76="",Components!B65=""),"",Components!B65) | C76: =IF(OR(A76="",Components!C65=""),"",Components!C65) | D76: =IF(A76="","",COUNTIFS(Relationships!$B$4:$B$1003,"AIR",Relationships!$D$4:$D$1003,"references",Relationships!$F$4:$F$1003,A76,Relationships!$M$4:$M$1003,"Confirmed",Relationships!$N$4:$N$1003,"OK — verify source")) | E76: =IF(OR(A76="",NOT(ISNUMBER($D$6))),"",D76/$D$6) | F76: =IF(OR(NOT(ISNUMBER(E76)),NOT(ISNUMBER($D$5))),"",IF(AND(D76>0,E76>=$D$5),"Review: concentration","")) | J76: =IF(COUNTA(H76:I76)=0,"",IF(OR(H76="",I76=""),"AIR-ID or supplier missing",IF(COUNTIFS($H$15:$H$264,H76,$I$15:$I$264,I76)>1,"Duplicate row (counted once)",IF(COUNTIF('System map'!$A$4:$A$203,H76)=0,"AIR-ID not on System map",IF(COUNTIF($L$15:$L$64,I76)=0,"Supplier not listed in Table 2b","OK — verify source")))))
... A264: =IF(Components!A253="","",Components!A253) | B264: =IF(OR(A264="",Components!B253=""),"",Components!B253) | C264: =IF(OR(A264="",Components!C253=""),"",Components!C253) | D264: =IF(A264="","",COUNTIFS(Relationships!$B$4:$B$1003,"AIR",Relationships!$D$4:$D$1003,"references",Relationships!$F$4:$F$1003,A264,Relationships!$M$4:$M$1003,"Confirmed",Relationships!$N$4:$N$1003,"OK — verify source")) | E264: =IF(OR(A264="",NOT(ISNUMBER($D$6))),"",D264/$D$6) | F264: =IF(OR(NOT(ISNUMBER(E264)),NOT(ISNUMBER($D$5))),"",IF(AND(D264>0,E264>=$D$5),"Review: concentration","")) | J264: =IF(COUNTA(H264:I264)=0,"",IF(OR(H264="",I264=""),"AIR-ID or supplier missing",IF(COUNTIFS($H$15:$H$264,H264,$I$15:$I$264,I264)>1,"Duplicate row (counted once)",IF(COUNTIF('System map'!$A$4:$A$203,H264)=0,"AIR-ID not on System map",IF(COUNTIF($L$15:$L$64,I264)=0,"Supplier not listed in Table 2b","OK — verify source")))))

Sheet Gaps and actions
A1: UNKNOWN / ACTION LOG
A2: Do not invent links to fill a map. Record missing sources, conflicting IDs, unresolved applicability and who will answer.
A3: Action ID | B3: Node / AIR-ID | C3: Gap / N-A question | D3: Impact on map | E3: Action owner | F3: Due date | G3: State | H3: Evidence / resolution ref | I3: Resolved on | J3: Notes

Sheet Map changes
A1: MAP CHANGE LOG / REASSESSMENT
A2: Log changed relationships and access. ‘Expand access’ and ‘Add link’ always count as access expansion and need a reassessment ref, whatever column H says; ‘Reduce access’ and ‘Remove link’ can close without one. A map update is not permission or a gate decision.
A3: Map Change ID | B3: AIR-ID | C3: Map Edge ID | D3: Change date | E3: Change type | F3: Previous link / access | G3: New link / access | H3: Access expansion? | I3: Change owner | J3: Review / reassessment ref | K3: Gate Event ID (if needed) | L3: State | M3: Change check
M4: =IF(COUNTA(A4:L4)=0,"",IF(OR(A4="",B4="",C4="",D4="",E4="",I4=""),"Change detail missing",IF(COUNTIF($A$4:$A$253,A4)>1,"Duplicate Map Change ID",IF(NOT(ISNUMBER(D4)),"Change date is not a date",IF(COUNTIF('System map'!$A$4:$A$203,B4)<>1,"AIR-ID not reconciled",IF(COUNTIF(Relationships!$A$4:$A$1003,C4)=0,"Map Edge ID not found in Relationships",IF(AND(OR(H4="Yes",H4="Unsure",E4="Expand access",E4="Add link"),J4=""),"Access change needs reassessment ref",IF(AND(L4="Closed",OR(H4="",AND(OR(H4="Yes",H4="Unsure",E4="Expand access",E4="Add link"),J4=""))),"Closure / reassessment evidence missing","OK — verify source"))))))))
M5: =IF(COUNTA(A5:L5)=0,"",IF(OR(A5="",B5="",C5="",D5="",E5="",I5=""),"Change detail missing",IF(COUNTIF($A$4:$A$253,A5)>1,"Duplicate Map Change ID",IF(NOT(ISNUMBER(D5)),"Change date is not a date",IF(COUNTIF('System map'!$A$4:$A$203,B5)<>1,"AIR-ID not reconciled",IF(COUNTIF(Relationships!$A$4:$A$1003,C5)=0,"Map Edge ID not found in Relationships",IF(AND(OR(H5="Yes",H5="Unsure",E5="Expand access",E5="Add link"),J5=""),"Access change needs reassessment ref",IF(AND(L5="Closed",OR(H5="",AND(OR(H5="Yes",H5="Unsure",E5="Expand access",E5="Add link"),J5=""))),"Closure / reassessment evidence missing","OK — verify source"))))))))
M6: =IF(COUNTA(A6:L6)=0,"",IF(OR(A6="",B6="",C6="",D6="",E6="",I6=""),"Change detail missing",IF(COUNTIF($A$4:$A$253,A6)>1,"Duplicate Map Change ID",IF(NOT(ISNUMBER(D6)),"Change date is not a date",IF(COUNTIF('System map'!$A$4:$A$203,B6)<>1,"AIR-ID not reconciled",IF(COUNTIF(Relationships!$A$4:$A$1003,C6)=0,"Map Edge ID not found in Relationships",IF(AND(OR(H6="Yes",H6="Unsure",E6="Expand access",E6="Add link"),J6=""),"Access change needs reassessment ref",IF(AND(L6="Closed",OR(H6="",AND(OR(H6="Yes",H6="Unsure",E6="Expand access",E6="Add link"),J6=""))),"Closure / reassessment evidence missing","OK — verify source"))))))))
M7: =IF(COUNTA(A7:L7)=0,"",IF(OR(A7="",B7="",C7="",D7="",E7="",I7=""),"Change detail missing",IF(COUNTIF($A$4:$A$253,A7)>1,"Duplicate Map Change ID",IF(NOT(ISNUMBER(D7)),"Change date is not a date",IF(COUNTIF('System map'!$A$4:$A$203,B7)<>1,"AIR-ID not reconciled",IF(COUNTIF(Relationships!$A$4:$A$1003,C7)=0,"Map Edge ID not found in Relationships",IF(AND(OR(H7="Yes",H7="Unsure",E7="Expand access",E7="Add link"),J7=""),"Access change needs reassessment ref",IF(AND(L7="Closed",OR(H7="",AND(OR(H7="Yes",H7="Unsure",E7="Expand access",E7="Add link"),J7=""))),"Closure / reassessment evidence missing","OK — verify source"))))))))
M8: =IF(COUNTA(A8:L8)=0,"",IF(OR(A8="",B8="",C8="",D8="",E8="",I8=""),"Change detail missing",IF(COUNTIF($A$4:$A$253,A8)>1,"Duplicate Map Change ID",IF(NOT(ISNUMBER(D8)),"Change date is not a date",IF(COUNTIF('System map'!$A$4:$A$203,B8)<>1,"AIR-ID not reconciled",IF(COUNTIF(Relationships!$A$4:$A$1003,C8)=0,"Map Edge ID not found in Relationships",IF(AND(OR(H8="Yes",H8="Unsure",E8="Expand access",E8="Add link"),J8=""),"Access change needs reassessment ref",IF(AND(L8="Closed",OR(H8="",AND(OR(H8="Yes",H8="Unsure",E8="Expand access",E8="Add link"),J8=""))),"Closure / reassessment evidence missing","OK — verify source"))))))))
M9: =IF(COUNTA(A9:L9)=0,"",IF(OR(A9="",B9="",C9="",D9="",E9="",I9=""),"Change detail missing",IF(COUNTIF($A$4:$A$253,A9)>1,"Duplicate Map Change ID",IF(NOT(ISNUMBER(D9)),"Change date is not a date",IF(COUNTIF('System map'!$A$4:$A$203,B9)<>1,"AIR-ID not reconciled",IF(COUNTIF(Relationships!$A$4:$A$1003,C9)=0,"Map Edge ID not found in Relationships",IF(AND(OR(H9="Yes",H9="Unsure",E9="Expand access",E9="Add link"),J9=""),"Access change needs reassessment ref",IF(AND(L9="Closed",OR(H9="",AND(OR(H9="Yes",H9="Unsure",E9="Expand access",E9="Add link"),J9=""))),"Closure / reassessment evidence missing","OK — verify source"))))))))
M10: =IF(COUNTA(A10:L10)=0,"",IF(OR(A10="",B10="",C10="",D10="",E10="",I10=""),"Change detail missing",IF(COUNTIF($A$4:$A$253,A10)>1,"Duplicate Map Change ID",IF(NOT(ISNUMBER(D10)),"Change date is not a date",IF(COUNTIF('System map'!$A$4:$A$203,B10)<>1,"AIR-ID not reconciled",IF(COUNTIF(Relationships!$A$4:$A$1003,C10)=0,"Map Edge ID not found in Relationships",IF(AND(OR(H10="Yes",H10="Unsure",E10="Expand access",E10="Add link"),J10=""),"Access change needs reassessment ref",IF(AND(L10="Closed",OR(H10="",AND(OR(H10="Yes",H10="Unsure",E10="Expand access",E10="Add link"),J10=""))),"Closure / reassessment evidence missing","OK — verify source"))))))))
M11: =IF(COUNTA(A11:L11)=0,"",IF(OR(A11="",B11="",C11="",D11="",E11="",I11=""),"Change detail missing",IF(COUNTIF($A$4:$A$253,A11)>1,"Duplicate Map Change ID",IF(NOT(ISNUMBER(D11)),"Change date is not a date",IF(COUNTIF('System map'!$A$4:$A$203,B11)<>1,"AIR-ID not reconciled",IF(COUNTIF(Relationships!$A$4:$A$1003,C11)=0,"Map Edge ID not found in Relationships",IF(AND(OR(H11="Yes",H11="Unsure",E11="Expand access",E11="Add link"),J11=""),"Access change needs reassessment ref",IF(AND(L11="Closed",OR(H11="",AND(OR(H11="Yes",H11="Unsure",E11="Expand access",E11="Add link"),J11=""))),"Closure / reassessment evidence missing","OK — verify source"))))))))
M12: =IF(COUNTA(A12:L12)=0,"",IF(OR(A12="",B12="",C12="",D12="",E12="",I12=""),"Change detail missing",IF(COUNTIF($A$4:$A$253,A12)>1,"Duplicate Map Change ID",IF(NOT(ISNUMBER(D12)),"Change date is not a date",IF(COUNTIF('System map'!$A$4:$A$203,B12)<>1,"AIR-ID not reconciled",IF(COUNTIF(Relationships!$A$4:$A$1003,C12)=0,"Map Edge ID not found in Relationships",IF(AND(OR(H12="Yes",H12="Unsure",E12="Expand access",E12="Add link"),J12=""),"Access change needs reassessment ref",IF(AND(L12="Closed",OR(H12="",AND(OR(H12="Yes",H12="Unsure",E12="Expand access",E12="Add link"),J12=""))),"Closure / reassessment evidence missing","OK — verify source"))))))))
M13: =IF(COUNTA(A13:L13)=0,"",IF(OR(A13="",B13="",C13="",D13="",E13="",I13=""),"Change detail missing",IF(COUNTIF($A$4:$A$253,A13)>1,"Duplicate Map Change ID",IF(NOT(ISNUMBER(D13)),"Change date is not a date",IF(COUNTIF('System map'!$A$4:$A$203,B13)<>1,"AIR-ID not reconciled",IF(COUNTIF(Relationships!$A$4:$A$1003,C13)=0,"Map Edge ID not found in Relationships",IF(AND(OR(H13="Yes",H13="Unsure",E13="Expand access",E13="Add link"),J13=""),"Access change needs reassessment ref",IF(AND(L13="Closed",OR(H13="",AND(OR(H13="Yes",H13="Unsure",E13="Expand access",E13="Add link"),J13=""))),"Closure / reassessment evidence missing","OK — verify source"))))))))
M14: =IF(COUNTA(A14:L14)=0,"",IF(OR(A14="",B14="",C14="",D14="",E14="",I14=""),"Change detail missing",IF(COUNTIF($A$4:$A$253,A14)>1,"Duplicate Map Change ID",IF(NOT(ISNUMBER(D14)),"Change date is not a date",IF(COUNTIF('System map'!$A$4:$A$203,B14)<>1,"AIR-ID not reconciled",IF(COUNTIF(Relationships!$A$4:$A$1003,C14)=0,"Map Edge ID not found in Relationships",IF(AND(OR(H14="Yes",H14="Unsure",E14="Expand access",E14="Add link"),J14=""),"Access change needs reassessment ref",IF(AND(L14="Closed",OR(H14="",AND(OR(H14="Yes",H14="Unsure",E14="Expand access",E14="Add link"),J14=""))),"Closure / reassessment evidence missing","OK — verify source"))))))))
M15: =IF(COUNTA(A15:L15)=0,"",IF(OR(A15="",B15="",C15="",D15="",E15="",I15=""),"Change detail missing",IF(COUNTIF($A$4:$A$253,A15)>1,"Duplicate Map Change ID",IF(NOT(ISNUMBER(D15)),"Change date is not a date",IF(COUNTIF('System map'!$A$4:$A$203,B15)<>1,"AIR-ID not reconciled",IF(COUNTIF(Relationships!$A$4:$A$1003,C15)=0,"Map Edge ID not found in Relationships",IF(AND(OR(H15="Yes",H15="Unsure",E15="Expand access",E15="Add link"),J15=""),"Access change needs reassessment ref",IF(AND(L15="Closed",OR(H15="",AND(OR(H15="Yes",H15="Unsure",E15="Expand access",E15="Add link"),J15=""))),"Closure / reassessment evidence missing","OK — verify source"))))))))
... M253: =IF(COUNTA(A253:L253)=0,"",IF(OR(A253="",B253="",C253="",D253="",E253="",I253=""),"Change detail missing",IF(COUNTIF($A$4:$A$253,A253)>1,"Duplicate Map Change ID",IF(NOT(ISNUMBER(D253)),"Change date is not a date",IF(COUNTIF('System map'!$A$4:$A$203,B253)<>1,"AIR-ID not reconciled",IF(COUNTIF(Relationships!$A$4:$A$1003,C253)=0,"Map Edge ID not found in Relationships",IF(AND(OR(H253="Yes",H253="Unsure",E253="Expand access",E253="Add link"),J253=""),"Access change needs reassessment ref",IF(AND(L253="Closed",OR(H253="",AND(OR(H253="Yes",H253="Unsure",E253="Expand access",E253="Add link"),J253=""))),"Closure / reassessment evidence missing","OK — verify source"))))))))

Sheet ID and source rules
A1: ID / link | B1: Authoritative source | C1: Meaning and boundary | D1: Before adoption
A2: AIR-ID | B2: AIG-INV-04 AI Register | C2: Governance-issued permanent system ID. Enter existing ID in System map; never invent/recycle it. | D2: Confirm allocation and reconciliation process
A3: UC-ID | B3: This map; AIG-INV-03 as factual source | C3: One outcome/workflow; can exist provisionally before AIR-ID. Link UC → CAP with source. | D3: Approve ID scheme and granularity
A4: CAP-ID | B4: This map or approved capability catalogue | C4: Reusable verb+noun function, inputs/outputs and boundary; not an agent permission. | D4: Choose canonical capability catalogue
A5: MOD / DATA / IF reference | B5: AIG-ASS-09 / existing data or interface catalogue and specialist source | C5: Version-specific pointers; detailed model, data or security controls stay in source. | D5: Confirm canonical source and versioning
A6: AG / TOOL reference | B6: AIG-AGT-04 Agent Record and exact agent/tool row; AIG-AGT-05 for authority | C6: Stable reference and versioned source pointer. Map edge is not delegation or permission. | D6: Confirm stable AG-ID and tool ID policy
A7: Map Edge ID | B7: This map | C7: Unique relationship with type, source, owner, confidence, verification and state. Named ‘Map Edge ID’ to distinguish it from the Authority Edge ID in AIG-AGT-04. | D7: Agree ownership, lifecycle and review frequency
A8: UC → CAP | B8: requires | C8: Early discovery link; AIR context may be blank. A proposed link is not confirmed deployment. | D8: Approve semantics
A9: CAP → AIR | B9: provided by | C9: Only official AIR-ID; one capability can be provided by several systems and vice versa. | D9: Approve semantics
A10: AIR → MOD/DATA/IF/AG/TOOL | B10: references | C10: AIR context required; refer to exact canonical component, not duplicate controls. | D10: Review material access changes
A11: AIR → AIR | B11: depends on | C11: Record material system dependency with source. Self-dependency and two-node cycles (A depends on B and B on A) are flagged. | D11: Agree treatment of cycles / shared services
A12: Map Change ID | B12: Map changes | C12: Independent change trail (distinct from the AIG-INV-04 Register Change ID). Access expansion requires reassessment evidence and AIG-DEC-04 event where needed. | D12: Agree trigger / escalation owner
A13: Dependency concentration | B13: Derived from Components and Relationships (this map); supplier from the controlled AIG-INV-04 extract | C13: Proposed — for Council confirmation. Portfolio view only: counts distinct AIR-IDs per component and per supplier and flags shares at or above the Council's threshold. Grants no approval, sets no appetite and does not change AIG-INV-04. | D13: Council sets the threshold for concern; agree supplier naming and extract cut-off

Sheet Document Control
A1: AIG-INV-05 — Document Control
A2: Controlled working template. Draft for Council review; not Council-adopted and not effective until formally approved.
A4: Field | B4: Controlled value
A5: Document ID | B5: AIG-INV-05
A6: Artefact | B6: Capabilities and System Map (proposed)
A7: Version | B7: 0.3 proposed design draft
A8: Status | B8: Draft for Council review
A9: Document owner | B9: To be confirmed by the competent authority (proposed custodian: AI Governance Lead with authorised service/architecture data owners)
A10: Approving body | B10: Not yet confirmed. Competent delegated Council authority to be verified; AI Assurance Board provides assurance where applicable
A11: Approval date | B11: Not yet approved
A12: Effective date | B12: Not yet effective
A13: Next review date | B13: To be set on approval: 12 months after effective date or sooner following material change
A14: Classification | B14: OFFICIAL
A16: Change history
A17: Version | B17: Date | C17: Change | D17: Author / owner
A18: 0.1 proposed design draft | B18: Not recorded in source | C18: Initial proposed design (START HERE ‘v0.1’). | D18: Not recorded in source
A19: 0.2 proposed design draft | B19: 29 September 2026 | C19: QA remediation — applied findings QA-234, QA-251, QA-269, QA-270, QA-271, QA-291, QA-293 (see QA change log). | D19: AI Governance Lead
A20: 0.3 proposed design draft | B20: 30 September 2026 | C20: v3.9: added the Dependency concentration sheet (Proposed — for Council confirmation): components and suppliers relied on by mapped AIR-IDs, share of mapped AIR-IDs, Council-set threshold flag (blank by default) and notes; feeds AIG-AIMS-10 M-16. START HERE and ID and source rules updated. Follow-up: component method note clarifies that a duplicated link fails the link check and is excluded until resolved. | D20: AI Governance Lead
